date,nav,scheme_code
2009-05-05,10,SM001005
2009-05-06,10,SM001005
2009-05-07,10,SM001005
2009-05-08,10,SM001005
2009-05-11,10,SM001005
2009-05-12,10,SM001005
2009-05-13,10,SM001005
2009-05-14,10,SM001005
2009-05-15,10,SM001005
2009-05-16,10,SM001005
2009-05-18,10,SM001005
2009-05-19,10,SM001005
2009-05-20,10,SM001005
2009-05-21,10,SM001005
2009-05-22,10,SM001005
2009-05-23,10,SM001005
2009-05-25,10,SM001005
2009-05-26,10,SM001005
2009-05-27,10,SM001005
2009-05-28,10,SM001005
2009-05-29,10,SM001005
2009-05-30,10,SM001005
2009-06-01,10,SM001005
2009-06-02,10,SM001005
2009-06-03,10,SM001005
2009-06-04,10.0012,SM001005
2009-06-05,10.0042,SM001005
2009-06-06,10.0092,SM001005
2009-06-08,10.023,SM001005
2009-06-09,10.0323,SM001005
2009-06-10,10.0433,SM001005
2009-06-11,10.0561,SM001005
2009-06-12,10.0562,SM001005
2009-06-13,10.0562,SM001005
2009-06-15,10.0564,SM001005
2009-06-16,10.0565,SM001005
2009-06-17,10.0566,SM001005
2009-06-18,10.0566,SM001005
2009-06-19,10.0567,SM001005
2009-06-20,10.0567,SM001005
2009-06-22,10.0674,SM001005
2009-06-23,10.0693,SM001005
2009-06-24,10.0711,SM001005
2009-06-25,10.0729,SM001005
2009-06-26,10.0747,SM001005
2009-06-27,10.0764,SM001005
2009-06-29,10.0798,SM001005
2009-06-30,10.081,SM001005
2009-07-01,10.0822,SM001005
2009-07-02,10.0834,SM001005
2009-07-03,10.0845,SM001005
2009-07-04,10.0857,SM001005
2009-07-06,10.0879,SM001005
2009-07-07,10.0889,SM001005
2009-07-08,10.0898,SM001005
2009-07-09,10.0908,SM001005
2009-07-10,10.0917,SM001005
2009-07-11,10.0917,SM001005
2009-07-13,10.0944,SM001005
2009-07-14,10.0952,SM001005
2009-07-15,10.0959,SM001005
2009-07-16,10.0967,SM001005
2009-07-17,10.0974,SM001005
2009-07-18,10.0982,SM001005
2009-07-20,10.0996,SM001005
2009-07-21,10.1003,SM001005
2009-07-22,10.101,SM001005
2009-07-23,10.1017,SM001005
2009-07-24,10.1061,SM001005
2009-07-25,10.1067,SM001005
2009-07-27,10.108,SM001005
2009-07-28,10.1087,SM001005
2009-07-29,10.1092,SM001005
2009-07-30,10.1092,SM001005
2009-07-31,10.1098,SM001005
2009-08-01,10.1104,SM001005
2009-08-03,10.1115,SM001005
2009-08-04,10.112,SM001005
2009-08-05,10.1137,SM001005
2009-08-06,10.1154,SM001005
2009-08-07,10.1171,SM001005
2009-08-08,10.1188,SM001005
2009-08-10,10.1222,SM001005
2009-08-11,10.1236,SM001005
2009-08-12,10.1267,SM001005
2009-08-13,10.1282,SM001005
2009-08-14,10.1296,SM001005
2009-08-17,10.1337,SM001005
2009-08-18,10.1351,SM001005
2009-08-20,10.1376,SM001005
2009-08-21,10.1389,SM001005
2009-08-22,10.1401,SM001005
2009-08-24,10.1425,SM001005
2009-08-25,10.1437,SM001005
2009-08-26,10.3408,SM001005
2009-08-27,10.2784,SM001005
2009-08-28,10.2568,SM001005
2009-08-29,10.2562,SM001005
2009-08-31,10.2165,SM001005
2009-09-01,10.3479,SM001005
2009-09-02,10.2251,SM001005
2009-09-03,10.2313,SM001005
2009-09-04,10.2085,SM001005
2009-09-05,10.2079,SM001005
2009-09-07,10.2619,SM001005
2009-09-08,10.2369,SM001005
2009-09-09,10.3956,SM001005
2009-09-10,10.3535,SM001005
2009-09-11,10.3875,SM001005
2009-09-12,10.3877,SM001005
2009-09-14,10.4619,SM001005
2009-09-15,10.5163,SM001005
2009-09-16,10.5233,SM001005
2009-09-17,10.496,SM001005
2009-09-18,10.5156,SM001005
2009-09-19,10.5157,SM001005
2009-09-22,10.552,SM001005
2009-09-23,10.5673,SM001005
2009-09-24,10.5605,SM001005
2009-09-25,10.5366,SM001005
2009-09-26,10.5368,SM001005
2009-09-29,10.5231,SM001005
2009-09-30,10.5233,SM001005
2009-10-01,10.5175,SM001005
2009-10-03,10.5178,SM001005
2009-10-05,10.5379,SM001005
2009-10-06,10.5044,SM001005
2009-10-07,10.5019,SM001005
2009-10-08,10.5153,SM001005
2009-10-09,10.4768,SM001005
2009-10-10,10.4769,SM001005
2009-10-12,10.6884,SM001005
2009-10-14,10.6865,SM001005
2009-10-15,10.6955,SM001005
2009-10-16,10.6652,SM001005
2009-10-20,10.6656,SM001005
2009-10-21,10.7035,SM001005
2009-10-22,10.6842,SM001005
2009-10-23,10.6419,SM001005
2009-10-24,10.643,SM001005
2009-10-26,10.6701,SM001005
2009-10-27,10.713,SM001005
2009-10-28,10.7558,SM001005
2009-10-29,10.7599,SM001005
2009-10-30,10.7402,SM001005
2009-10-31,10.743,SM001005
2009-11-03,10.7873,SM001005
2009-11-04,10.7591,SM001005
2009-11-05,10.7515,SM001005
2009-11-06,10.7415,SM001005
2009-11-07,10.7425,SM001005
2009-11-09,10.7479,SM001005
2009-11-10,10.7491,SM001005
2009-11-11,10.7323,SM001005
2009-11-12,10.728,SM001005
2009-11-13,10.7416,SM001005
2009-11-14,10.7424,SM001005
2009-11-16,10.7497,SM001005
2009-11-17,10.7654,SM001005
2009-11-18,10.7747,SM001005
2009-11-19,10.7786,SM001005
2009-11-20,10.8138,SM001005
2009-11-21,10.8145,SM001005
2009-11-23,10.7987,SM001005
2009-11-24,10.8067,SM001005
2009-11-25,10.8153,SM001005
2009-11-26,10.8268,SM001005
2009-11-27,10.8173,SM001005
2009-11-30,10.7916,SM001005
2009-12-01,10.7601,SM001005
2009-12-02,10.7616,SM001005
2009-12-03,10.7377,SM001005
2009-12-04,10.7004,SM001005
2009-12-05,10.7018,SM001005
2009-12-07,10.7083,SM001005
2009-12-08,10.7282,SM001005
2009-12-09,10.7035,SM001005
2009-12-10,10.678,SM001005
2009-12-11,10.6682,SM001005
2009-12-12,10.7129,SM001005
2009-12-14,10.7297,SM001005
2009-12-15,10.7108,SM001005
2009-12-16,10.6688,SM001005
2009-12-17,10.6987,SM001005
2009-12-18,10.6518,SM001005
2009-12-19,10.7065,SM001005
2009-12-21,10.7091,SM001005
2009-12-22,10.7235,SM001005
2009-12-23,10.727,SM001005
2009-12-24,10.7521,SM001005
2009-12-26,10.756,SM001005
2009-12-29,10.7484,SM001005
2009-12-30,10.7662,SM001005
2009-12-31,10.7698,SM001005
2010-01-02,10.7735,SM001005
2010-01-04,10.781,SM001005
2010-01-05,10.7764,SM001005
2010-01-06,10.7637,SM001005
2010-01-07,10.7667,SM001005
2010-01-08,10.7772,SM001005
2010-01-09,10.7798,SM001005
2010-01-11,10.8159,SM001005
2010-01-12,10.7942,SM001005
2010-01-13,10.8108,SM001005
2010-01-14,10.8646,SM001005
2010-01-15,10.8418,SM001005
2010-01-16,10.844,SM001005
2010-01-18,10.8632,SM001005
2010-01-19,10.8513,SM001005
2010-01-20,10.8606,SM001005
2010-01-21,10.8959,SM001005
2010-01-22,10.8966,SM001005
2010-01-23,10.8988,SM001005
2010-01-25,10.8913,SM001005
2010-01-27,10.9067,SM001005
2010-01-28,10.9089,SM001005
2010-01-29,10.8882,SM001005
2010-01-30,10.8882,SM001005
2010-02-01,10.87,SM001005
2010-02-02,10.8409,SM001005
2010-02-03,10.8458,SM001005
2010-02-04,10.8405,SM001005
2010-02-05,10.8558,SM001005
2010-02-06,10.8578,SM001005
2010-02-08,10.8524,SM001005
2010-02-09,10.848,SM001005
2010-02-10,10.8137,SM001005
2010-02-11,10.7844,SM001005
2010-02-13,10.7885,SM001005
2010-02-15,10.7775,SM001005
2010-02-16,10.7812,SM001005
2010-02-17,10.781,SM001005
2010-02-18,10.7886,SM001005
2010-02-19,10.7821,SM001005
2010-02-20,10.7839,SM001005
2010-02-22,10.8075,SM001005
2010-02-23,10.8253,SM001005
2010-02-24,10.8465,SM001005
2010-02-25,10.838,SM001005
2010-02-26,10.8233,SM001005
2010-03-02,10.8102,SM001005
2010-03-03,10.8135,SM001005
2010-03-04,10.8155,SM001005
2010-03-05,10.8194,SM001005
2010-03-06,10.8214,SM001005
2010-03-08,10.8178,SM001005
2010-03-09,10.8645,SM001005
2010-03-10,10.8665,SM001005
2010-03-11,10.8615,SM001005
2010-03-12,10.8562,SM001005
2010-03-13,10.8585,SM001005
2010-03-15,10.875,SM001005
2010-03-17,10.9157,SM001005
2010-03-18,10.9463,SM001005
2010-03-19,10.9784,SM001005
2010-03-20,10.9807,SM001005
2010-03-22,10.9724,SM001005
2010-03-23,10.9647,SM001005
2010-03-25,10.9673,SM001005
2010-03-26,10.9879,SM001005
2010-03-29,11.0557,SM001005
2010-03-30,11.033,SM001005
2010-03-31,11.0023,SM001005
2010-04-05,11.0401,SM001005
2010-04-06,11.0492,SM001005
2010-04-07,11.0656,SM001005
2010-04-08,11.0248,SM001005
2010-04-09,10.9546,SM001005
2010-04-12,10.9464,SM001005
2010-04-13,10.9268,SM001005
2010-04-15,10.9027,SM001005
2010-04-16,10.9004,SM001005
2010-04-19,10.893,SM001005
2010-04-20,10.9603,SM001005
2010-04-21,10.9486,SM001005
2010-04-22,10.973,SM001005
2010-04-23,10.9339,SM001005
2010-04-26,10.9349,SM001005
2010-04-27,10.9321,SM001005
2010-04-28,10.9462,SM001005
2010-04-29,10.9613,SM001005
2010-04-30,11.022,SM001005
2010-05-03,11.0283,SM001005
2010-05-04,11.0691,SM001005
2010-05-05,11.074,SM001005
2010-05-06,11.0886,SM001005
2010-05-07,11.091,SM001005
2010-05-10,11.0698,SM001005
2010-05-11,11.1161,SM001005
2010-05-12,11.1304,SM001005
2010-05-13,11.1515,SM001005
2010-05-14,11.2632,SM001005
2010-05-17,11.2945,SM001005
2010-05-18,11.2877,SM001005
2010-05-19,11.3404,SM001005
2010-05-20,11.3579,SM001005
2010-05-21,11.3601,SM001005
2010-05-24,11.3542,SM001005
2010-05-25,11.3561,SM001005
2010-05-26,11.3138,SM001005
2010-05-28,11.3025,SM001005
2010-05-31,11.2964,SM001005
2010-06-01,11.3255,SM001005
2010-06-02,11.3361,SM001005
2010-06-03,11.3242,SM001005
2010-06-04,11.3337,SM001005
2010-06-07,11.342,SM001005
2010-06-08,11.3489,SM001005
2010-06-09,11.373,SM001005
2010-06-10,11.3662,SM001005
2010-06-11,11.3632,SM001005
2010-06-14,11.3434,SM001005
2010-06-15,11.3525,SM001005
2010-06-16,11.3685,SM001005
2010-06-17,11.3591,SM001005
2010-06-18,11.3822,SM001005
2010-06-21,11.4205,SM001005
2010-06-22,11.4207,SM001005
2010-06-23,11.4137,SM001005
2010-06-24,11.4239,SM001005
2010-06-25,11.4011,SM001005
2010-06-28,11.4234,SM001005
2010-06-29,11.4398,SM001005
2010-06-30,11.449,SM001005
2010-07-02,11.4454,SM001005
2010-07-05,11.4486,SM001005
2010-07-06,11.4427,SM001005
2010-07-07,11.4582,SM001005
2010-07-08,11.4514,SM001005
2010-07-09,11.4369,SM001005
2010-07-12,11.4493,SM001005
2010-07-13,11.4481,SM001005
2010-07-14,11.4467,SM001005
2010-07-15,11.4463,SM001005
2010-07-16,11.4478,SM001005
2010-07-19,11.4577,SM001005
2010-07-20,11.4448,SM001005
2010-07-21,11.4595,SM001005
2010-07-22,11.5106,SM001005
2010-07-23,11.5102,SM001005
2010-07-26,11.5232,SM001005
2010-07-27,11.4963,SM001005
2010-07-28,11.5,SM001005
2010-07-29,11.4946,SM001005
2010-07-30,11.4804,SM001005
2010-08-02,11.4484,SM001005
2010-08-03,11.4752,SM001005
2010-08-04,11.5045,SM001005
2010-08-05,11.4634,SM001005
2010-08-06,11.5119,SM001005
2010-08-09,11.5292,SM001005
2010-08-10,11.5318,SM001005
2010-08-11,11.5558,SM001005
2010-08-12,11.5456,SM001005
2010-08-13,11.5512,SM001005
2010-08-16,11.5523,SM001005
2010-08-17,11.5133,SM001005
2010-08-18,11.4754,SM001005
2010-08-20,11.4533,SM001005
2010-08-23,11.4396,SM001005
2010-08-24,11.4474,SM001005
2010-08-25,11.414,SM001005
2010-08-26,11.4434,SM001005
2010-08-27,11.4843,SM001005
2010-08-30,11.4787,SM001005
2010-08-31,11.5217,SM001005
2010-09-01,11.5242,SM001005
2010-09-02,11.4934,SM001005
2010-09-03,11.496,SM001005
2010-09-06,11.4935,SM001005
2010-09-07,11.5265,SM001005
2010-09-08,11.5373,SM001005
2010-09-09,11.5579,SM001005
2010-09-13,11.5269,SM001005
2010-09-14,11.5487,SM001005
2010-09-15,11.5523,SM001005
2010-09-16,11.5406,SM001005
2010-09-17,11.5312,SM001005
2010-09-20,11.543,SM001005
2010-09-21,11.5567,SM001005
2010-09-22,11.5756,SM001005
2010-09-23,11.6032,SM001005
2010-09-24,11.6057,SM001005
2010-09-27,11.6499,SM001005
2010-09-28,11.66,SM001005
2010-09-29,11.6675,SM001005
2010-10-01,11.633,SM001005
2010-10-04,11.6146,SM001005
2010-10-05,11.616,SM001005
2010-10-06,11.6289,SM001005
2010-10-07,11.6177,SM001005
2010-10-08,11.5926,SM001005
2010-10-11,11.5881,SM001005
2010-10-12,11.5815,SM001005
2010-10-13,11.583,SM001005
2010-10-14,11.5808,SM001005
2010-10-15,11.5495,SM001005
2010-10-18,11.5401,SM001005
2010-10-19,11.5545,SM001005
2010-10-20,11.5097,SM001005
2010-10-21,11.5309,SM001005
2010-10-22,11.5476,SM001005
2010-10-25,11.5497,SM001005
2010-10-26,11.5375,SM001005
2010-10-27,11.557,SM001005
2010-10-28,11.5629,SM001005
2010-10-29,11.5752,SM001005
2010-11-01,11.5825,SM001005
2010-11-02,11.6414,SM001005
2010-11-03,11.6902,SM001005
2010-11-04,11.6774,SM001005
2010-11-08,11.6814,SM001005
2010-11-09,11.6748,SM001005
2010-11-10,11.6542,SM001005
2010-11-11,11.647,SM001005
2010-11-12,11.6444,SM001005
2010-11-15,11.657,SM001005
2010-11-16,11.6548,SM001005
2010-11-18,11.6806,SM001005
2010-11-19,11.6829,SM001005
2010-11-22,11.6936,SM001005
2010-11-23,11.7086,SM001005
2010-11-24,11.7053,SM001005
2010-11-25,11.728,SM001005
2010-11-26,11.7437,SM001005
2010-11-29,11.7358,SM001005
2010-11-30,11.719,SM001005
2010-12-01,11.7008,SM001005
2010-12-02,11.7102,SM001005
2010-12-03,11.6302,SM001005
2010-12-06,11.6082,SM001005
2010-12-07,11.6821,SM001005
2010-12-08,11.678,SM001005
2010-12-09,11.677,SM001005
2010-12-10,11.7091,SM001005
2010-12-13,11.6997,SM001005
2010-12-14,11.7354,SM001005
2010-12-15,11.7475,SM001005
2010-12-16,11.8243,SM001005
2010-12-20,11.8217,SM001005
2010-12-21,11.8322,SM001005
2010-12-22,11.8337,SM001005
2010-12-23,11.8573,SM001005
2010-12-24,11.8796,SM001005
2010-12-27,11.8659,SM001005
2010-12-28,11.8864,SM001005
2010-12-29,11.8826,SM001005
2010-12-30,11.8679,SM001005
2010-12-31,11.8879,SM001005
2011-01-03,11.9068,SM001005
2011-01-04,11.8015,SM001005
2011-01-05,11.8123,SM001005
2011-01-06,11.7698,SM001005
2011-01-07,11.7259,SM001005
2011-01-10,11.7175,SM001005
2011-01-11,11.728,SM001005
2011-01-12,11.7493,SM001005
2011-01-13,11.7738,SM001005
2011-01-14,11.7457,SM001005
2011-01-17,11.7281,SM001005
2011-01-18,11.7553,SM001005
2011-01-19,11.7625,SM001005
2011-01-20,11.7958,SM001005
2011-01-21,11.7773,SM001005
2011-01-24,11.777,SM001005
2011-01-25,11.7981,SM001005
2011-01-27,11.8108,SM001005
2011-01-28,11.8181,SM001005
2011-01-31,11.8176,SM001005
2011-02-01,11.8119,SM001005
2011-02-02,11.8181,SM001005
2011-02-03,11.8129,SM001005
2011-02-04,11.7897,SM001005
2011-02-07,11.7908,SM001005
2011-02-08,11.811,SM001005
2011-02-09,11.8304,SM001005
2011-02-10,11.85,SM001005
2011-02-11,11.8538,SM001005
2011-02-14,11.8741,SM001005
2011-02-15,11.8808,SM001005
2011-02-17,11.9001,SM001005
2011-02-18,11.8916,SM001005
2011-02-21,11.9206,SM001005
2011-02-22,11.9312,SM001005
2011-02-23,11.9393,SM001005
2011-02-24,11.9275,SM001005
2011-02-25,11.9257,SM001005
2011-02-28,11.9807,SM001005
2011-03-01,11.9964,SM001005
2011-03-03,12.052,SM001005
2011-03-04,12.1968,SM001005
2011-03-07,12.1962,SM001005
2011-03-08,12.2375,SM001005
2011-03-09,12.2451,SM001005
2011-03-10,12.2611,SM001005
2011-03-11,12.2758,SM001005
2011-03-14,12.3005,SM001005
2011-03-15,12.3061,SM001005
2011-03-16,12.3086,SM001005
2011-03-17,12.3002,SM001005
2011-03-18,12.2971,SM001005
2011-03-21,12.2935,SM001005
2011-03-22,12.2982,SM001005
2011-03-23,12.3205,SM001005
2011-03-24,12.3298,SM001005
2011-03-25,12.3407,SM001005
2011-03-28,12.3531,SM001005
2011-03-29,12.3566,SM001005
2011-03-30,12.3414,SM001005
2011-03-31,12.3501,SM001005
2011-04-05,12.351,SM001005
2011-04-06,12.3491,SM001005
2011-04-07,12.3498,SM001005
2011-04-08,12.3057,SM001005
2011-04-11,12.2881,SM001005
2011-04-13,12.2765,SM001005
2011-04-15,12.2791,SM001005
2011-04-18,12.2668,SM001005
2011-04-19,12.2659,SM001005
2011-04-20,12.2523,SM001005
2011-04-21,12.2511,SM001005
2011-04-25,12.2469,SM001005
2011-04-26,12.2621,SM001005
2011-04-27,12.273,SM001005
2011-04-28,12.2748,SM001005
2011-04-29,12.265,SM001005
2011-05-02,12.2674,SM001005
2011-05-03,12.1914,SM001005
2011-05-04,12.16,SM001005
2011-05-05,12.1605,SM001005
2011-05-06,12.1803,SM001005
2011-05-09,12.172,SM001005
2011-05-10,12.1452,SM001005
2011-05-11,12.1362,SM001005
2011-05-12,12.1593,SM001005
2011-05-13,12.1446,SM001005
2011-05-16,12.1586,SM001005
2011-05-18,12.1544,SM001005
2011-05-19,12.1505,SM001005
2011-05-20,12.1471,SM001005
2011-05-23,12.1601,SM001005
2011-05-24,12.1562,SM001005
2011-05-25,12.1587,SM001005
2011-05-26,12.1488,SM001005
2011-05-27,12.1245,SM001005
2011-05-30,12.1487,SM001005
2011-05-31,12.1691,SM001005
2011-06-01,12.2031,SM001005
2011-06-02,12.2218,SM001005
2011-06-03,12.2406,SM001005
2011-06-06,12.2573,SM001005
2011-06-07,12.2636,SM001005
2011-06-08,12.2721,SM001005
2011-06-09,12.2697,SM001005
2011-06-10,12.287,SM001005
2011-06-13,12.2958,SM001005
2011-06-14,12.2639,SM001005
2011-06-15,12.2338,SM001005
2011-06-16,12.2709,SM001005
2011-06-17,12.2913,SM001005
2011-06-20,12.3385,SM001005
2011-06-21,12.3307,SM001005
2011-06-22,12.3267,SM001005
2011-06-23,12.3455,SM001005
2011-06-24,12.3514,SM001005
2011-06-27,12.36,SM001005
2011-06-28,12.3492,SM001005
2011-06-29,12.3454,SM001005
2011-06-30,12.3417,SM001005
2011-07-04,12.2852,SM001005
2011-07-05,12.2946,SM001005
2011-07-06,12.2912,SM001005
2011-07-07,12.285,SM001005
2011-07-08,12.2965,SM001005
2011-07-11,12.3238,SM001005
2011-07-12,12.3534,SM001005
2011-07-13,12.3436,SM001005
2011-07-14,12.37,SM001005
2011-07-15,12.3821,SM001005
2011-07-18,12.4004,SM001005
2011-07-19,12.4071,SM001005
2011-07-20,12.397,SM001005
2011-07-21,12.4098,SM001005
2011-07-22,12.385,SM001005
2011-07-25,12.3959,SM001005
2011-07-26,12.3178,SM001005
2011-07-27,12.3076,SM001005
2011-07-28,12.3046,SM001005
2011-07-29,12.2952,SM001005
2011-08-01,12.3024,SM001005
2011-08-02,12.3139,SM001005
2011-08-03,12.3221,SM001005
2011-08-04,12.325,SM001005
2011-08-08,12.4574,SM001005
2011-08-09,12.4971,SM001005
2011-08-10,12.5128,SM001005
2011-08-11,12.513,SM001005
2011-08-12,12.4765,SM001005
2011-08-16,12.4951,SM001005
2011-08-17,12.4924,SM001005
2011-08-18,12.51,SM001005
2011-08-22,12.5213,SM001005
2011-08-23,12.5164,SM001005
2011-08-24,12.5362,SM001005
2011-08-25,12.5269,SM001005
2011-08-26,12.5081,SM001005
2011-08-29,12.5119,SM001005
2011-08-30,12.5063,SM001005
2011-09-02,12.4619,SM001005
2011-09-05,12.5049,SM001005
2011-09-06,12.4938,SM001005
2011-09-07,12.4999,SM001005
2011-09-08,12.5149,SM001005
2011-09-09,12.5115,SM001005
2011-09-12,12.5325,SM001005
2011-09-13,12.5236,SM001005
2011-09-14,12.5111,SM001005
2011-09-15,12.521,SM001005
2011-09-16,12.5188,SM001005
2011-09-19,12.5399,SM001005
2011-09-20,12.5448,SM001005
2011-09-21,12.5531,SM001005
2011-09-22,12.5714,SM001005
2011-09-23,12.5837,SM001005
2011-09-26,12.5986,SM001005
2011-09-27,12.5982,SM001005
2011-09-28,12.5939,SM001005
2011-09-29,12.502,SM001005
2011-10-03,12.4599,SM001005
2011-10-04,12.4399,SM001005
2011-10-05,12.3988,SM001005
2011-10-07,12.2751,SM001005
2011-10-10,12.2612,SM001005
2011-10-11,12.2978,SM001005
2011-10-12,12.2997,SM001005
2011-10-13,12.2893,SM001005
2011-10-14,12.2647,SM001005
2011-10-17,12.2794,SM001005
2011-10-18,12.2886,SM001005
2011-10-19,12.3002,SM001005
2011-10-20,12.2963,SM001005
2011-10-21,12.2848,SM001005
2011-10-24,12.282,SM001005
2011-10-25,12.3348,SM001005
2011-10-28,12.2795,SM001005
2011-10-31,12.2815,SM001005
2011-11-01,12.2741,SM001005
2011-11-02,12.2952,SM001005
2011-11-03,12.2945,SM001005
2011-11-04,12.2704,SM001005
2011-11-08,12.2284,SM001005
2011-11-09,12.1605,SM001005
2011-11-11,12.0873,SM001005
2011-11-14,12.0966,SM001005
2011-11-15,12.1465,SM001005
2011-11-16,12.1468,SM001005
2011-11-17,12.2443,SM001005
2011-11-18,12.2295,SM001005
2011-11-21,12.2497,SM001005
2011-11-22,12.2239,SM001005
2011-11-23,12.2352,SM001005
2011-11-24,12.2459,SM001005
2011-11-25,12.1945,SM001005
2011-11-28,12.2029,SM001005
2011-11-29,12.2082,SM001005
2011-11-30,12.3112,SM001005
2011-12-01,12.4158,SM001005
2011-12-02,12.4766,SM001005
2011-12-05,12.5404,SM001005
2011-12-07,12.5781,SM001005
2011-12-08,12.6134,SM001005
2011-12-09,12.6184,SM001005
2011-12-12,12.6785,SM001005
2011-12-13,12.7111,SM001005
2011-12-14,12.6615,SM001005
2011-12-15,12.6636,SM001005
2011-12-16,12.7736,SM001005
2011-12-19,12.8293,SM001005
2011-12-20,12.8603,SM001005
2011-12-21,12.838,SM001005
2011-12-22,12.8394,SM001005
2011-12-23,12.7931,SM001005
2011-12-26,12.7629,SM001005
2011-12-27,12.7284,SM001005
2011-12-28,12.7424,SM001005
2011-12-29,12.7328,SM001005
2011-12-30,12.7055,SM001005
2012-01-02,12.8032,SM001005
2012-01-03,12.8868,SM001005
2012-01-04,12.8755,SM001005
2012-01-05,12.9099,SM001005
2012-01-06,12.9891,SM001005
2012-01-09,13.0279,SM001005
2012-01-10,13.0264,SM001005
2012-01-11,13.019,SM001005
2012-01-12,13.0088,SM001005
2012-01-13,13.0492,SM001005
2012-01-16,13.037,SM001005
2012-01-17,13.0653,SM001005
2012-01-18,13.0791,SM001005
2012-01-19,13.0927,SM001005
2012-01-20,13.1002,SM001005
2012-01-23,13.1055,SM001005
2012-01-24,13.0109,SM001005
2012-01-25,12.9934,SM001005
2012-01-27,12.9793,SM001005
2012-01-30,13.0142,SM001005
2012-01-31,13.0351,SM001005
2012-02-01,13.1382,SM001005
2012-02-02,13.1516,SM001005
2012-02-03,13.122,SM001005
2012-02-06,13.1123,SM001005
2012-02-07,13.1217,SM001005
2012-02-08,13.099,SM001005
2012-02-09,13.0868,SM001005
2012-02-10,13.1359,SM001005
2012-02-13,13.1242,SM001005
2012-02-14,13.1327,SM001005
2012-02-15,13.1333,SM001005
2012-02-17,13.1404,SM001005
2012-02-21,13.1418,SM001005
2012-02-22,13.1208,SM001005
2012-02-23,13.1313,SM001005
2012-02-24,13.1344,SM001005
2012-02-27,13.1366,SM001005
2012-02-28,13.1441,SM001005
2012-02-29,13.1457,SM001005
2012-03-01,13.1418,SM001005
2012-03-02,13.145,SM001005
2012-03-05,13.153,SM001005
2012-03-06,13.1571,SM001005
2012-03-07,13.1551,SM001005
2012-03-09,13.1337,SM001005
2012-03-12,13.1543,SM001005
2012-03-13,13.1439,SM001005
2012-03-14,13.1693,SM001005
2012-03-15,13.1363,SM001005
2012-03-16,13.0889,SM001005
2012-03-19,13.1028,SM001005
2012-03-20,13.1098,SM001005
2012-03-21,13.123,SM001005
2012-03-22,13.1403,SM001005
2012-03-26,13.118,SM001005
2012-03-27,13.0975,SM001005
2012-03-28,13.0402,SM001005
2012-03-29,13.0306,SM001005
2012-03-30,13.025,SM001005
2012-04-03,12.8581,SM001005
2012-04-04,12.8773,SM001005
2012-04-09,12.9417,SM001005
2012-04-10,12.9837,SM001005
2012-04-11,13.008,SM001005
2012-04-12,13.0865,SM001005
2012-04-13,13.077,SM001005
2012-04-16,13.0988,SM001005
2012-04-17,13.176,SM001005
2012-04-18,13.1887,SM001005
2012-04-19,13.1607,SM001005
2012-04-20,13.085,SM001005
2012-04-23,13.0912,SM001005
2012-04-24,13.0953,SM001005
2012-04-25,13.0646,SM001005
2012-04-26,13.0672,SM001005
2012-04-27,13.0375,SM001005
2012-04-30,13.0358,SM001005
2012-05-02,13.043,SM001005
2012-05-03,13.0517,SM001005
2012-05-04,13.0299,SM001005
2012-05-07,13.0548,SM001005
2012-05-08,13.1144,SM001005
2012-05-09,13.1046,SM001005
2012-05-10,13.0948,SM001005
2012-05-11,13.0914,SM001005
2012-05-14,13.1213,SM001005
2012-05-15,13.1393,SM001005
2012-05-16,13.1434,SM001005
2012-05-17,13.1527,SM001005
2012-05-18,13.1641,SM001005
2012-05-21,13.1695,SM001005
2012-05-22,13.1816,SM001005
2012-05-23,13.193,SM001005
2012-05-24,13.2034,SM001005
2012-05-25,13.2005,SM001005
2012-05-28,13.2224,SM001005
2012-05-29,13.2199,SM001005
2012-05-30,13.2441,SM001005
2012-05-31,13.338,SM001005
2012-06-01,13.3565,SM001005
2012-06-04,13.4071,SM001005
2012-06-05,13.447,SM001005
2012-06-06,13.4455,SM001005
2012-06-07,13.4666,SM001005
2012-06-08,13.46,SM001005
2012-06-11,13.4752,SM001005
2012-06-12,13.529,SM001005
2012-06-13,13.534,SM001005
2012-06-14,13.5093,SM001005
2012-06-15,13.4991,SM001005
2012-06-18,13.4308,SM001005
2012-06-19,13.4398,SM001005
2012-06-20,13.4393,SM001005
2012-06-21,13.4932,SM001005
2012-06-22,13.5067,SM001005
2012-06-25,13.5196,SM001005
2012-06-26,13.5263,SM001005
2012-06-27,13.5182,SM001005
2012-06-28,13.5181,SM001005
2012-06-29,13.5035,SM001005
2012-07-02,13.4942,SM001005
2012-07-03,13.5152,SM001005
2012-07-04,13.5432,SM001005
2012-07-05,13.5324,SM001005
2012-07-06,13.5484,SM001005
2012-07-09,13.5716,SM001005
2012-07-10,13.5713,SM001005
2012-07-11,13.5865,SM001005
2012-07-12,13.6086,SM001005
2012-07-13,13.6095,SM001005
2012-07-16,13.6586,SM001005
2012-07-17,13.6503,SM001005
2012-07-18,13.6667,SM001005
2012-07-19,13.6644,SM001005
2012-07-20,13.6747,SM001005
2012-07-23,13.7094,SM001005
2012-07-24,13.6992,SM001005
2012-07-25,13.6824,SM001005
2012-07-26,13.6881,SM001005
2012-07-27,13.6892,SM001005
2012-07-30,13.6803,SM001005
2012-07-31,13.6006,SM001005
2012-08-01,13.6048,SM001005
2012-08-02,13.6161,SM001005
2012-08-03,13.6132,SM001005
2012-08-06,13.6332,SM001005
2012-08-07,13.6722,SM001005
2012-08-08,13.6834,SM001005
2012-08-09,13.6813,SM001005
2012-08-10,13.6719,SM001005
2012-08-13,13.6632,SM001005
2012-08-14,13.6644,SM001005
2012-08-16,13.6514,SM001005
2012-08-17,13.6628,SM001005
2012-08-21,13.6704,SM001005
2012-08-24,13.6919,SM001005
2012-08-27,13.7142,SM001005
2012-08-28,13.7253,SM001005
2012-08-29,13.7262,SM001005
2012-08-30,13.7206,SM001005
2012-08-31,13.7059,SM001005
2012-09-03,13.7265,SM001005
2012-09-04,13.7332,SM001005
2012-09-05,13.7532,SM001005
2012-09-06,13.7688,SM001005
2012-09-07,13.752,SM001005
2012-09-10,13.7726,SM001005
2012-09-11,13.7786,SM001005
2012-09-12,13.7664,SM001005
2012-09-13,13.7882,SM001005
2012-09-14,13.7904,SM001005
2012-09-17,13.8004,SM001005
2012-09-18,13.8185,SM001005
2012-09-20,13.832,SM001005
2012-09-21,13.8271,SM001005
2012-09-24,13.845,SM001005
2012-09-25,13.8325,SM001005
2012-09-26,13.8328,SM001005
2012-09-27,13.8442,SM001005
2012-09-28,13.908,SM001005
2012-10-01,13.9351,SM001005
2012-10-03,13.9597,SM001005
2012-10-04,13.9724,SM001005
2012-10-05,13.9648,SM001005
2012-10-08,13.9868,SM001005
2012-10-09,13.9967,SM001005
2012-10-10,13.9895,SM001005
2012-10-11,13.9874,SM001005
2012-10-12,13.9988,SM001005
2012-10-15,14.0153,SM001005
2012-10-16,14.0429,SM001005
2012-10-17,14.0627,SM001005
2012-10-18,14.089,SM001005
2012-10-19,14.1047,SM001005
2012-10-22,14.1063,SM001005
2012-10-23,14.1029,SM001005
2012-10-25,14.1183,SM001005
2012-10-29,14.1222,SM001005
2012-10-30,14.0921,SM001005
2012-10-31,14.0552,SM001005
2012-11-01,14.0658,SM001005
2012-11-02,14.068,SM001005
2012-11-03,14.0712,SM001005
2012-11-04,14.0712,SM001005
2012-11-05,14.0807,SM001005
2012-11-06,14.1006,SM001005
2012-11-07,14.1029,SM001005
2012-11-08,14.1075,SM001005
2012-11-09,14.0989,SM001005
2012-11-12,14.1088,SM001005
2012-11-15,14.1305,SM001005
2012-11-16,14.1335,SM001005
2012-11-19,14.1515,SM001005
2012-11-20,14.1497,SM001005
2012-11-21,14.1471,SM001005
2012-11-22,14.1334,SM001005
2012-11-23,14.1077,SM001005
2012-11-26,14.122,SM001005
2012-11-27,14.1348,SM001005
2012-11-29,14.1301,SM001005
2012-11-30,14.1665,SM001005
2012-12-03,14.1795,SM001005
2012-12-04,14.1903,SM001005
2012-12-05,14.2129,SM001005
2012-12-06,14.217,SM001005
2012-12-07,14.234,SM001005
2012-12-10,14.2436,SM001005
2012-12-11,14.2453,SM001005
2012-12-12,14.243,SM001005
2012-12-13,14.2617,SM001005
2012-12-14,14.2754,SM001005
2012-12-17,14.2864,SM001005
2012-12-18,14.2808,SM001005
2012-12-19,14.2806,SM001005
2012-12-20,14.2854,SM001005
2012-12-21,14.2937,SM001005
2012-12-24,14.3084,SM001005
2012-12-26,14.3268,SM001005
2012-12-27,14.3435,SM001005
2012-12-28,14.3613,SM001005
2012-12-31,14.41,SM001005
2013-01-01,14.4939,SM001005
2013-01-02,14.5045,SM001005
2013-01-03,14.5448,SM001005
2013-01-04,14.5734,SM001005
2013-01-07,14.6223,SM001005
2013-01-08,14.6325,SM001005
2013-01-09,14.6429,SM001005
2013-01-10,14.6773,SM001005
2013-01-11,14.7064,SM001005
2013-01-14,14.7963,SM001005
2013-01-15,14.7867,SM001005
2013-01-16,14.7231,SM001005
2013-01-17,14.7413,SM001005
2013-01-18,14.7347,SM001005
2013-01-21,14.7319,SM001005
2013-01-22,14.7263,SM001005
2013-01-23,14.7077,SM001005
2013-01-24,14.7035,SM001005
2013-01-28,14.7339,SM001005
2013-01-29,14.7432,SM001005
2013-01-30,14.7098,SM001005
2013-01-31,14.6928,SM001005
2013-02-01,14.6971,SM001005
2013-02-04,14.6785,SM001005
2013-02-05,14.6802,SM001005
2013-02-06,14.6984,SM001005
2013-02-07,14.7369,SM001005
2013-02-08,14.7717,SM001005
2013-02-11,14.7703,SM001005
2013-02-12,14.7595,SM001005
2013-02-13,14.7881,SM001005
2013-02-14,14.8085,SM001005
2013-02-15,14.8096,SM001005
2013-02-18,14.8153,SM001005
2013-02-22,14.8472,SM001005
2013-02-25,14.8569,SM001005
2013-02-26,14.839,SM001005
2013-02-27,14.8439,SM001005
2013-02-28,14.7887,SM001005
2013-03-01,14.764,SM001005
2013-03-04,14.7847,SM001005
2013-03-05,14.7947,SM001005
2013-03-06,14.8091,SM001005
2013-03-07,14.8147,SM001005
2013-03-08,14.8292,SM001005
2013-03-11,14.8325,SM001005
2013-03-12,14.8101,SM001005
2013-03-13,14.803,SM001005
2013-03-14,14.8313,SM001005
2013-03-15,14.8307,SM001005
2013-03-18,14.8153,SM001005
2013-03-19,14.7931,SM001005
2013-03-20,14.7671,SM001005
2013-03-21,14.7716,SM001005
2013-03-22,14.7509,SM001005
2013-03-25,14.7568,SM001005
2013-03-26,14.7483,SM001005
2013-03-28,14.7775,SM001005
2013-03-30,14.7806,SM001005
2013-03-31,14.7838,SM001005
2013-04-02,14.7717,SM001005
2013-04-03,14.8013,SM001005
2013-04-04,14.806,SM001005
2013-04-05,14.827,SM001005
2013-04-08,14.8593,SM001005
2013-04-09,14.8938,SM001005
2013-04-10,14.9044,SM001005
2013-04-12,14.9347,SM001005
2013-04-15,14.9971,SM001005
2013-04-16,15.0343,SM001005
2013-04-17,15.0748,SM001005
2013-04-18,15.1297,SM001005
2013-04-22,15.179,SM001005
2013-04-23,15.2048,SM001005
2013-04-25,15.1809,SM001005
2013-04-26,15.2022,SM001005
2013-04-29,15.1968,SM001005
2013-04-30,15.2196,SM001005
2013-05-02,15.2423,SM001005
2013-05-03,15.2365,SM001005
2013-05-06,15.2428,SM001005
2013-05-07,15.273,SM001005
2013-05-08,15.3399,SM001005
2013-05-09,15.4751,SM001005
2013-05-10,15.5235,SM001005
2013-05-13,15.5376,SM001005
2013-05-14,15.659,SM001005
2013-05-15,15.722,SM001005
2013-05-16,15.8106,SM001005
2013-05-17,15.8512,SM001005
2013-05-20,15.8963,SM001005
2013-05-21,15.9141,SM001005
2013-05-22,15.9039,SM001005
2013-05-23,15.9085,SM001005
2013-05-24,15.9516,SM001005
2013-05-27,15.9615,SM001005
2013-05-28,15.961,SM001005
2013-05-29,15.9211,SM001005
2013-05-30,15.9024,SM001005
2013-05-31,15.8563,SM001005
2013-06-03,15.8595,SM001005
2013-06-04,15.9255,SM001005
2013-06-05,15.9101,SM001005
2013-06-06,15.9187,SM001005
2013-06-07,15.8935,SM001005
2013-06-10,15.8263,SM001005
2013-06-11,15.7567,SM001005
2013-06-12,15.7504,SM001005
2013-06-13,15.7163,SM001005
2013-06-14,15.7381,SM001005
2013-06-17,15.8369,SM001005
2013-06-18,15.816,SM001005
2013-06-19,15.8123,SM001005
2013-06-20,15.6207,SM001005
2013-06-21,15.6257,SM001005
2013-06-24,15.5477,SM001005
2013-06-25,15.5325,SM001005
2013-06-26,15.441,SM001005
2013-06-27,15.4363,SM001005
2013-06-28,15.552,SM001005
2013-07-01,15.5457,SM001005
2013-07-02,15.5135,SM001005
2013-07-03,15.4558,SM001005
2013-07-04,15.5541,SM001005
2013-07-05,15.4946,SM001005
2013-07-08,15.4278,SM001005
2013-07-09,15.456,SM001005
2013-07-10,15.4758,SM001005
2013-07-11,15.5331,SM001005
2013-07-12,15.4549,SM001005
2013-07-15,15.4346,SM001005
2013-07-16,14.8084,SM001005
2013-07-17,14.7947,SM001005
2013-07-18,14.8699,SM001005
2013-07-19,14.8186,SM001005
2013-07-22,14.7108,SM001005
2013-07-23,14.6604,SM001005
2013-07-24,14.4757,SM001005
2013-07-25,14.576,SM001005
2013-07-26,14.6401,SM001005
2013-07-29,14.6424,SM001005
2013-07-30,14.51,SM001005
2013-07-31,14.4633,SM001005
2013-08-01,14.5755,SM001005
2013-08-02,14.4165,SM001005
2013-08-05,14.52,SM001005
2013-08-06,14.4474,SM001005
2013-08-07,14.483,SM001005
2013-08-08,14.4943,SM001005
2013-08-12,14.3558,SM001005
2013-08-13,14.181,SM001005
2013-08-14,14.075,SM001005
2013-08-16,13.8031,SM001005
2013-08-19,13.5369,SM001005
2013-08-20,13.7606,SM001005
2013-08-21,14.2687,SM001005
2013-08-22,14.3589,SM001005
2013-08-23,14.2988,SM001005
2013-08-26,14.2885,SM001005
2013-08-27,14.0258,SM001005
2013-08-28,13.8355,SM001005
2013-08-29,13.9366,SM001005
2013-08-30,13.9306,SM001005
2013-09-02,14.086,SM001005
2013-09-03,14.0681,SM001005
2013-09-04,14.1763,SM001005
2013-09-05,14.2151,SM001005
2013-09-06,14.1414,SM001005
2013-09-10,14.2066,SM001005
2013-09-11,14.2193,SM001005
2013-09-12,14.1671,SM001005
2013-09-13,14.1702,SM001005
2013-09-16,14.2045,SM001005
2013-09-17,14.3052,SM001005
2013-09-18,14.3558,SM001005
2013-09-19,14.6343,SM001005
2013-09-20,14.2762,SM001005
2013-09-23,13.9929,SM001005
2013-09-24,13.9893,SM001005
2013-09-25,13.9908,SM001005
2013-09-26,14.055,SM001005
2013-09-27,14.0571,SM001005
2013-09-30,14.0449,SM001005
2013-10-01,14.0833,SM001005
2013-10-03,14.1594,SM001005
2013-10-04,14.2026,SM001005
2013-10-07,14.2005,SM001005
2013-10-08,14.4184,SM001005
2013-10-09,14.4677,SM001005
2013-10-10,14.489,SM001005
2013-10-11,14.4402,SM001005
2013-10-14,14.3642,SM001005
2013-10-15,14.2718,SM001005
2013-10-17,14.3513,SM001005
2013-10-18,14.3931,SM001005
2013-10-21,14.3513,SM001005
2013-10-22,14.3493,SM001005
2013-10-23,14.3381,SM001005
2013-10-24,14.3654,SM001005
2013-10-25,14.368,SM001005
2013-10-28,14.3322,SM001005
2013-10-29,14.4028,SM001005
2013-10-30,14.4348,SM001005
2013-10-31,14.4126,SM001005
2013-11-01,14.3892,SM001005
2013-11-05,14.381,SM001005
2013-11-06,14.3342,SM001005
2013-11-07,14.2864,SM001005
2013-11-08,14.1665,SM001005
2013-11-11,14.1867,SM001005
2013-11-12,14.117,SM001005
2013-11-13,14.2354,SM001005
2013-11-14,14.1865,SM001005
2013-11-18,14.2705,SM001005
2013-11-19,14.3514,SM001005
2013-11-20,14.3358,SM001005
2013-11-21,14.3025,SM001005
2013-11-22,14.2906,SM001005
2013-11-25,14.3061,SM001005
2013-11-26,14.3371,SM001005
2013-11-27,14.3855,SM001005
2013-11-28,14.3865,SM001005
2013-11-29,14.3594,SM001005
2013-12-02,14.3773,SM001005
2013-12-03,14.363,SM001005
2013-12-04,14.352,SM001005
2013-12-05,14.3301,SM001005
2013-12-06,14.2859,SM001005
2013-12-09,14.239,SM001005
2013-12-10,14.2591,SM001005
2013-12-11,14.2465,SM001005
2013-12-12,14.24,SM001005
2013-12-13,14.1794,SM001005
2013-12-16,14.2147,SM001005
2013-12-17,14.1914,SM001005
2013-12-18,14.2974,SM001005
2013-12-19,14.3755,SM001005
2013-12-20,14.3535,SM001005
2013-12-23,14.3466,SM001005
2013-12-24,14.327,SM001005
2013-12-26,14.3202,SM001005
2013-12-27,14.2926,SM001005
2013-12-30,14.3499,SM001005
2013-12-31,14.3967,SM001005
2014-01-01,14.3877,SM001005
2014-01-02,14.3914,SM001005
2014-01-03,14.393,SM001005
2014-01-06,14.4517,SM001005
2014-01-07,14.4555,SM001005
2014-01-08,14.4558,SM001005
2014-01-09,14.4872,SM001005
2014-01-10,14.5273,SM001005
2014-01-13,14.5974,SM001005
2014-01-15,14.7006,SM001005
2014-01-16,14.7475,SM001005
2014-01-17,14.7358,SM001005
2014-01-20,14.8234,SM001005
2014-01-21,14.7999,SM001005
2014-01-22,14.7657,SM001005
2014-01-23,14.75,SM001005
2014-01-24,14.6686,SM001005
2014-01-27,14.6362,SM001005
2014-01-28,14.6165,SM001005
2014-01-29,14.5794,SM001005
2014-01-30,14.52,SM001005
2014-01-31,14.5214,SM001005
2014-02-03,14.5589,SM001005
2014-02-04,14.6292,SM001005
2014-02-05,14.6178,SM001005
2014-02-06,14.624,SM001005
2014-02-07,14.6122,SM001005
2014-02-10,14.6474,SM001005
2014-02-11,14.594,SM001005
2014-02-12,14.5251,SM001005
2014-02-13,14.4901,SM001005
2014-02-14,14.5206,SM001005
2014-02-17,14.5332,SM001005
2014-02-18,14.5514,SM001005
2014-02-20,14.5573,SM001005
2014-02-21,14.5697,SM001005
2014-02-24,14.5094,SM001005
2014-02-25,14.5067,SM001005
2014-02-26,14.4961,SM001005
2014-02-28,14.5504,SM001005
2014-03-03,14.5437,SM001005
2014-03-04,14.5731,SM001005
2014-03-05,14.5839,SM001005
2014-03-06,14.6212,SM001005
2014-03-07,14.6193,SM001005
2014-03-10,14.6471,SM001005
2014-03-11,14.7043,SM001005
2014-03-12,14.7042,SM001005
2014-03-13,14.7071,SM001005
2014-03-14,14.6935,SM001005
2014-03-18,14.7215,SM001005
2014-03-19,14.7446,SM001005
2014-03-20,14.7429,SM001005
2014-03-21,14.7677,SM001005
2014-03-24,14.7941,SM001005
2014-03-25,14.7942,SM001005
2014-03-26,14.807,SM001005
2014-03-27,14.806,SM001005
2014-03-28,14.8122,SM001005
2014-04-02,14.6818,SM001005
2014-04-03,14.6316,SM001005
2014-04-04,14.5645,SM001005
2014-04-07,14.5646,SM001005
2014-04-09,14.5958,SM001005
2014-04-10,14.6212,SM001005
2014-04-11,14.671,SM001005
2014-04-15,14.7015,SM001005
2014-04-16,14.7144,SM001005
2014-04-17,14.8024,SM001005
2014-04-21,14.8637,SM001005
2014-04-22,14.9077,SM001005
2014-04-23,14.9009,SM001005
2014-04-25,14.8916,SM001005
2014-04-28,14.9127,SM001005
2014-04-29,14.9429,SM001005
2014-04-30,14.9558,SM001005
2014-05-02,14.9865,SM001005
2014-05-05,15.0536,SM001005
2014-05-06,15.0422,SM001005
2014-05-07,15.0306,SM001005
2014-05-08,15.0482,SM001005
2014-05-09,15.0703,SM001005
2014-05-12,15.0926,SM001005
2014-05-13,15.0667,SM001005
2014-05-15,15.0849,SM001005
2014-05-16,15.0776,SM001005
2014-05-19,15.0947,SM001005
2014-05-20,15.1156,SM001005
2014-05-21,15.168,SM001005
2014-05-22,15.2125,SM001005
2014-05-23,15.2916,SM001005
2014-05-26,15.2656,SM001005
2014-05-27,15.2969,SM001005
2014-05-28,15.3081,SM001005
2014-05-29,15.3406,SM001005
2014-05-30,15.403,SM001005
2014-06-02,15.4245,SM001005
2014-06-03,15.4995,SM001005
2014-06-04,15.545,SM001005
2014-06-05,15.6347,SM001005
2014-06-06,15.6942,SM001005
2014-06-09,15.6768,SM001005
2014-06-10,15.6653,SM001005
2014-06-11,15.68,SM001005
2014-06-12,15.6679,SM001005
2014-06-13,15.6281,SM001005
2014-06-16,15.6071,SM001005
2014-06-17,15.6355,SM001005
2014-06-18,15.5849,SM001005
2014-06-19,15.5573,SM001005
2014-06-20,15.5174,SM001005
2014-06-23,15.4821,SM001005
2014-06-24,15.5354,SM001005
2014-06-25,15.5303,SM001005
2014-06-26,15.5159,SM001005
2014-06-27,15.497,SM001005
2014-06-30,15.5078,SM001005
2014-07-01,15.5203,SM001005
2014-07-02,15.5881,SM001005
2014-07-03,15.6027,SM001005
2014-07-04,15.6163,SM001005
2014-07-07,15.6041,SM001005
2014-07-08,15.5794,SM001005
2014-07-09,15.5744,SM001005
2014-07-10,15.5584,SM001005
2014-07-11,15.542,SM001005
2014-07-14,15.5242,SM001005
2014-07-15,15.5811,SM001005
2014-07-16,15.5932,SM001005
2014-07-17,15.6196,SM001005
2014-07-18,15.6004,SM001005
2014-07-21,15.6569,SM001005
2014-07-22,15.6895,SM001005
2014-07-23,15.7155,SM001005
2014-07-24,15.7286,SM001005
2014-07-25,15.7325,SM001005
2014-07-28,15.6739,SM001005
2014-07-30,15.6508,SM001005
2014-07-31,15.6663,SM001005
2014-08-01,15.6466,SM001005
2014-08-04,15.6536,SM001005
2014-08-05,15.5361,SM001005
2014-08-06,15.489,SM001005
2014-08-07,15.4985,SM001005
2014-08-08,15.4952,SM001005
2014-08-11,15.5342,SM001005
2014-08-12,15.5247,SM001005
2014-08-13,15.5768,SM001005
2014-08-14,15.6343,SM001005
2014-08-19,15.6529,SM001005
2014-08-20,15.7231,SM001005
2014-08-21,15.7236,SM001005
2014-08-22,15.7257,SM001005
2014-08-25,15.7006,SM001005
2014-08-26,15.7011,SM001005
2014-08-27,15.7178,SM001005
2014-08-28,15.716,SM001005
2014-09-01,15.7285,SM001005
2014-09-02,15.7439,SM001005
2014-09-03,15.7571,SM001005
2014-09-04,15.752,SM001005
2014-09-05,15.7676,SM001005
2014-09-08,15.7956,SM001005
2014-09-09,15.7897,SM001005
2014-09-10,15.7703,SM001005
2014-09-11,15.8009,SM001005
2014-09-12,15.8161,SM001005
2014-09-15,15.837,SM001005
2014-09-16,15.848,SM001005
2014-09-17,15.8593,SM001005
2014-09-18,15.9259,SM001005
2014-09-19,15.932,SM001005
2014-09-22,15.9612,SM001005
2014-09-23,15.9405,SM001005
2014-09-24,15.9401,SM001005
2014-09-25,15.9338,SM001005
2014-09-26,15.9743,SM001005
2014-09-29,15.9443,SM001005
2014-09-30,15.9269,SM001005
2014-10-01,15.9596,SM001005
2014-10-07,16.0097,SM001005
2014-10-08,16.0612,SM001005
2014-10-09,16.0114,SM001005
2014-10-10,16.0264,SM001005
2014-10-13,16.0661,SM001005
2014-10-14,16.1075,SM001005
2014-10-16,16.1602,SM001005
2014-10-17,16.1573,SM001005
2014-10-20,16.2085,SM001005
2014-10-21,16.2362,SM001005
2014-10-22,16.2586,SM001005
2014-10-27,16.3279,SM001005
2014-10-28,16.364,SM001005
2014-10-29,16.38,SM001005
2014-10-30,16.433,SM001005
2014-10-31,16.5097,SM001005
2014-11-03,16.5688,SM001005
2014-11-05,16.6818,SM001005
2014-11-07,16.6666,SM001005
2014-11-10,16.707,SM001005
2014-11-11,16.6962,SM001005
2014-11-12,16.7246,SM001005
2014-11-13,16.674,SM001005
2014-11-14,16.6518,SM001005
2014-11-17,16.7038,SM001005
2014-11-18,16.7377,SM001005
2014-11-19,16.7379,SM001005
2014-11-20,16.741,SM001005
2014-11-21,16.7451,SM001005
2014-11-24,16.7683,SM001005
2014-11-25,16.7797,SM001005
2014-11-26,16.7894,SM001005
2014-11-27,16.7938,SM001005
2014-11-28,16.8925,SM001005
2014-12-01,16.9556,SM001005
2014-12-02,17.0866,SM001005
2014-12-03,17.1024,SM001005
2014-12-04,17.1071,SM001005
2014-12-05,17.1583,SM001005
2014-12-08,17.205,SM001005
2014-12-09,17.2695,SM001005
2014-12-10,17.2736,SM001005
2014-12-11,17.3591,SM001005
2014-12-12,17.4235,SM001005
2014-12-15,17.423,SM001005
2014-12-16,17.2153,SM001005
2014-12-17,17.2204,SM001005
2014-12-18,17.2646,SM001005
2014-12-19,17.2282,SM001005
2014-12-22,17.2043,SM001005
2014-12-23,17.2333,SM001005
2014-12-24,17.2148,SM001005
2014-12-26,17.1797,SM001005
2014-12-29,17.2403,SM001005
2014-12-30,17.3054,SM001005
2014-12-31,17.3302,SM001005
2015-01-01,17.3051,SM001005
2015-01-02,17.2641,SM001005
2015-01-05,17.2458,SM001005
2015-01-06,17.2326,SM001005
2015-01-07,17.2876,SM001005
2015-01-08,17.2963,SM001005
2015-01-09,17.3051,SM001005
2015-01-10,17.3051,SM001005
2015-01-12,17.3691,SM001005
2015-01-13,17.4251,SM001005
2015-01-14,17.4283,SM001005
2015-01-15,17.5865,SM001005
2015-01-16,17.6409,SM001005
2015-01-19,17.6277,SM001005
2015-01-20,17.6566,SM001005
2015-01-21,17.7362,SM001005
2015-01-22,17.7307,SM001005
2015-01-23,17.7489,SM001005
2015-01-27,17.7668,SM001005
2015-01-28,17.7873,SM001005
2015-01-29,17.7849,SM001005
2015-01-30,17.8164,SM001005
2015-02-02,17.9035,SM001005
2015-02-03,17.8514,SM001005
2015-02-04,17.8396,SM001005
2015-02-05,17.8643,SM001005
2015-02-06,17.872,SM001005
2015-02-09,17.8631,SM001005
2015-02-10,17.8702,SM001005
2015-02-11,17.8537,SM001005
2015-02-12,17.8323,SM001005
2015-02-13,17.8947,SM001005
2015-02-16,17.8833,SM001005
2015-02-18,17.8867,SM001005
2015-02-20,17.9052,SM001005
2015-02-23,17.911,SM001005
2015-02-24,17.8983,SM001005
2015-02-25,17.9072,SM001005
2015-02-26,17.8862,SM001005
2015-02-27,17.9128,SM001005
2015-03-02,17.8995,SM001005
2015-03-03,17.873,SM001005
2015-03-04,17.9381,SM001005
2015-03-05,17.8874,SM001005
2015-03-09,17.8538,SM001005
2015-03-10,17.8214,SM001005
2015-03-11,17.8209,SM001005
2015-03-12,17.8495,SM001005
2015-03-13,17.8,SM001005
2015-03-16,17.8027,SM001005
2015-03-17,17.8256,SM001005
2015-03-18,17.8042,SM001005
2015-03-19,17.8432,SM001005
2015-03-20,17.8402,SM001005
2015-03-23,17.8458,SM001005
2015-03-24,17.8344,SM001005
2015-03-25,17.7988,SM001005
2015-03-26,17.7703,SM001005
2015-03-27,17.7807,SM001005
2015-03-30,17.8273,SM001005
2015-03-31,17.8825,SM001005
2015-04-06,17.9424,SM001005
2015-04-07,17.8635,SM001005
2015-04-08,17.8563,SM001005
2015-04-09,17.8684,SM001005
2015-04-10,17.854,SM001005
2015-04-13,17.8543,SM001005
2015-04-15,17.8709,SM001005
2015-04-16,17.8673,SM001005
2015-04-17,17.8722,SM001005
2015-04-20,17.8872,SM001005
2015-04-21,17.9022,SM001005
2015-04-22,17.9303,SM001005
2015-04-23,17.9279,SM001005
2015-04-24,17.8992,SM001005
2015-04-27,17.9122,SM001005
2015-04-28,17.9242,SM001005
2015-04-29,17.8857,SM001005
2015-04-30,17.861,SM001005
2015-05-05,17.8946,SM001005
2015-05-06,17.8332,SM001005
2015-05-07,17.7447,SM001005
2015-05-08,17.7068,SM001005
2015-05-11,17.7844,SM001005
2015-05-12,17.7358,SM001005
2015-05-13,17.7259,SM001005
2015-05-14,17.7345,SM001005
2015-05-15,17.7089,SM001005
2015-05-18,17.747,SM001005
2015-05-19,17.8194,SM001005
2015-05-20,17.8396,SM001005
2015-05-21,17.8338,SM001005
2015-05-22,17.8395,SM001005
2015-05-25,17.8475,SM001005
2015-05-26,17.8301,SM001005
2015-05-27,17.8361,SM001005
2015-05-28,17.8594,SM001005
2015-05-29,17.8854,SM001005
2015-06-01,17.886,SM001005
2015-06-02,17.7791,SM001005
2015-06-03,17.7356,SM001005
2015-06-04,17.658,SM001005
2015-06-05,17.6638,SM001005
2015-06-08,17.6498,SM001005
2015-06-09,17.6797,SM001005
2015-06-10,17.6389,SM001005
2015-06-11,17.5819,SM001005
2015-06-12,17.5505,SM001005
2015-06-15,17.5752,SM001005
2015-06-16,17.5406,SM001005
2015-06-17,17.5996,SM001005
2015-06-18,17.7174,SM001005
2015-06-19,17.8138,SM001005
2015-06-22,17.8019,SM001005
2015-06-23,17.7873,SM001005
2015-06-24,17.7523,SM001005
2015-06-25,17.7029,SM001005
2015-06-26,17.6942,SM001005
2015-06-29,17.6576,SM001005
2015-06-30,17.7102,SM001005
2015-07-01,17.7505,SM001005
2015-07-02,17.7792,SM001005
2015-07-03,17.8027,SM001005
2015-07-06,17.8974,SM001005
2015-07-07,17.8964,SM001005
2015-07-08,17.9102,SM001005
2015-07-09,17.904,SM001005
2015-07-10,17.8923,SM001005
2015-07-13,17.8074,SM001005
2015-07-14,17.8321,SM001005
2015-07-15,17.8304,SM001005
2015-07-16,17.8261,SM001005
2015-07-17,17.8336,SM001005
2015-07-20,17.8511,SM001005
2015-07-21,17.843,SM001005
2015-07-22,17.8496,SM001005
2015-07-23,17.8743,SM001005
2015-07-24,17.8715,SM001005
2015-07-27,17.8904,SM001005
2015-07-28,17.9562,SM001005
2015-07-29,17.9643,SM001005
2015-07-30,17.9548,SM001005
2015-07-31,17.9824,SM001005
2015-08-03,18.0039,SM001005
2015-08-04,17.9759,SM001005
2015-08-05,17.9772,SM001005
2015-08-06,18.0067,SM001005
2015-08-07,18.0072,SM001005
2015-08-10,18.0361,SM001005
2015-08-11,18.0316,SM001005
2015-08-12,18.0395,SM001005
2015-08-13,18.0966,SM001005
2015-08-14,18.123,SM001005
2015-08-17,18.136,SM001005
2015-08-19,18.1565,SM001005
2015-08-20,18.1649,SM001005
2015-08-21,18.1271,SM001005
2015-08-24,18.0286,SM001005
2015-08-25,18.0772,SM001005
2015-08-26,18.1246,SM001005
2015-08-27,18.1605,SM001005
2015-08-28,18.1449,SM001005
2015-08-31,18.15,SM001005
2015-09-01,18.1891,SM001005
2015-09-02,18.2019,SM001005
2015-09-03,18.2059,SM001005
2015-09-04,18.1813,SM001005
2015-09-07,18.1643,SM001005
2015-09-08,18.1994,SM001005
2015-09-09,18.2131,SM001005
2015-09-10,18.1904,SM001005
2015-09-11,18.1973,SM001005
2015-09-14,18.2328,SM001005
2015-09-15,18.2353,SM001005
2015-09-16,18.2591,SM001005
2015-09-18,18.3474,SM001005
2015-09-21,18.3472,SM001005
2015-09-22,18.3428,SM001005
2015-09-23,18.3439,SM001005
2015-09-24,18.3417,SM001005
2015-09-28,18.3505,SM001005
2015-09-29,18.4899,SM001005
2015-09-30,18.5969,SM001005
2015-10-01,18.5805,SM001005
2015-10-05,18.653,SM001005
2015-10-06,18.6404,SM001005
2015-10-07,18.6308,SM001005
2015-10-08,18.6521,SM001005
2015-10-09,18.6746,SM001005
2015-10-12,18.6342,SM001005
2015-10-13,18.6451,SM001005
2015-10-14,18.6523,SM001005
2015-10-15,18.6612,SM001005
2015-10-16,18.6591,SM001005
2015-10-19,18.661,SM001005
2015-10-20,18.6767,SM001005
2015-10-21,18.6754,SM001005
2015-10-23,18.673,SM001005
2015-10-26,18.6489,SM001005
2015-10-27,18.6618,SM001005
2015-10-28,18.6658,SM001005
2015-10-29,18.6392,SM001005
2015-10-30,18.6311,SM001005
2015-11-02,18.6617,SM001005
2015-11-03,18.6593,SM001005
2015-11-04,18.6367,SM001005
2015-11-05,18.6121,SM001005
2015-11-06,18.6151,SM001005
2015-11-09,18.5636,SM001005
2015-11-10,18.5978,SM001005
2015-11-13,18.6458,SM001005
2015-11-16,18.6467,SM001005
2015-11-17,18.639,SM001005
2015-11-18,18.6299,SM001005
2015-11-19,18.6288,SM001005
2015-11-20,18.5903,SM001005
2015-11-21,18.5903,SM001005
2015-11-23,18.5721,SM001005
2015-11-24,18.5955,SM001005
2015-11-26,18.5893,SM001005
2015-11-27,18.5471,SM001005
2015-11-30,18.5357,SM001005
2015-12-01,18.5712,SM001005
2015-12-02,18.5641,SM001005
2015-12-03,18.5979,SM001005
2015-12-04,18.5402,SM001005
2015-12-07,18.5548,SM001005
2015-12-08,18.5272,SM001005
2015-12-09,18.5302,SM001005
2015-12-10,18.5209,SM001005
2015-12-11,18.5406,SM001005
2015-12-14,18.4946,SM001005
2015-12-15,18.5086,SM001005
2015-12-16,18.5629,SM001005
2015-12-17,18.5702,SM001005
2015-12-18,18.5387,SM001005
2015-12-21,18.5034,SM001005
2015-12-22,18.5183,SM001005
2015-12-23,18.5366,SM001005
2015-12-28,18.5426,SM001005
2015-12-29,18.5193,SM001005
2015-12-30,18.5229,SM001005
2015-12-31,18.5322,SM001005
2016-01-01,18.5509,SM001005
2016-01-04,18.5581,SM001005
2016-01-05,18.5732,SM001005
2016-01-06,18.5711,SM001005
2016-01-07,18.5838,SM001005
2016-01-08,18.5931,SM001005
2016-01-11,18.591,SM001005
2016-01-12,18.5762,SM001005
2016-01-13,18.5579,SM001005
2016-01-14,18.5275,SM001005
2016-01-15,18.4695,SM001005
2016-01-18,18.4607,SM001005
2016-01-19,18.4726,SM001005
2016-01-20,18.5084,SM001005
2016-01-21,18.576,SM001005
2016-01-22,18.5456,SM001005
2016-01-25,18.5129,SM001005
2016-01-27,18.5213,SM001005
2016-01-28,18.4873,SM001005
2016-01-29,18.4809,SM001005
2016-02-01,18.4798,SM001005
2016-02-02,18.414,SM001005
2016-02-03,18.4007,SM001005
2016-02-04,18.4211,SM001005
2016-02-05,18.4483,SM001005
2016-02-08,18.4551,SM001005
2016-02-09,18.4499,SM001005
2016-02-10,18.4476,SM001005
2016-02-11,18.4511,SM001005
2016-02-12,18.4472,SM001005
2016-02-15,18.4343,SM001005
2016-02-16,18.3971,SM001005
2016-02-17,18.3707,SM001005
2016-02-18,18.3914,SM001005
2016-02-22,18.3609,SM001005
2016-02-23,18.2843,SM001005
2016-02-24,18.2613,SM001005
2016-02-25,18.2062,SM001005
2016-02-26,18.2834,SM001005
2016-02-29,18.5379,SM001005
2016-03-01,18.5608,SM001005
2016-03-02,18.5629,SM001005
2016-03-03,18.5508,SM001005
2016-03-04,18.5982,SM001005
2016-03-08,18.6293,SM001005
2016-03-09,18.6171,SM001005
2016-03-10,18.6251,SM001005
2016-03-11,18.6264,SM001005
2016-03-14,18.6904,SM001005
2016-03-15,18.7457,SM001005
2016-03-16,18.7964,SM001005
2016-03-17,18.9131,SM001005
2016-03-18,18.9526,SM001005
2016-03-21,19.1239,SM001005
2016-03-22,19.1002,SM001005
2016-03-23,19.0805,SM001005
2016-03-28,19.1421,SM001005
2016-03-29,19.1162,SM001005
2016-03-30,19.1102,SM001005
2016-03-31,19.1634,SM001005
2016-04-04,19.2174,SM001005
2016-04-05,19.2361,SM001005
2016-04-06,19.2491,SM001005
2016-04-07,19.3454,SM001005
2016-04-11,19.3973,SM001005
2016-04-12,19.436,SM001005
2016-04-13,19.3866,SM001005
2016-04-18,19.4252,SM001005
2016-04-20,19.4214,SM001005
2016-04-21,19.3851,SM001005
2016-04-22,19.4135,SM001005
2016-04-25,19.3904,SM001005
2016-04-26,19.3839,SM001005
2016-04-27,19.3859,SM001005
2016-04-28,19.3892,SM001005
2016-04-29,19.4107,SM001005
2016-05-02,19.4314,SM001005
2016-05-03,19.4137,SM001005
2016-05-04,19.4348,SM001005
2016-05-05,19.4317,SM001005
2016-05-06,19.4346,SM001005
2016-05-09,19.4584,SM001005
2016-05-10,19.4652,SM001005
2016-05-11,19.4681,SM001005
2016-05-12,19.4868,SM001005
2016-05-13,19.4719,SM001005
2016-05-16,19.4774,SM001005
2016-05-17,19.4768,SM001005
2016-05-18,19.4647,SM001005
2016-05-19,19.4705,SM001005
2016-05-20,19.4658,SM001005
2016-05-23,19.4878,SM001005
2016-05-24,19.487,SM001005
2016-05-25,19.4913,SM001005
2016-05-26,19.4936,SM001005
2016-05-27,19.4959,SM001005
2016-05-30,19.5233,SM001005
2016-05-31,19.5212,SM001005
2016-06-01,19.5033,SM001005
2016-06-02,19.5229,SM001005
2016-06-03,19.5307,SM001005
2016-06-06,19.5612,SM001005
2016-06-07,19.558,SM001005
2016-06-08,19.5491,SM001005
2016-06-09,19.5589,SM001005
2016-06-10,19.5633,SM001005
2016-06-13,19.5427,SM001005
2016-06-14,19.5575,SM001005
2016-06-15,19.5637,SM001005
2016-06-16,19.5745,SM001005
2016-06-17,19.582,SM001005
2016-06-18,19.582,SM001005
2016-06-20,19.5921,SM001005
2016-06-21,19.6053,SM001005
2016-06-22,19.6335,SM001005
2016-06-23,19.6395,SM001005
2016-06-24,19.6691,SM001005
2016-06-27,19.7424,SM001005
2016-06-28,19.7958,SM001005
2016-06-29,19.8499,SM001005
2016-06-30,19.8456,SM001005
2016-07-01,19.8851,SM001005
2016-07-04,19.8933,SM001005
2016-07-05,19.9287,SM001005
2016-07-07,19.9631,SM001005
2016-07-08,19.9828,SM001005
2016-07-11,19.997,SM001005
2016-07-12,20.0759,SM001005
2016-07-13,20.1366,SM001005
2016-07-14,20.1369,SM001005
2016-07-15,20.1613,SM001005
2016-07-18,20.155,SM001005
2016-07-19,20.1906,SM001005
2016-07-20,20.2371,SM001005
2016-07-21,20.273,SM001005
2016-07-22,20.3071,SM001005
2016-07-25,20.3519,SM001005
2016-07-26,20.3753,SM001005
2016-07-27,20.3945,SM001005
2016-07-28,20.5535,SM001005
2016-07-29,20.599,SM001005
2016-08-01,20.6858,SM001005
2016-08-02,20.6381,SM001005
2016-08-03,20.5918,SM001005
2016-08-04,20.6231,SM001005
2016-08-05,20.665,SM001005
2016-08-08,20.6774,SM001005
2016-08-09,20.7815,SM001005
2016-08-10,20.8709,SM001005
2016-08-11,20.9406,SM001005
2016-08-12,20.9422,SM001005
2016-08-16,20.9397,SM001005
2016-08-18,20.8668,SM001005
2016-08-19,20.9002,SM001005
2016-08-22,20.8353,SM001005
2016-08-23,20.8417,SM001005
2016-08-24,20.891,SM001005
2016-08-25,20.9083,SM001005
2016-08-26,20.9185,SM001005
2016-08-29,20.9405,SM001005
2016-08-30,20.9875,SM001005
2016-08-31,21.0024,SM001005
2016-09-01,20.9898,SM001005
2016-09-02,20.9838,SM001005
2016-09-06,21.0223,SM001005
2016-09-07,21.1043,SM001005
2016-09-08,21.1043,SM001005
2016-09-09,21.1078,SM001005
2016-09-12,21.0621,SM001005
2016-09-14,21.057,SM001005
2016-09-15,21.0692,SM001005
2016-09-16,21.0793,SM001005
2016-09-19,21.0807,SM001005
2016-09-20,21.0648,SM001005
2016-09-21,21.0929,SM001005
2016-09-22,21.1959,SM001005
2016-09-23,21.2322,SM001005
2016-09-26,21.3135,SM001005
2016-09-27,21.3368,SM001005
2016-09-28,21.3528,SM001005
2016-09-29,21.241,SM001005
2016-09-30,21.2908,SM001005
2016-10-03,21.3737,SM001005
2016-10-04,21.4151,SM001005
2016-10-05,21.4831,SM001005
2016-10-06,21.4447,SM001005
2016-10-07,21.4078,SM001005
2016-10-10,21.4536,SM001005
2016-10-13,21.4269,SM001005
2016-10-14,21.3711,SM001005
2016-10-17,21.3833,SM001005
2016-10-18,21.411,SM001005
2016-10-19,21.4078,SM001005
2016-10-20,21.3876,SM001005
2016-10-21,21.3986,SM001005
2016-10-24,21.4228,SM001005
2016-10-25,21.3954,SM001005
2016-10-26,21.4145,SM001005
2016-10-27,21.3951,SM001005
2016-10-28,21.401,SM001005
2016-11-01,21.3879,SM001005
2016-11-02,21.3863,SM001005
2016-11-03,21.3871,SM001005
2016-11-04,21.3355,SM001005
2016-11-07,21.3568,SM001005
2016-11-08,21.3871,SM001005
2016-11-10,21.6067,SM001005
2016-11-11,21.5322,SM001005
2016-11-15,21.826,SM001005
2016-11-16,21.9633,SM001005
2016-11-17,21.9759,SM001005
2016-11-18,21.9676,SM001005
2016-11-21,22.1973,SM001005
2016-11-22,22.2345,SM001005
2016-11-23,22.3757,SM001005
2016-11-24,22.5619,SM001005
2016-11-25,22.5126,SM001005
2016-11-28,22.3797,SM001005
2016-11-29,22.3525,SM001005
2016-11-30,22.4669,SM001005
2016-12-01,22.5005,SM001005
2016-12-02,22.4209,SM001005
2016-12-05,22.4428,SM001005
2016-12-06,22.4455,SM001005
2016-12-07,22.1441,SM001005
2016-12-08,22.0839,SM001005
2016-12-09,22.016,SM001005
2016-12-13,22.0234,SM001005
2016-12-14,21.9963,SM001005
2016-12-15,21.815,SM001005
2016-12-16,21.8265,SM001005
2016-12-19,21.8177,SM001005
2016-12-20,21.8394,SM001005
2016-12-21,21.8524,SM001005
2016-12-22,21.7803,SM001005
2016-12-23,21.7029,SM001005
2016-12-26,21.6302,SM001005
2016-12-27,21.5723,SM001005
2016-12-28,21.572,SM001005
2016-12-29,21.6703,SM001005
2016-12-30,21.7251,SM001005
2017-01-02,21.9953,SM001005
2017-01-03,21.9534,SM001005
2017-01-04,22.0317,SM001005
2017-01-05,22.0199,SM001005
2017-01-06,21.9948,SM001005
2017-01-09,21.9775,SM001005
2017-01-10,21.9616,SM001005
2017-01-11,21.9367,SM001005
2017-01-12,21.9748,SM001005
2017-01-13,21.9613,SM001005
2017-01-16,21.9388,SM001005
2017-01-17,21.9565,SM001005
2017-01-18,21.9178,SM001005
2017-01-19,21.8937,SM001005
2017-01-20,21.8841,SM001005
2017-01-23,21.8961,SM001005
2017-01-24,21.8966,SM001005
2017-01-25,21.9107,SM001005
2017-01-27,21.9217,SM001005
2017-01-30,21.9193,SM001005
2017-01-31,21.9119,SM001005
2017-02-01,21.9277,SM001005
2017-02-02,21.9525,SM001005
2017-02-03,21.9409,SM001005
2017-02-06,21.9358,SM001005
2017-02-07,21.9311,SM001005
2017-02-08,21.4808,SM001005
2017-02-09,21.2587,SM001005
2017-02-10,21.3016,SM001005
2017-02-13,21.3072,SM001005
2017-02-14,21.2254,SM001005
2017-02-15,21.2403,SM001005
2017-02-16,21.2745,SM001005
2017-02-17,21.2815,SM001005
2017-02-20,21.2318,SM001005
2017-02-22,21.1761,SM001005
2017-02-23,21.1809,SM001005
2017-02-27,21.2427,SM001005
2017-02-28,21.2374,SM001005
2017-03-01,21.161,SM001005
2017-03-02,21.1883,SM001005
2017-03-03,21.2128,SM001005
2017-03-06,21.1655,SM001005
2017-03-07,21.1614,SM001005
2017-03-08,21.1607,SM001005
2017-03-09,21.1546,SM001005
2017-03-10,21.0453,SM001005
2017-03-14,21.0795,SM001005
2017-03-15,21.173,SM001005
2017-03-16,21.2131,SM001005
2017-03-17,21.2131,SM001005
2017-03-20,21.2218,SM001005
2017-03-21,21.2448,SM001005
2017-03-22,21.3532,SM001005
2017-03-23,21.3706,SM001005
2017-03-24,21.3937,SM001005
2017-03-27,21.5484,SM001005
2017-03-29,21.5272,SM001005
2017-03-30,21.5403,SM001005
2017-03-31,21.5474,SM001005
2017-04-03,21.5437,SM001005
2017-04-05,21.5382,SM001005
2017-04-06,21.3949,SM001005
2017-04-07,21.3713,SM001005
2017-04-10,21.385,SM001005
2017-04-11,21.4468,SM001005
2017-04-12,21.479,SM001005
2017-04-13,21.5314,SM001005
2017-04-17,21.5291,SM001005
2017-04-18,21.5239,SM001005
2017-04-19,21.5405,SM001005
2017-04-20,21.559,SM001005
2017-04-21,21.5058,SM001005
2017-04-24,21.5332,SM001005
2017-04-25,21.5778,SM001005
2017-04-26,21.5321,SM001005
2017-04-27,21.5366,SM001005
2017-04-28,21.5214,SM001005
2017-05-02,21.4972,SM001005
2017-05-03,21.521,SM001005
2017-05-04,21.5089,SM001005
2017-05-05,21.5315,SM001005
2017-05-08,21.5566,SM001005
2017-05-09,21.5442,SM001005
2017-05-11,21.5549,SM001005
2017-05-12,21.5891,SM001005
2017-05-15,21.7025,SM001005
2017-05-16,21.661,SM001005
2017-05-17,21.6602,SM001005
2017-05-18,21.6842,SM001005
2017-05-19,21.6844,SM001005
2017-05-22,21.7848,SM001005
2017-05-23,21.806,SM001005
2017-05-24,21.8066,SM001005
2017-05-25,21.8575,SM001005
2017-05-26,21.8935,SM001005
2017-05-29,21.8768,SM001005
2017-05-30,21.8894,SM001005
2017-05-31,21.9166,SM001005
2017-06-01,22.0238,SM001005
2017-06-02,22.0314,SM001005
2017-06-05,22.0437,SM001005
2017-06-06,22.0662,SM001005
2017-06-07,22.2443,SM001005
2017-06-08,22.3776,SM001005
2017-06-09,22.4285,SM001005
2017-06-12,22.4341,SM001005
2017-06-13,22.4874,SM001005
2017-06-14,22.4981,SM001005
2017-06-15,22.4933,SM001005
2017-06-16,22.4722,SM001005
2017-06-19,22.4987,SM001005
2017-06-20,22.5114,SM001005
2017-06-21,22.5392,SM001005
2017-06-22,22.5118,SM001005
2017-06-23,22.5135,SM001005
2017-06-27,22.5102,SM001005
2017-06-28,22.4386,SM001005
2017-06-29,22.4504,SM001005
2017-06-30,22.4481,SM001005
2017-07-03,22.3562,SM001005
2017-07-04,22.3428,SM001005
2017-07-05,22.3625,SM001005
2017-07-06,22.4016,SM001005
2017-07-07,22.4202,SM001005
2017-07-10,22.4998,SM001005
2017-07-11,22.4905,SM001005
2017-07-12,22.5032,SM001005
2017-07-13,22.5232,SM001005
2017-07-14,22.5187,SM001005
2017-07-17,22.5374,SM001005
2017-07-18,22.5482,SM001005
2017-07-19,22.5831,SM001005
2017-07-20,22.5832,SM001005
2017-07-21,22.6386,SM001005
2017-07-24,22.6867,SM001005
2017-07-25,22.658,SM001005
2017-07-26,22.6471,SM001005
2017-07-27,22.655,SM001005
2017-07-28,22.6377,SM001005
2017-07-31,22.6273,SM001005
2017-08-01,22.6428,SM001005
2017-08-02,22.6379,SM001005
2017-08-03,22.7266,SM001005
2017-08-04,22.729,SM001005
2017-08-07,22.7161,SM001005
2017-08-08,22.7094,SM001005
2017-08-09,22.7087,SM001005
2017-08-10,22.681,SM001005
2017-08-11,22.6648,SM001005
2017-08-14,22.6708,SM001005
2017-08-16,22.661,SM001005
2017-08-18,22.7003,SM001005
2017-08-21,22.6973,SM001005
2017-08-22,22.6878,SM001005
2017-08-23,22.6832,SM001005
2017-08-24,22.6839,SM001005
2017-08-28,22.6828,SM001005
2017-08-29,22.7164,SM001005
2017-08-30,22.7081,SM001005
2017-08-31,22.7183,SM001005
2017-09-01,22.7683,SM001005
2017-09-04,22.7587,SM001005
2017-09-05,22.7678,SM001005
2017-09-06,22.7832,SM001005
2017-09-07,22.7838,SM001005
2017-09-08,22.7833,SM001005
2017-09-11,22.7784,SM001005
2017-09-12,22.7675,SM001005
2017-09-13,22.7469,SM001005
2017-09-14,22.7458,SM001005
2017-09-15,22.7188,SM001005
2017-09-18,22.7172,SM001005
2017-09-19,22.7256,SM001005
2017-09-20,22.7471,SM001005
2017-09-21,22.6484,SM001005
2017-09-22,22.6624,SM001005
2017-09-25,22.7113,SM001005
2017-09-26,22.6727,SM001005
2017-09-27,22.6663,SM001005
2017-09-28,22.6841,SM001005
2017-09-29,22.6798,SM001005
2017-10-03,22.7268,SM001005
2017-10-04,22.673,SM001005
2017-10-05,22.6146,SM001005
2017-10-06,22.5916,SM001005
2017-10-09,22.5928,SM001005
2017-10-10,22.592,SM001005
2017-10-11,22.5818,SM001005
2017-10-12,22.5834,SM001005
2017-10-13,22.6328,SM001005
2017-10-16,22.6434,SM001005
2017-10-17,22.6313,SM001005
2017-10-18,22.645,SM001005
2017-10-23,22.6152,SM001005
2017-10-24,22.6413,SM001005
2017-10-25,22.611,SM001005
2017-10-26,22.6299,SM001005
2017-10-27,22.6263,SM001005
2017-10-30,22.5882,SM001005
2017-10-31,22.6057,SM001005
2017-11-01,22.5956,SM001005
2017-11-02,22.6126,SM001005
2017-11-03,22.623,SM001005
2017-11-06,22.6142,SM001005
2017-11-07,22.5838,SM001005
2017-11-08,22.573,SM001005
2017-11-09,22.5866,SM001005
2017-11-10,22.556,SM001005
2017-11-13,22.5446,SM001005
2017-11-14,22.461,SM001005
2017-11-15,22.4885,SM001005
2017-11-16,22.4353,SM001005
2017-11-17,22.4524,SM001005
2017-11-20,22.6136,SM001005
2017-11-21,22.5937,SM001005
2017-11-22,22.5234,SM001005
2017-11-23,22.5053,SM001005
2017-11-24,22.5116,SM001005
2017-11-27,22.4958,SM001005
2017-11-28,22.5155,SM001005
2017-11-29,22.5178,SM001005
2017-11-30,22.5012,SM001005
2017-12-04,22.4938,SM001005
2017-12-05,22.5229,SM001005
2017-12-06,22.5481,SM001005
2017-12-07,22.5469,SM001005
2017-12-08,22.5149,SM001005
2017-12-11,22.4658,SM001005
2017-12-12,22.4335,SM001005
2017-12-13,22.4398,SM001005
2017-12-14,22.4971,SM001005
2017-12-15,22.5168,SM001005
2017-12-18,22.4971,SM001005
2017-12-19,22.5015,SM001005
2017-12-20,22.4714,SM001005
2017-12-21,22.4491,SM001005
2017-12-22,22.4121,SM001005
2017-12-26,22.3853,SM001005
2017-12-27,22.4212,SM001005
2017-12-28,22.2423,SM001005
2017-12-29,22.328,SM001005
2018-01-01,22.3375,SM001005
2018-01-02,22.2976,SM001005
2018-01-03,22.3213,SM001005
2018-01-04,22.3229,SM001005
2018-01-05,22.4535,SM001005
2018-01-08,22.4462,SM001005
2018-01-09,22.4166,SM001005
2018-01-10,22.3224,SM001005
2018-01-11,22.3181,SM001005
2018-01-12,22.3176,SM001005
2018-01-15,22.3227,SM001005
2018-01-16,22.1813,SM001005
2018-01-17,22.3403,SM001005
2018-01-18,22.2829,SM001005
2018-01-19,22.2851,SM001005
2018-01-22,22.3083,SM001005
2018-01-23,22.364,SM001005
2018-01-24,22.3426,SM001005
2018-01-25,22.3434,SM001005
2018-01-29,22.244,SM001005
2018-01-30,22.2252,SM001005
2018-01-31,22.2253,SM001005
2018-02-01,22.0226,SM001005
2018-02-02,22.0563,SM001005
2018-02-05,22.0123,SM001005
2018-02-06,22.0545,SM001005
2018-02-07,22.1139,SM001005
2018-02-08,22.1839,SM001005
2018-02-09,22.1533,SM001005
2018-02-12,22.1703,SM001005
2018-02-14,22.1965,SM001005
2018-02-15,22.1095,SM001005
2018-02-16,22.1105,SM001005
2018-02-20,22.0312,SM001005
2018-02-21,22.0013,SM001005
2018-02-22,21.945,SM001005
2018-02-23,22.0028,SM001005
2018-02-26,22.0085,SM001005
2018-02-27,22.019,SM001005
2018-02-28,21.9981,SM001005
2018-03-01,21.9956,SM001005
2018-03-05,21.989,SM001005
2018-03-06,21.9917,SM001005
2018-03-07,22.0538,SM001005
2018-03-08,22.0979,SM001005
2018-03-09,22.0851,SM001005
2018-03-12,22.1281,SM001005
2018-03-13,22.1233,SM001005
2018-03-14,22.1309,SM001005
2018-03-15,22.1724,SM001005
2018-03-16,22.251,SM001005
2018-03-19,22.25,SM001005
2018-03-20,22.2592,SM001005
2018-03-21,22.2796,SM001005
2018-03-22,22.3104,SM001005
2018-03-23,22.3449,SM001005
2018-03-26,22.2969,SM001005
2018-03-27,22.6839,SM001005
2018-03-28,22.6554,SM001005
2018-03-31,22.6649,SM001005
2018-04-03,22.7591,SM001005
2018-04-04,22.826,SM001005
2018-04-05,23.0707,SM001005
2018-04-06,23.0372,SM001005
2018-04-09,22.9791,SM001005
2018-04-10,22.8212,SM001005
2018-04-11,22.6485,SM001005
2018-04-12,22.6862,SM001005
2018-04-13,22.7201,SM001005
2018-04-16,22.7056,SM001005
2018-04-17,22.696,SM001005
2018-04-18,22.6428,SM001005
2018-04-19,22.472,SM001005
2018-04-20,22.3613,SM001005
2018-04-23,22.34,SM001005
2018-04-24,22.401,SM001005
2018-04-25,22.3505,SM001005
2018-04-26,22.3049,SM001005
2018-04-27,22.3129,SM001005
2018-05-02,22.3509,SM001005
2018-05-03,22.3626,SM001005
2018-05-04,22.3568,SM001005
2018-05-07,22.4702,SM001005
2018-05-08,22.5539,SM001005
2018-05-09,22.4186,SM001005
2018-05-10,22.401,SM001005
2018-05-11,22.3921,SM001005
2018-05-14,22.2734,SM001005
2018-05-15,22.1921,SM001005
2018-05-16,22.1721,SM001005
2018-05-17,22.1743,SM001005
2018-05-18,22.2228,SM001005
2018-05-21,22.2429,SM001005
2018-05-22,22.2634,SM001005
2018-05-23,22.2234,SM001005
2018-05-24,22.2137,SM001005
2018-05-25,22.2991,SM001005
2018-05-28,22.3818,SM001005
2018-05-29,22.3555,SM001005
2018-05-30,22.3664,SM001005
2018-05-31,22.2999,SM001005
2018-06-01,22.2956,SM001005
2018-06-04,22.2856,SM001005
2018-06-05,22.3176,SM001005
2018-06-06,22.1939,SM001005
2018-06-07,22.0947,SM001005
2018-06-08,22.2042,SM001005
2018-06-11,22.1764,SM001005
2018-06-12,22.167,SM001005
2018-06-13,22.2132,SM001005
2018-06-14,22.2162,SM001005
2018-06-15,22.2663,SM001005
2018-06-18,22.3163,SM001005
2018-06-19,22.3467,SM001005
2018-06-20,22.38,SM001005
2018-06-21,22.4306,SM001005
2018-06-22,22.4054,SM001005
2018-06-25,22.3906,SM001005
2018-06-26,22.376,SM001005
2018-06-27,22.3532,SM001005
2018-06-28,22.2996,SM001005
2018-06-29,22.3295,SM001005
2018-07-02,22.3479,SM001005
2018-07-03,22.3391,SM001005
2018-07-04,22.3617,SM001005
2018-07-05,22.3291,SM001005
2018-07-06,22.3298,SM001005
2018-07-09,22.3297,SM001005
2018-07-10,22.3256,SM001005
2018-07-11,22.3501,SM001005
2018-07-12,22.4471,SM001005
2018-07-13,22.4374,SM001005
2018-07-16,22.4445,SM001005
2018-07-17,22.5363,SM001005
2018-07-18,22.5453,SM001005
2018-07-19,22.5335,SM001005
2018-07-20,22.513,SM001005
2018-07-23,22.5002,SM001005
2018-07-24,22.505,SM001005
2018-07-25,22.503,SM001005
2018-07-26,22.5271,SM001005
2018-07-27,22.5169,SM001005
2018-07-30,22.5318,SM001005
2018-07-31,22.5492,SM001005
2018-08-01,22.626,SM001005
2018-08-02,22.6278,SM001005
2018-08-03,22.6012,SM001005
2018-08-06,22.6212,SM001005
2018-08-07,22.6012,SM001005
2018-08-08,22.6108,SM001005
2018-08-09,22.6413,SM001005
2018-08-10,22.6411,SM001005
2018-08-13,22.5966,SM001005
2018-08-14,22.6182,SM001005
2018-08-16,22.5529,SM001005
2018-08-20,22.6032,SM001005
2018-08-21,22.6221,SM001005
2018-08-23,22.5777,SM001005
2018-08-24,22.5584,SM001005
2018-08-27,22.5608,SM001005
2018-08-28,22.5539,SM001005
2018-08-29,22.5513,SM001005
2018-08-30,22.5322,SM001005
2018-08-31,22.4895,SM001005
2018-09-03,22.4388,SM001005
2018-09-04,22.3677,SM001005
2018-09-05,22.3581,SM001005
2018-09-06,22.3515,SM001005
2018-09-07,22.3861,SM001005
2018-09-10,22.2791,SM001005
2018-09-11,22.2563,SM001005
2018-09-12,22.2985,SM001005
2018-09-14,22.3493,SM001005
2018-09-17,22.3775,SM001005
2018-09-18,22.3748,SM001005
2018-09-19,22.6111,SM001005
2018-09-21,22.4502,SM001005
2018-09-24,22.4541,SM001005
2018-09-25,22.4409,SM001005
2018-09-26,22.4863,SM001005
2018-09-27,22.5448,SM001005
2018-09-28,22.5562,SM001005
2018-10-01,22.6235,SM001005
2018-10-03,22.5098,SM001005
2018-10-04,22.4348,SM001005
2018-10-05,22.5789,SM001005
2018-10-08,22.6596,SM001005
2018-10-09,22.5363,SM001005
2018-10-10,22.6055,SM001005
2018-10-11,22.6456,SM001005
2018-10-12,22.6678,SM001005
2018-10-15,22.7207,SM001005
2018-10-16,22.7695,SM001005
2018-10-17,22.7542,SM001005
2018-10-19,22.7684,SM001005
2018-10-22,22.7983,SM001005
2018-10-23,22.8147,SM001005
2018-10-24,22.8682,SM001005
2018-10-25,22.872,SM001005
2018-10-26,22.8655,SM001005
2018-10-29,22.9808,SM001005
2018-10-30,22.9764,SM001005
2018-10-31,22.9873,SM001005
2018-11-01,23.0293,SM001005
2018-11-02,23.1458,SM001005
2018-11-05,23.1321,SM001005
2018-11-06,23.1544,SM001005
2018-11-09,23.2051,SM001005
2018-11-12,23.1871,SM001005
2018-11-13,23.2435,SM001005
2018-11-14,23.3241,SM001005
2018-11-15,23.3192,SM001005
2018-11-16,23.2736,SM001005
2018-11-19,23.2988,SM001005
2018-11-20,23.3271,SM001005
2018-11-22,23.4117,SM001005
2018-11-26,23.4243,SM001005
2018-11-27,23.43,SM001005
2018-11-28,23.56,SM001005
2018-11-29,23.6583,SM001005
2018-11-30,23.6843,SM001005
2018-12-03,23.693,SM001005
2018-12-04,23.7487,SM001005
2018-12-05,23.9282,SM001005
2018-12-06,24.0016,SM001005
2018-12-07,23.9411,SM001005
2018-12-10,23.8605,SM001005
2018-12-11,23.8672,SM001005
2018-12-12,24.0228,SM001005
2018-12-13,24.0558,SM001005
2018-12-14,24.0273,SM001005
2018-12-17,24.0428,SM001005
2018-12-18,24.1197,SM001005
2018-12-19,24.2976,SM001005
2018-12-20,24.2774,SM001005
2018-12-21,24.2686,SM001005
2018-12-24,24.2744,SM001005
2018-12-26,24.3489,SM001005
2018-12-27,24.3378,SM001005
2018-12-28,24.2569,SM001005
2018-12-31,24.2636,SM001005
2019-01-01,24.1877,SM001005
2019-01-02,24.2406,SM001005
2019-01-03,24.172,SM001005
2019-01-04,24.1424,SM001005
2019-01-07,24.0889,SM001005
2019-01-08,24.2138,SM001005
2019-01-09,24.2188,SM001005
2019-01-10,24.204,SM001005
2019-01-11,24.2183,SM001005
2019-01-14,24.2945,SM001005
2019-01-15,24.2592,SM001005
2019-01-16,24.1715,SM001005
2019-01-17,24.1865,SM001005
2019-01-18,24.1162,SM001005
2019-01-21,24.1322,SM001005
2019-01-22,24.2004,SM001005
2019-01-23,24.188,SM001005
2019-01-24,24.1951,SM001005
2019-01-25,24.1989,SM001005
2019-01-28,24.2316,SM001005
2019-01-29,24.2478,SM001005
2019-01-30,24.2371,SM001005
2019-01-31,24.3024,SM001005
2019-02-01,24.1672,SM001005
2019-02-04,24.1254,SM001005
2019-02-05,24.1389,SM001005
2019-02-06,24.1887,SM001005
2019-02-07,24.2908,SM001005
2019-02-08,24.2887,SM001005
2019-02-11,24.2848,SM001005
2019-02-12,24.2794,SM001005
2019-02-13,24.3715,SM001005
2019-02-14,24.3339,SM001005
2019-02-15,24.2506,SM001005
2019-02-18,24.2571,SM001005
2019-02-20,24.2922,SM001005
2019-02-21,24.3045,SM001005
2019-02-22,24.2514,SM001005
2019-02-25,24.2578,SM001005
2019-02-26,24.2413,SM001005
2019-02-27,24.1437,SM001005
2019-02-28,24.2211,SM001005
2019-03-01,24.2539,SM001005
2019-03-05,24.2843,SM001005
2019-03-06,24.2889,SM001005
2019-03-07,24.3002,SM001005
2019-03-08,24.352,SM001005
2019-03-11,24.393,SM001005
2019-03-12,24.391,SM001005
2019-03-13,24.389,SM001005
2019-03-14,24.3981,SM001005
2019-03-15,24.4285,SM001005
2019-03-18,24.4897,SM001005
2019-03-19,24.4509,SM001005
2019-03-20,24.4889,SM001005
2019-03-22,24.5643,SM001005
2019-03-25,24.641,SM001005
2019-03-26,24.6428,SM001005
2019-03-27,24.6535,SM001005
2019-03-28,24.7054,SM001005
2019-03-29,24.7047,SM001005
2019-03-30,24.7047,SM001005
2019-03-31,24.7097,SM001005
2019-04-02,24.7854,SM001005
2019-04-03,24.7967,SM001005
2019-04-04,24.7013,SM001005
2019-04-05,24.6613,SM001005
2019-04-08,24.5872,SM001005
2019-04-09,24.6025,SM001005
2019-04-10,24.6163,SM001005
2019-04-11,24.6271,SM001005
2019-04-12,24.6158,SM001005
2019-04-15,24.6416,SM001005
2019-04-16,24.635,SM001005
2019-04-18,24.6068,SM001005
2019-04-22,24.542,SM001005
2019-04-23,24.5551,SM001005
2019-04-24,24.6311,SM001005
2019-04-25,24.5997,SM001005
2019-04-26,24.6535,SM001005
2019-04-30,24.6629,SM001005
2019-05-02,24.7103,SM001005
2019-05-03,24.7468,SM001005
2019-05-06,24.7865,SM001005
2019-05-07,24.816,SM001005
2019-05-08,24.8427,SM001005
2019-05-09,24.8336,SM001005
2019-05-10,24.837,SM001005
2019-05-13,24.8828,SM001005
2019-05-14,24.9316,SM001005
2019-05-15,24.927,SM001005
2019-05-16,24.9581,SM001005
2019-05-17,24.9584,SM001005
2019-05-20,25.0645,SM001005
2019-05-21,25.0642,SM001005
2019-05-22,25.12,SM001005
2019-05-23,25.1856,SM001005
2019-05-24,25.2238,SM001005
2019-05-27,25.32,SM001005
2019-05-28,25.3743,SM001005
2019-05-29,25.4348,SM001005
2019-05-30,25.4167,SM001005
2019-05-31,25.5743,SM001005
2019-06-03,25.6693,SM001005
2019-06-04,25.6137,SM001005
2019-06-06,25.7806,SM001005
2019-06-07,25.7519,SM001005
2019-06-10,25.6625,SM001005
2019-06-11,25.7014,SM001005
2019-06-12,25.7561,SM001005
2019-06-13,25.7648,SM001005
2019-06-14,25.9167,SM001005
2019-06-17,25.96,SM001005
2019-06-18,26.1649,SM001005
2019-06-19,26.1513,SM001005
2019-06-20,26.2929,SM001005
2019-06-21,26.1862,SM001005
2019-06-24,26.2019,SM001005
2019-06-25,26.1629,SM001005
2019-06-26,26.1189,SM001005
2019-06-27,26.1665,SM001005
2019-06-28,26.187,SM001005
2019-07-01,26.1978,SM001005
2019-07-02,26.2624,SM001005
2019-07-03,26.3157,SM001005
2019-07-04,26.418,SM001005
2019-07-05,26.5348,SM001005
2019-07-08,26.7269,SM001005
2019-07-09,26.7183,SM001005
2019-07-10,26.8051,SM001005
2019-07-11,26.8739,SM001005
2019-07-12,26.8932,SM001005
2019-07-15,26.974,SM001005
2019-07-16,27.0897,SM001005
2019-07-17,27.0145,SM001005
2019-07-18,26.9782,SM001005
2019-07-19,26.9946,SM001005
2019-07-22,26.9386,SM001005
2019-07-23,26.833,SM001005
2019-07-24,26.8542,SM001005
2019-07-25,26.761,SM001005
2019-07-26,26.7393,SM001005
2019-07-29,26.8357,SM001005
2019-07-30,26.8529,SM001005
2019-07-31,26.8994,SM001005
2019-08-01,26.8764,SM001005
2019-08-02,26.9535,SM001005
2019-08-05,26.917,SM001005
2019-08-06,26.9737,SM001005
2019-08-07,27.0055,SM001005
2019-08-08,27.0456,SM001005
2019-08-09,26.8975,SM001005
2019-08-10,26.9027,SM001005
2019-08-13,26.8636,SM001005
2019-08-14,26.6955,SM001005
2019-08-16,26.8297,SM001005
2019-08-19,26.7495,SM001005
2019-08-20,26.7539,SM001005
2019-08-21,26.8104,SM001005
2019-08-22,26.8512,SM001005
2019-08-23,26.8432,SM001005
2019-08-26,26.9761,SM001005
2019-08-27,26.9913,SM001005
2019-08-28,26.922,SM001005
2019-08-29,26.8978,SM001005
2019-08-30,26.8632,SM001005
2019-09-03,26.9496,SM001005
2019-09-04,26.9606,SM001005
2019-09-05,26.9418,SM001005
2019-09-06,26.9215,SM001005
2019-09-09,26.9681,SM001005
2019-09-11,26.8607,SM001005
2019-09-12,26.8375,SM001005
2019-09-13,26.8508,SM001005
2019-09-16,26.7657,SM001005
2019-09-17,26.7439,SM001005
2019-09-18,26.8599,SM001005
2019-09-19,26.869,SM001005
2019-09-20,26.5263,SM001005
2019-09-23,26.621,SM001005
2019-09-24,26.6056,SM001005
2019-09-25,26.5924,SM001005
2019-09-26,26.631,SM001005
2019-09-27,26.6291,SM001005
2019-09-30,26.7227,SM001005
2019-10-01,26.8362,SM001005
2019-10-03,26.9752,SM001005
2019-10-04,26.8778,SM001005
2019-10-07,26.8809,SM001005
2019-10-09,26.9072,SM001005
2019-10-10,26.8815,SM001005
2019-10-11,26.8035,SM001005
2019-10-14,26.8603,SM001005
2019-10-15,26.8474,SM001005
2019-10-16,26.8887,SM001005
2019-10-17,26.8403,SM001005
2019-10-18,26.8595,SM001005
2019-10-22,26.8699,SM001005
2019-10-23,26.9108,SM001005
2019-10-24,26.9137,SM001005
2019-10-25,26.9152,SM001005
2019-10-29,26.9242,SM001005
2019-10-30,26.9408,SM001005
2019-10-31,26.983,SM001005
2019-11-01,26.99,SM001005
2019-11-04,26.9865,SM001005
2019-11-05,26.9493,SM001005
2019-11-06,26.9692,SM001005
2019-11-07,26.96,SM001005
2019-11-08,26.9008,SM001005
2019-11-11,26.89,SM001005
2019-11-13,26.9491,SM001005
2019-11-14,26.964,SM001005
2019-11-15,26.9748,SM001005
2019-11-18,27.0218,SM001005
2019-11-19,27.0536,SM001005
2019-11-20,27.0831,SM001005
2019-11-21,27.0194,SM001005
2019-11-22,27.0467,SM001005
2019-11-25,27.0966,SM001005
2019-11-26,27.0918,SM001005
2019-11-27,27.0917,SM001005
2019-11-28,27.1214,SM001005
2019-11-29,27.1175,SM001005
2019-12-02,27.1184,SM001005
2019-12-03,27.1431,SM001005
2019-12-04,27.1656,SM001005
2019-12-05,26.9461,SM001005
2019-12-06,26.9109,SM001005
2019-12-09,26.9179,SM001005
2019-12-10,26.88,SM001005
2019-12-11,26.8465,SM001005
2019-12-12,26.8126,SM001005
2019-12-13,26.7787,SM001005
2019-12-16,26.7892,SM001005
2019-12-17,26.8543,SM001005
2019-12-18,26.9112,SM001005
2019-12-19,26.8915,SM001005
2019-12-20,27.2182,SM001005
2019-12-23,27.2841,SM001005
2019-12-24,27.255,SM001005
2019-12-26,27.2815,SM001005
2019-12-27,27.3349,SM001005
2019-12-30,27.3141,SM001005
2019-12-31,27.2976,SM001005
2020-01-01,27.3948,SM001005
2020-01-02,27.41,SM001005
2020-01-03,27.3943,SM001005
2020-01-06,27.3,SM001005
2020-01-07,27.3254,SM001005
2020-01-08,27.3315,SM001005
2020-01-09,27.384,SM001005
2020-01-10,27.2903,SM001005
2020-01-13,27.2908,SM001005
2020-01-14,27.1742,SM001005
2020-01-15,27.2448,SM001005
2020-01-16,27.282,SM001005
2020-01-17,27.3096,SM001005
2020-01-20,27.3216,SM001005
2020-01-21,27.3554,SM001005
2020-01-22,27.346,SM001005
2020-01-23,27.3907,SM001005
2020-01-24,27.4287,SM001005
2020-01-27,27.4655,SM001005
2020-01-28,27.4393,SM001005
2020-01-29,27.4262,SM001005
2020-01-30,27.4263,SM001005
2020-01-31,27.4183,SM001005
2020-02-03,27.6467,SM001005
2020-02-04,27.6651,SM001005
2020-02-05,27.657,SM001005
2020-02-06,27.7872,SM001005
2020-02-07,27.8406,SM001005
2020-02-10,27.8665,SM001005
2020-02-11,27.8716,SM001005
2020-02-12,27.8754,SM001005
2020-02-13,27.9644,SM001005
2020-02-14,28.0683,SM001005
2020-02-17,28.0825,SM001005
2020-02-18,28.1108,SM001005
2020-02-20,28.0935,SM001005
2020-02-24,28.1781,SM001005
2020-02-25,28.1802,SM001005
2020-02-26,28.2293,SM001005
2020-02-27,28.1852,SM001005
2020-02-28,28.1751,SM001005
2020-03-02,28.2275,SM001005
2020-03-03,28.2099,SM001005
2020-03-04,28.3639,SM001005
2020-03-05,28.3987,SM001005
2020-03-06,28.5065,SM001005
2020-03-09,28.6951,SM001005
2020-03-11,28.5957,SM001005
2020-03-12,28.4323,SM001005
2020-03-13,28.2011,SM001005
2020-03-16,28.4019,SM001005
2020-03-17,28.3002,SM001005
2020-03-18,28.208,SM001005
2020-03-19,27.9024,SM001005
2020-03-20,28.1225,SM001005
2020-03-23,27.8368,SM001005
2020-03-24,27.9047,SM001005
2020-03-26,28.0587,SM001005
2020-03-27,28.4521,SM001005
2020-03-30,28.3289,SM001005
2020-03-31,28.3706,SM001005
2020-04-03,28.2108,SM001005
2020-04-07,27.9652,SM001005
2020-04-08,27.8587,SM001005
2020-04-09,27.9083,SM001005
2020-04-13,27.9539,SM001005
2020-04-15,28.0944,SM001005
2020-04-16,28.1721,SM001005
2020-04-17,28.2708,SM001005
2020-04-20,28.6648,SM001005
2020-04-21,28.7161,SM001005
2020-04-22,28.7096,SM001005
2020-04-23,28.9595,SM001005
2020-04-24,28.8295,SM001005
2020-04-27,28.8604,SM001005
2020-04-28,28.8652,SM001005
2020-04-29,28.8505,SM001005
2020-04-30,28.8897,SM001005
2020-05-04,28.967,SM001005
2020-05-05,29.0902,SM001005
2020-05-06,29.1907,SM001005
2020-05-08,29.2884,SM001005
2020-05-11,29.0403,SM001005
2020-05-12,29.0706,SM001005
2020-05-13,29.1562,SM001005
2020-05-14,29.2409,SM001005
2020-05-15,29.2272,SM001005
2020-05-18,29.267,SM001005
2020-05-19,29.3173,SM001005
2020-05-20,29.318,SM001005
2020-05-21,29.3301,SM001005
2020-05-22,29.51,SM001005
2020-05-26,29.5496,SM001005
2020-05-27,29.5566,SM001005
2020-05-28,29.5726,SM001005
2020-05-29,29.5708,SM001005
2020-06-01,29.5185,SM001005
2020-06-02,29.5121,SM001005
2020-06-03,29.517,SM001005
2020-06-04,29.5447,SM001005
2020-06-05,29.5582,SM001005
2020-06-08,29.5845,SM001005
2020-06-09,29.6002,SM001005
2020-06-10,29.6185,SM001005
2020-06-11,29.6242,SM001005
2020-06-12,29.5946,SM001005
2020-06-15,29.6256,SM001005
2020-06-16,29.5726,SM001005
2020-06-17,29.5812,SM001005
2020-06-18,29.6201,SM001005
2020-06-19,29.6625,SM001005
2020-06-22,29.6854,SM001005
2020-06-23,29.6746,SM001005
2020-06-24,29.6649,SM001005
2020-06-25,29.6818,SM001005
2020-06-26,29.6958,SM001005
2020-06-29,29.7333,SM001005
2020-06-30,29.7913,SM001005
2020-07-01,29.8547,SM001005
2020-07-02,29.8688,SM001005
2020-07-03,29.8733,SM001005
2020-07-06,29.9101,SM001005
2020-07-07,29.972,SM001005
2020-07-08,30.0277,SM001005
2020-07-09,30.052,SM001005
2020-07-10,30.1267,SM001005
2020-07-13,30.1708,SM001005
2020-07-14,30.1584,SM001005
2020-07-15,30.1834,SM001005
2020-07-16,30.2075,SM001005
2020-07-17,30.214,SM001005
2020-07-20,30.2115,SM001005
2020-07-21,30.2107,SM001005
2020-07-22,30.2194,SM001005
2020-07-23,30.2426,SM001005
2020-07-24,30.2591,SM001005
2020-07-27,30.2302,SM001005
2020-07-28,30.2273,SM001005
2020-07-29,30.2471,SM001005
2020-07-30,30.2532,SM001005
2020-07-31,30.2418,SM001005
2020-08-03,30.2561,SM001005
2020-08-04,30.2826,SM001005
2020-08-05,30.2908,SM001005
2020-08-06,30.2211,SM001005
2020-08-07,30.1753,SM001005
2020-08-10,30.1548,SM001005
2020-08-11,30.1443,SM001005
2020-08-12,30.1587,SM001005
2020-08-13,30.1741,SM001005
2020-08-14,30.0955,SM001005
2020-08-17,30.0962,SM001005
2020-08-18,30.0912,SM001005
2020-08-19,30.0741,SM001005
2020-08-20,30.0705,SM001005
2020-08-21,29.795,SM001005
2020-08-24,29.6543,SM001005
2020-08-25,29.7108,SM001005
2020-08-26,29.6842,SM001005
2020-08-27,29.6897,SM001005
2020-08-28,29.6571,SM001005
2020-08-31,29.7227,SM001005
2020-09-01,30.1539,SM001005
2020-09-02,30.1719,SM001005
2020-09-03,30.2267,SM001005
2020-09-04,30.1777,SM001005
2020-09-07,30.1182,SM001005
2020-09-08,29.961,SM001005
2020-09-09,30.0058,SM001005
2020-09-10,29.9651,SM001005
2020-09-11,29.9494,SM001005
2020-09-14,29.9756,SM001005
2020-09-15,29.9713,SM001005
2020-09-16,30.0039,SM001005
2020-09-17,29.9661,SM001005
2020-09-18,29.9702,SM001005
2020-09-21,29.9874,SM001005
2020-09-22,29.9744,SM001005
2020-09-23,29.9723,SM001005
2020-09-24,29.974,SM001005
2020-09-25,29.92,SM001005
2020-09-28,29.9057,SM001005
2020-09-29,29.8711,SM001005
2020-09-30,29.9089,SM001005
2020-10-01,29.9412,SM001005
2020-10-05,29.9766,SM001005
2020-10-06,29.9224,SM001005
2020-10-07,29.9393,SM001005
2020-10-08,29.9567,SM001005
2020-10-09,30.1828,SM001005
2020-10-12,30.2674,SM001005
2020-10-13,30.2819,SM001005
2020-10-14,30.2864,SM001005
2020-10-15,30.3054,SM001005
2020-10-16,30.286,SM001005
2020-10-19,30.2961,SM001005
2020-10-20,30.3068,SM001005
2020-10-21,30.3344,SM001005
2020-10-22,30.3459,SM001005
2020-10-23,30.4202,SM001005
2020-10-26,30.5562,SM001005
2020-10-27,30.5563,SM001005
2020-10-28,30.5406,SM001005
2020-10-29,30.5172,SM001005
2020-11-02,30.5218,SM001005
2020-11-03,30.4838,SM001005
2020-11-04,30.4853,SM001005
2020-11-05,30.5358,SM001005
2020-11-06,30.5592,SM001005
2020-11-09,30.5684,SM001005
2020-11-10,30.5186,SM001005
2020-11-11,30.5383,SM001005
2020-11-12,30.5436,SM001005
2020-11-13,30.5747,SM001005
2020-11-17,30.6084,SM001005
2020-11-18,30.6364,SM001005
2020-11-19,30.6587,SM001005
2020-11-20,30.6799,SM001005
2020-11-23,30.6902,SM001005
2020-11-24,30.7054,SM001005
2020-11-25,30.7339,SM001005
2020-11-26,30.7652,SM001005
2020-11-27,30.748,SM001005
2020-12-01,30.7558,SM001005
2020-12-02,30.7639,SM001005
2020-12-03,30.7664,SM001005
2020-12-04,30.8361,SM001005
2020-12-07,30.8333,SM001005
2020-12-08,30.8146,SM001005
2020-12-09,30.8325,SM001005
2020-12-10,30.8346,SM001005
2020-12-11,30.8052,SM001005
2020-12-14,30.8362,SM001005
2020-12-15,30.8597,SM001005
2020-12-16,30.86,SM001005
2020-12-17,30.8522,SM001005
2020-12-18,30.8366,SM001005
2020-12-21,30.8491,SM001005
2020-12-22,30.8491,SM001005
2020-12-23,30.857,SM001005
2020-12-24,30.8629,SM001005
2020-12-28,30.9153,SM001005
2020-12-29,30.929,SM001005
2020-12-30,30.9505,SM001005
2020-12-31,30.9726,SM001005
2021-01-01,30.97,SM001005
2021-01-04,31.0297,SM001005
2021-01-05,31.0627,SM001005
2021-01-06,31.0335,SM001005
2021-01-07,31.031,SM001005
2021-01-08,31.0516,SM001005
2021-01-11,31.0035,SM001005
2021-01-12,30.9887,SM001005
2021-01-13,30.9588,SM001005
2021-01-14,30.9665,SM001005
2021-01-15,30.8959,SM001005
2021-01-18,30.9177,SM001005
2021-01-19,30.939,SM001005
2021-01-20,30.937,SM001005
2021-01-21,30.9387,SM001005
2021-01-22,30.9645,SM001005
2021-01-25,30.9632,SM001005
2021-01-27,30.9757,SM001005
2021-01-28,30.9885,SM001005
2021-01-29,30.9909,SM001005
2021-02-01,30.6334,SM001005
2021-02-02,30.4832,SM001005
2021-02-03,30.5545,SM001005
2021-02-04,30.623,SM001005
2021-02-05,30.4473,SM001005
2021-02-08,30.4801,SM001005
2021-02-09,30.3783,SM001005
2021-02-10,30.4299,SM001005
2021-02-11,30.4966,SM001005
2021-02-12,30.4895,SM001005
2021-02-15,30.4402,SM001005
2021-02-16,30.4274,SM001005
2021-02-17,30.3867,SM001005
2021-02-18,30.3221,SM001005
2021-02-22,30.2179,SM001005
2021-02-23,30.2191,SM001005
2021-02-24,30.248,SM001005
2021-02-25,30.2128,SM001005
2021-02-26,30.0858,SM001005
2021-03-01,30.1618,SM001005
2021-03-02,30.2106,SM001005
2021-03-03,30.1892,SM001005
2021-03-04,30.2033,SM001005
2021-03-05,30.1626,SM001005
2021-03-08,30.1681,SM001005
2021-03-09,30.1444,SM001005
2021-03-10,30.1355,SM001005
2021-03-12,30.1114,SM001005
2021-03-15,30.1131,SM001005
2021-03-16,30.1511,SM001005
2021-03-17,30.1511,SM001005
2021-03-18,30.1485,SM001005
2021-03-19,30.2587,SM001005
2021-03-22,30.3698,SM001005
2021-03-23,30.4721,SM001005
2021-03-24,30.5243,SM001005
2021-03-25,30.5091,SM001005
2021-03-26,30.5434,SM001005
2021-03-30,30.5576,SM001005
2021-03-31,30.5604,SM001005
2021-04-05,30.6213,SM001005
2021-04-06,30.6634,SM001005
2021-04-07,30.7498,SM001005
2021-04-08,30.8033,SM001005
2021-04-09,30.7806,SM001005
2021-04-12,30.758,SM001005
2021-04-15,30.6611,SM001005
2021-04-16,30.6619,SM001005
2021-04-19,30.6897,SM001005
2021-04-20,30.6771,SM001005
2021-04-22,30.7369,SM001005
2021-04-23,30.7283,SM001005
2021-04-26,30.7887,SM001005
2021-04-27,30.7975,SM001005
2021-04-28,30.8004,SM001005
2021-04-29,30.8226,SM001005
2021-04-30,30.8427,SM001005
2021-05-03,30.8532,SM001005
2021-05-04,30.8495,SM001005
2021-05-05,30.8817,SM001005
2021-05-06,30.9195,SM001005
2021-05-07,30.9186,SM001005
2021-05-10,30.9281,SM001005
2021-05-11,30.934,SM001005
2021-05-12,30.9415,SM001005
2021-05-14,30.9318,SM001005
2021-05-17,30.9717,SM001005
2021-05-18,30.9605,SM001005
2021-05-19,30.9678,SM001005
2021-05-20,30.9896,SM001005
2021-05-21,31.0292,SM001005
2021-05-24,31.0391,SM001005
2021-05-25,31.0509,SM001005
2021-05-27,31.039,SM001005
2021-05-28,31.0039,SM001005
2021-05-31,30.9484,SM001005
2021-06-01,30.9384,SM001005
2021-06-02,30.9574,SM001005
2021-06-03,30.9664,SM001005
2021-06-04,30.9567,SM001005
2021-06-07,31.0033,SM001005
2021-06-08,31.0519,SM001005
2021-06-09,31.0665,SM001005
2021-06-10,31.0948,SM001005
2021-06-11,31.1314,SM001005
2021-06-14,31.1362,SM001005
2021-06-15,31.0486,SM001005
2021-06-16,30.9969,SM001005
2021-06-17,30.9869,SM001005
2021-06-18,30.9829,SM001005
2021-06-21,30.9992,SM001005
2021-06-22,30.9819,SM001005
2021-06-23,30.9785,SM001005
2021-06-24,30.9873,SM001005
2021-06-25,30.9398,SM001005
2021-06-28,30.8759,SM001005
2021-06-29,30.8926,SM001005
2021-06-30,30.8883,SM001005
2021-07-01,30.9031,SM001005
2021-07-02,30.8579,SM001005
2021-07-05,30.8743,SM001005
2021-07-06,30.7434,SM001005
2021-07-07,30.7559,SM001005
2021-07-08,30.8504,SM001005
2021-07-09,30.8435,SM001005
2021-07-12,30.803,SM001005
2021-07-13,30.8278,SM001005
2021-07-14,30.8189,SM001005
2021-07-15,30.8452,SM001005
2021-07-16,30.8133,SM001005
2021-07-19,30.8513,SM001005
2021-07-20,30.9037,SM001005
2021-07-22,30.8772,SM001005
2021-07-23,30.8808,SM001005
2021-07-26,30.9212,SM001005
2021-07-27,30.9189,SM001005
2021-07-28,30.907,SM001005
2021-07-29,30.8845,SM001005
2021-07-30,30.882,SM001005
2021-08-02,30.9267,SM001005
2021-08-03,30.9428,SM001005
2021-08-04,30.954,SM001005
2021-08-05,30.9591,SM001005
2021-08-06,30.8529,SM001005
2021-08-09,30.8908,SM001005
2021-08-10,30.8771,SM001005
2021-08-11,30.8645,SM001005
2021-08-12,30.8937,SM001005
2021-08-13,30.9221,SM001005
2021-08-17,30.9767,SM001005
2021-08-18,31.0081,SM001005
2021-08-20,31.0433,SM001005
2021-08-23,31.0706,SM001005
2021-08-24,31.0783,SM001005
2021-08-25,31.0947,SM001005
2021-08-26,31.1051,SM001005
2021-08-27,31.1468,SM001005
2021-08-30,31.2308,SM001005
2021-08-31,31.2483,SM001005
2021-09-01,31.2997,SM001005
2021-09-02,31.3578,SM001005
2021-09-03,31.445,SM001005
2021-09-06,31.4936,SM001005
2021-09-07,31.4406,SM001005
2021-09-08,31.4418,SM001005
2021-09-09,31.4781,SM001005
2021-09-13,31.4762,SM001005
2021-09-14,31.5048,SM001005
2021-09-15,31.5752,SM001005
2021-09-16,31.5861,SM001005
2021-09-17,31.6222,SM001005
2021-09-20,31.697,SM001005
2021-09-21,31.7114,SM001005
2021-09-22,31.7256,SM001005
2021-09-23,31.7231,SM001005
2021-09-24,31.6426,SM001005
2021-09-27,31.6048,SM001005
2021-09-28,31.5901,SM001005
2021-09-29,31.6153,SM001005
2021-09-30,31.6109,SM001005
2021-10-01,31.5713,SM001005
2021-10-04,31.574,SM001005
2021-10-05,31.5546,SM001005
2021-10-06,31.5276,SM001005
2021-10-07,31.5652,SM001005
2021-10-08,31.4528,SM001005
2021-10-11,31.4166,SM001005
2021-10-12,31.4096,SM001005
2021-10-13,31.4596,SM001005
2021-10-14,31.4707,SM001005
2021-10-18,31.3951,SM001005
2021-10-20,31.4069,SM001005
2021-10-21,31.4801,SM001005
2021-10-22,31.463,SM001005
2021-10-25,31.4887,SM001005
2021-10-26,31.4937,SM001005
2021-10-27,31.5453,SM001005
2021-10-28,31.5632,SM001005
2021-10-29,31.4876,SM001005
2021-11-01,31.4739,SM001005
2021-11-02,31.5107,SM001005
2021-11-03,31.5472,SM001005
2021-11-08,31.6724,SM001005
2021-11-09,31.7479,SM001005
2021-11-10,31.7237,SM001005
2021-11-11,31.6801,SM001005
2021-11-12,31.7048,SM001005
2021-11-15,31.7597,SM001005
2021-11-16,31.7398,SM001005
2021-11-17,31.7509,SM001005
2021-11-18,31.7936,SM001005
2021-11-22,31.7957,SM001005
2021-11-23,31.7834,SM001005
2021-11-24,31.7885,SM001005
2021-11-25,31.8052,SM001005
2021-11-26,31.8727,SM001005
2021-11-29,31.883,SM001005
2021-11-30,31.9114,SM001005
2021-12-01,31.9184,SM001005
2021-12-02,31.9155,SM001005
2021-12-03,31.8929,SM001005
2021-12-06,31.9149,SM001005
2021-12-07,31.8874,SM001005
2021-12-08,31.9487,SM001005
2021-12-09,31.9572,SM001005
2021-12-10,31.9393,SM001005
2021-12-13,31.9533,SM001005
2021-12-14,31.9731,SM001005
2021-12-15,31.9815,SM001005
2021-12-16,31.9664,SM001005
2021-12-17,31.9393,SM001005
2021-12-20,31.8714,SM001005
2021-12-21,31.798,SM001005
2021-12-22,31.7797,SM001005
2021-12-23,31.7989,SM001005
2021-12-24,31.772,SM001005
2021-12-27,31.7865,SM001005
2021-12-28,31.7394,SM001005
2021-12-29,31.779,SM001005
2021-12-30,31.7599,SM001005
2021-12-31,31.782,SM001005
2022-01-03,31.7898,SM001005
2022-01-04,31.6593,SM001005
2022-01-05,31.6662,SM001005
2022-01-06,31.6267,SM001005
2022-01-07,31.6147,SM001005
2022-01-10,31.5444,SM001005
2022-01-11,31.5509,SM001005
2022-01-12,31.5129,SM001005
2022-01-13,31.5614,SM001005
2022-01-14,31.5703,SM001005
2022-01-17,31.4959,SM001005
2022-01-18,31.4832,SM001005
2022-01-19,31.487,SM001005
2022-01-20,31.5083,SM001005
2022-01-21,31.5023,SM001005
2022-01-24,31.4909,SM001005
2022-01-25,31.4949,SM001005
2022-01-27,31.3695,SM001005
2022-01-28,31.3819,SM001005
2022-01-31,31.5043,SM001005
2022-02-01,31.222,SM001005
2022-02-02,31.1443,SM001005
2022-02-03,31.1335,SM001005
2022-02-04,31.1528,SM001005
2022-02-08,31.3693,SM001005
2022-02-09,31.4373,SM001005
2022-02-10,31.6081,SM001005
2022-02-11,31.6852,SM001005
2022-02-14,31.8176,SM001005
2022-02-15,31.7966,SM001005
2022-02-16,31.7874,SM001005
2022-02-17,31.8146,SM001005
2022-02-18,31.8729,SM001005
2022-02-21,31.8545,SM001005
2022-02-22,31.787,SM001005
2022-02-23,31.8218,SM001005
2022-02-24,31.7967,SM001005
2022-02-25,31.8589,SM001005
2022-02-28,31.8326,SM001005
2022-03-02,31.735,SM001005
2022-03-03,31.6658,SM001005
2022-03-04,31.6621,SM001005
2022-03-07,31.5368,SM001005
2022-03-08,31.5176,SM001005
2022-03-09,31.5316,SM001005
2022-03-10,31.6302,SM001005
2022-03-11,31.5966,SM001005
2022-03-14,31.602,SM001005
2022-03-15,31.6491,SM001005
2022-03-16,31.6813,SM001005
2022-03-17,31.7291,SM001005
2022-03-21,31.7328,SM001005
2022-03-22,31.6842,SM001005
2022-03-23,31.7085,SM001005
2022-03-24,31.7123,SM001005
2022-03-25,31.7454,SM001005
2022-03-28,31.7374,SM001005
2022-03-29,31.7427,SM001005
2022-03-30,31.8198,SM001005
2022-03-31,31.7939,SM001005
2022-04-04,31.678,SM001005
2022-04-05,31.6983,SM001005
2022-04-06,31.6969,SM001005
2022-04-07,31.7127,SM001005
2022-04-08,31.467,SM001005
2022-04-11,31.374,SM001005
2022-04-12,31.3082,SM001005
2022-04-13,31.2284,SM001005
2022-04-18,31.2846,SM001005
2022-04-19,31.3542,SM001005
2022-04-20,31.4113,SM001005
2022-04-21,31.3818,SM001005
2022-04-22,31.3436,SM001005
2022-04-25,31.5155,SM001005
2022-04-26,31.5071,SM001005
2022-04-27,31.5089,SM001005
2022-04-28,31.4438,SM001005
2022-04-29,31.4524,SM001005
2022-05-02,31.481,SM001005
2022-05-04,30.9637,SM001005
2022-05-05,30.8694,SM001005
2022-05-06,30.7792,SM001005
2022-05-09,30.7605,SM001005
2022-05-10,30.9486,SM001005
2022-05-11,31.0516,SM001005
2022-05-12,31.1236,SM001005
2022-05-13,31.0427,SM001005
2022-05-17,31.0166,SM001005
2022-05-18,31.0364,SM001005
2022-05-19,31.0537,SM001005
2022-05-20,31.0294,SM001005
2022-05-23,31.034,SM001005
2022-05-24,31.0666,SM001005
2022-05-25,31.1151,SM001005
2022-05-26,31.1439,SM001005
2022-05-27,31.0838,SM001005
2022-05-30,31.0425,SM001005
2022-05-31,30.976,SM001005
2022-06-01,30.9828,SM001005
2022-06-02,30.9536,SM001005
2022-06-03,30.9058,SM001005
2022-06-06,30.83,SM001005
2022-06-07,30.7866,SM001005
2022-06-08,30.8682,SM001005
2022-06-09,30.8693,SM001005
2022-06-10,30.8502,SM001005
2022-06-13,30.7321,SM001005
2022-06-14,30.7567,SM001005
2022-06-15,30.7594,SM001005
2022-06-16,30.7675,SM001005
2022-06-17,30.8054,SM001005
2022-06-20,31.0049,SM001005
2022-06-21,30.9857,SM001005
2022-06-22,31.1081,SM001005
2022-06-23,31.0907,SM001005
2022-06-24,31.0825,SM001005
2022-06-27,31.1289,SM001005
2022-06-28,31.0772,SM001005
2022-06-29,31.0817,SM001005
2022-06-30,31.1255,SM001005
2022-07-01,31.1718,SM001005
2022-07-04,31.2517,SM001005
2022-07-05,31.256,SM001005
2022-07-06,31.4121,SM001005
2022-07-07,31.3871,SM001005
2022-07-08,31.3037,SM001005
2022-07-11,31.2677,SM001005
2022-07-12,31.3006,SM001005
2022-07-13,31.369,SM001005
2022-07-14,31.331,SM001005
2022-07-15,31.279,SM001005
2022-07-18,31.3058,SM001005
2022-07-19,31.2726,SM001005
2022-07-20,31.2775,SM001005
2022-07-21,31.2862,SM001005
2022-07-22,31.3378,SM001005
2022-07-25,31.3985,SM001005
2022-07-26,31.4049,SM001005
2022-07-27,31.4347,SM001005
2022-07-28,31.4588,SM001005
2022-07-29,31.5128,SM001005
2022-08-01,31.6098,SM001005
2022-08-02,31.7163,SM001005
2022-08-03,31.6723,SM001005
2022-08-04,31.7821,SM001005
2022-08-05,31.5825,SM001005
2022-08-08,31.56,SM001005
2022-08-10,31.6356,SM001005
2022-08-11,31.7023,SM001005
2022-08-12,31.6821,SM001005
2022-08-17,31.9099,SM001005
2022-08-18,31.8618,SM001005
2022-08-19,31.8276,SM001005
2022-08-22,31.85,SM001005
2022-08-23,31.8511,SM001005
2022-08-24,31.8603,SM001005
2022-08-25,31.8559,SM001005
2022-08-26,31.9891,SM001005
2022-08-29,31.9477,SM001005
2022-08-30,32.0322,SM001005
2022-09-01,32.0445,SM001005
2022-09-02,32.0001,SM001005
2022-09-05,32.0558,SM001005
2022-09-06,32.0924,SM001005
2022-09-07,32.111,SM001005
2022-09-08,32.2144,SM001005
2022-09-09,32.1986,SM001005
2022-09-12,32.2014,SM001005
2022-09-13,32.2991,SM001005
2022-09-14,32.2522,SM001005
2022-09-15,32.1336,SM001005
2022-09-16,32.0659,SM001005
2022-09-19,32.0549,SM001005
2022-09-20,32.027,SM001005
2022-09-21,32.0578,SM001005
2022-09-22,31.9547,SM001005
2022-09-23,31.8044,SM001005
2022-09-26,31.7552,SM001005
2022-09-27,31.8706,SM001005
2022-09-28,31.8521,SM001005
2022-09-29,31.88,SM001005
2022-09-30,31.845,SM001005
2022-10-03,31.7375,SM001005
2022-10-04,31.8844,SM001005
2022-10-06,31.7839,SM001005
2022-10-07,31.7354,SM001005
2022-10-10,31.6909,SM001005
2022-10-11,31.7479,SM001005
2022-10-12,31.7837,SM001005
2022-10-13,31.7959,SM001005
2022-10-14,31.7432,SM001005
2022-10-17,31.8578,SM001005
2022-10-18,31.882,SM001005
2022-10-19,31.8395,SM001005
2022-10-20,31.7984,SM001005
2022-10-21,31.7451,SM001005
2022-10-25,31.8608,SM001005
2022-10-27,31.9551,SM001005
2022-10-28,31.9548,SM001005
2022-10-31,31.916,SM001005
2022-11-01,31.9673,SM001005
2022-11-02,31.9778,SM001005
2022-11-03,31.874,SM001005
2022-11-04,31.8812,SM001005
2022-11-07,31.9332,SM001005
2022-11-09,32.0286,SM001005
2022-11-10,32.1168,SM001005
2022-11-11,32.259,SM001005
2022-11-14,32.2516,SM001005
2022-11-15,32.2851,SM001005
2022-11-16,32.3002,SM001005
2022-11-17,32.3124,SM001005
2022-11-18,32.2882,SM001005
2022-11-21,32.2985,SM001005
2022-11-22,32.3215,SM001005
2022-11-23,32.3347,SM001005
2022-11-24,32.4033,SM001005
2022-11-25,32.3764,SM001005
2022-11-28,32.4461,SM001005
2022-11-29,32.4294,SM001005
2022-11-30,32.429,SM001005
2022-12-01,32.5403,SM001005
2022-12-02,32.554,SM001005
2022-12-05,32.5739,SM001005
2022-12-06,32.5519,SM001005
2022-12-07,32.5229,SM001005
2022-12-08,32.5266,SM001005
2022-12-09,32.4735,SM001005
2022-12-12,32.4999,SM001005
2022-12-13,32.5509,SM001005
2022-12-14,32.6195,SM001005
2022-12-15,32.5857,SM001005
2022-12-16,32.5575,SM001005
2022-12-19,32.5804,SM001005
2022-12-20,32.544,SM001005
2022-12-21,32.5662,SM001005
2022-12-22,32.5533,SM001005
2022-12-23,32.5305,SM001005
2022-12-26,32.5221,SM001005
2022-12-27,32.5438,SM001005
2022-12-28,32.5436,SM001005
2022-12-29,32.5575,SM001005
2022-12-30,32.554,SM001005
2023-01-02,32.5607,SM001005
2023-01-03,32.5778,SM001005
2023-01-04,32.6059,SM001005
2023-01-05,32.6088,SM001005
2023-01-06,32.5704,SM001005
2023-01-09,32.6401,SM001005
2023-01-10,32.6851,SM001005
2023-01-11,32.7155,SM001005
2023-01-12,32.7437,SM001005
2023-01-13,32.7603,SM001005
2023-01-16,32.7457,SM001005
2023-01-17,32.7397,SM001005
2023-01-18,32.7561,SM001005
2023-01-19,32.8008,SM001005
2023-01-20,32.7445,SM001005
2023-01-23,32.7607,SM001005
2023-01-24,32.7648,SM001005
2023-01-25,32.7647,SM001005
2023-01-27,32.6967,SM001005
2023-01-30,32.672,SM001005
2023-01-31,32.7349,SM001005
2023-02-01,32.8376,SM001005
2023-02-02,32.8865,SM001005
2023-02-03,32.9027,SM001005
2023-02-06,32.8691,SM001005
2023-02-07,32.8872,SM001005
2023-02-08,32.8399,SM001005
2023-02-09,32.8228,SM001005
2023-02-10,32.806,SM001005
2023-02-13,32.807,SM001005
2023-02-14,32.7968,SM001005
2023-02-15,32.8359,SM001005
2023-02-16,32.8714,SM001005
2023-02-17,32.8403,SM001005
2023-02-20,32.8869,SM001005
2023-02-21,32.8725,SM001005
2023-02-22,32.8278,SM001005
2023-02-23,32.8519,SM001005
2023-02-24,32.8359,SM001005
2023-02-27,32.8162,SM001005
2023-02-28,32.8107,SM001005
2023-03-01,32.8251,SM001005
2023-03-02,32.826,SM001005
2023-03-03,32.8503,SM001005
2023-03-06,32.8644,SM001005
2023-03-08,32.7928,SM001005
2023-03-09,32.8058,SM001005
2023-03-10,32.8301,SM001005
2023-03-13,32.947,SM001005
2023-03-14,32.9778,SM001005
2023-03-15,32.9833,SM001005
2023-03-16,33.0128,SM001005
2023-03-17,33.0174,SM001005
2023-03-20,33.1153,SM001005
2023-03-21,33.0853,SM001005
2023-03-23,33.1167,SM001005
2023-03-24,33.1508,SM001005
2023-03-27,33.1912,SM001005
2023-03-28,33.2021,SM001005
2023-03-29,33.2342,SM001005
2023-03-31,33.2495,SM001005
2023-04-03,33.2619,SM001005
2023-04-05,33.3491,SM001005
2023-04-06,33.451,SM001005
2023-04-10,33.4713,SM001005
2023-04-11,33.4595,SM001005
2023-04-12,33.4792,SM001005
2023-04-13,33.4532,SM001005
2023-04-17,33.4684,SM001005
2023-04-18,33.4964,SM001005
2023-04-19,33.5077,SM001005
2023-04-20,33.5309,SM001005
2023-04-21,33.6006,SM001005
2023-04-24,33.7148,SM001005
2023-04-25,33.7827,SM001005
2023-04-26,33.7923,SM001005
2023-04-27,33.8134,SM001005
2023-04-28,33.8103,SM001005
2023-05-02,33.8349,SM001005
2023-05-03,34.0146,SM001005
2023-05-04,34.0534,SM001005
2023-05-08,34.0547,SM001005
2023-05-09,34.0668,SM001005
2023-05-10,34.0716,SM001005
2023-05-11,34.0949,SM001005
2023-05-12,34.1497,SM001005
2023-05-15,34.1894,SM001005
2023-05-16,34.2442,SM001005
2023-05-17,34.275,SM001005
2023-05-18,34.2648,SM001005
2023-05-19,34.2564,SM001005
2023-05-22,34.3061,SM001005
2023-05-23,34.2805,SM001005
2023-05-24,34.3026,SM001005
2023-05-25,34.2881,SM001005
2023-05-26,34.293,SM001005
2023-05-29,34.2766,SM001005
2023-05-30,34.2915,SM001005
2023-05-31,34.334,SM001005
2023-06-01,34.3499,SM001005
2023-06-02,34.3519,SM001005
2023-06-05,34.3706,SM001005
2023-06-06,34.4014,SM001005
2023-06-07,34.4083,SM001005
2023-06-08,34.3489,SM001005
2023-06-09,34.3143,SM001005
2023-06-12,34.3454,SM001005
2023-06-13,34.348,SM001005
2023-06-14,34.3446,SM001005
2023-06-15,34.3176,SM001005
2023-06-16,34.2869,SM001005
2023-06-19,34.3002,SM001005
2023-06-20,34.2837,SM001005
2023-06-21,34.2758,SM001005
2023-06-22,34.2367,SM001005
2023-06-23,34.2428,SM001005
2023-06-26,34.2645,SM001005
2023-06-27,34.2696,SM001005
2023-06-28,34.295,SM001005
2023-06-30,34.2283,SM001005
2023-07-03,34.2326,SM001005
2023-07-04,34.2279,SM001005
2023-07-05,34.2341,SM001005
2023-07-06,34.1845,SM001005
2023-07-07,34.1746,SM001005
2023-07-10,34.192,SM001005
2023-07-11,34.3,SM001005
2023-07-12,34.2779,SM001005
2023-07-13,34.3594,SM001005
2023-07-14,34.3543,SM001005
2023-07-17,34.4017,SM001005
2023-07-18,34.4713,SM001005
2023-07-19,34.4718,SM001005
2023-07-20,34.4678,SM001005
2023-07-21,34.4665,SM001005
2023-07-24,34.4843,SM001005
2023-07-25,34.4402,SM001005
2023-07-26,34.4571,SM001005
2023-07-27,34.4287,SM001005
2023-07-28,34.3376,SM001005
2023-07-31,34.3269,SM001005
2023-08-01,34.3845,SM001005
2023-08-02,34.3688,SM001005
2023-08-03,34.2993,SM001005
2023-08-04,34.2863,SM001005
2023-08-07,34.3303,SM001005
2023-08-08,34.3614,SM001005
2023-08-09,34.3783,SM001005
2023-08-10,34.4087,SM001005
2023-08-11,34.3604,SM001005
2023-08-14,34.367,SM001005
2023-08-17,34.2849,SM001005
2023-08-18,34.3608,SM001005
2023-08-21,34.3957,SM001005
2023-08-22,34.4075,SM001005
2023-08-23,34.4695,SM001005
2023-08-24,34.4997,SM001005
2023-08-25,34.4802,SM001005
2023-08-28,34.5536,SM001005
2023-08-29,34.5815,SM001005
2023-08-30,34.5693,SM001005
2023-08-31,34.5819,SM001005
2023-09-01,34.6015,SM001005
2023-09-04,34.5884,SM001005
2023-09-05,34.5945,SM001005
2023-09-06,34.5765,SM001005
2023-09-07,34.638,SM001005
2023-09-08,34.6061,SM001005
2023-09-11,34.5573,SM001005
2023-09-12,34.5555,SM001005
2023-09-13,34.6221,SM001005
2023-09-14,34.7455,SM001005
2023-09-15,34.6614,SM001005
2023-09-18,34.6844,SM001005
2023-09-20,34.7178,SM001005
2023-09-21,34.7265,SM001005
2023-09-22,34.7032,SM001005
2023-09-25,34.7225,SM001005
2023-09-26,34.7237,SM001005
2023-09-27,34.7088,SM001005
2023-09-28,34.535,SM001005
2023-10-03,34.5754,SM001005
2023-10-04,34.5442,SM001005
2023-10-05,34.6004,SM001005
2023-10-06,34.3419,SM001005
2023-10-09,34.2853,SM001005
2023-10-10,34.3223,SM001005
2023-10-11,34.4064,SM001005
2023-10-12,34.4184,SM001005
2023-10-13,34.4063,SM001005
2023-10-16,34.3938,SM001005
2023-10-17,34.4142,SM001005
2023-10-18,34.3874,SM001005
2023-10-19,34.3608,SM001005
2023-10-20,34.357,SM001005
2023-10-23,34.3362,SM001005
2023-10-25,34.429,SM001005
2023-10-26,34.3889,SM001005
2023-10-27,34.4359,SM001005
2023-10-30,34.4415,SM001005
2023-10-31,34.4552,SM001005
2023-11-01,34.4579,SM001005
2023-11-02,34.5281,SM001005
2023-11-03,34.5687,SM001005
2023-11-06,34.6164,SM001005
2023-11-07,34.6587,SM001005
2023-11-08,34.6986,SM001005
2023-11-09,34.7237,SM001005
2023-11-10,34.6561,SM001005
2023-11-13,34.6966,SM001005
2023-11-15,34.8342,SM001005
2023-11-16,34.8466,SM001005
2023-11-17,34.873,SM001005
2023-11-20,34.8254,SM001005
2023-11-21,34.8085,SM001005
2023-11-22,34.8303,SM001005
2023-11-23,34.8391,SM001005
2023-11-24,34.7822,SM001005
2023-11-28,34.7854,SM001005
2023-11-29,34.8262,SM001005
2023-11-30,34.7787,SM001005
2023-12-01,34.7296,SM001005
2023-12-04,34.7955,SM001005
2023-12-05,34.8313,SM001005
2023-12-06,34.8796,SM001005
2023-12-07,34.9071,SM001005
2023-12-08,34.8691,SM001005
2023-12-11,34.8798,SM001005
2023-12-12,34.8942,SM001005
2023-12-13,34.9368,SM001005
2023-12-14,35.1072,SM001005
2023-12-15,35.2061,SM001005
2023-12-18,35.2439,SM001005
2023-12-19,35.2422,SM001005
2023-12-20,35.2517,SM001005
2023-12-21,35.2348,SM001005
2023-12-22,35.2128,SM001005
2023-12-26,35.2222,SM001005
2023-12-27,35.2179,SM001005
2023-12-28,35.2068,SM001005
2023-12-29,35.2679,SM001005
2024-01-01,35.2065,SM001005
2024-01-02,35.1828,SM001005
2024-01-03,35.1693,SM001005
2024-01-04,35.1635,SM001005
2024-01-05,35.1413,SM001005
2024-01-08,35.2428,SM001005
2024-01-09,35.2814,SM001005
2024-01-10,35.3263,SM001005
2024-01-11,35.3658,SM001005
2024-01-12,35.3506,SM001005
2024-01-15,35.4872,SM001005
2024-01-16,35.4955,SM001005
2024-01-17,35.4742,SM001005
2024-01-18,35.4294,SM001005
2024-01-19,35.4435,SM001005
2024-01-23,35.5057,SM001005
2024-01-24,35.5203,SM001005
2024-01-25,35.5701,SM001005
2024-01-29,35.6437,SM001005
2024-01-30,35.6651,SM001005
2024-01-31,35.7096,SM001005
2024-02-01,35.9744,SM001005
2024-02-02,36.0806,SM001005
2024-02-05,36.0436,SM001005
2024-02-06,36.0645,SM001005
2024-02-07,36.11,SM001005
2024-02-08,36.1262,SM001005
2024-02-09,36.0695,SM001005
2024-02-12,36.099,SM001005
2024-02-13,36.0724,SM001005
2024-02-14,36.0369,SM001005
2024-02-15,36.1562,SM001005
2024-02-16,36.1477,SM001005
2024-02-20,36.213,SM001005
2024-02-21,36.2418,SM001005
2024-02-22,36.2256,SM001005
2024-02-23,36.2158,SM001005
2024-02-26,36.2502,SM001005
2024-02-27,36.2378,SM001005
2024-02-28,36.2466,SM001005
2024-02-29,36.2498,SM001005
2024-03-01,36.2852,SM001005
2024-03-04,36.3213,SM001005
2024-03-05,36.3361,SM001005
2024-03-06,36.3502,SM001005
2024-03-07,36.3956,SM001005
2024-03-11,36.4653,SM001005
2024-03-12,36.4468,SM001005
2024-03-13,36.4294,SM001005
2024-03-14,36.4284,SM001005
2024-03-15,36.4144,SM001005
2024-03-18,36.3638,SM001005
2024-03-19,36.3501,SM001005
2024-03-20,36.3471,SM001005
2024-03-21,36.4316,SM001005
2024-03-22,36.3819,SM001005
2024-03-26,36.3769,SM001005
2024-03-27,36.4272,SM001005
2024-03-28,36.5461,SM001005
2024-03-31,36.5595,SM001005
2024-04-02,36.4411,SM001005
2024-04-03,36.4391,SM001005
2024-04-04,36.4595,SM001005
2024-04-05,36.444,SM001005
2024-04-08,36.3651,SM001005
2024-04-10,36.4465,SM001005
2024-04-12,36.301,SM001005
2024-04-15,36.3444,SM001005
2024-04-16,36.2959,SM001005
2024-04-18,36.3277,SM001005
2024-04-19,36.2361,SM001005
2024-04-22,36.3011,SM001005
2024-04-23,36.3608,SM001005
2024-04-24,36.3383,SM001005
2024-04-25,36.3133,SM001005
2024-04-26,36.3208,SM001005
2024-04-29,36.3557,SM001005
2024-04-30,36.3403,SM001005
2024-05-02,36.3957,SM001005
2024-05-03,36.4607,SM001005
2024-05-06,36.6021,SM001005
2024-05-07,36.5675,SM001005
2024-05-08,36.5563,SM001005
2024-05-09,36.5846,SM001005
2024-05-10,36.6396,SM001005
2024-05-13,36.67,SM001005
2024-05-14,36.715,SM001005
2024-05-15,36.7753,SM001005
2024-05-16,36.8232,SM001005
2024-05-17,36.8006,SM001005
2024-05-21,36.8549,SM001005
2024-05-22,36.9509,SM001005
2024-05-24,36.9896,SM001005
2024-05-27,37.0311,SM001005
2024-05-28,37.018,SM001005
2024-05-29,36.9806,SM001005
2024-05-30,36.9932,SM001005
2024-05-31,37.0133,SM001005
2024-06-03,37.1307,SM001005
2024-06-04,36.8913,SM001005
2024-06-05,36.9534,SM001005
2024-06-06,37.0303,SM001005
2024-06-07,37.0502,SM001005
2024-06-10,37.0621,SM001005
2024-06-11,37.1077,SM001005
2024-06-12,37.1244,SM001005
2024-06-13,37.1817,SM001005
2024-06-14,37.2197,SM001005
2024-06-18,37.2551,SM001005
2024-06-19,37.3189,SM001005
2024-06-20,37.3341,SM001005
2024-06-21,37.3821,SM001005
2024-06-24,37.4215,SM001005
2024-06-25,37.3969,SM001005
2024-06-26,37.3871,SM001005
2024-06-27,37.3929,SM001005
2024-06-28,37.3656,SM001005
2024-07-01,37.3732,SM001005
2024-07-02,37.3973,SM001005
2024-07-03,37.4238,SM001005
2024-07-04,37.4289,SM001005
2024-07-05,37.4197,SM001005
2024-07-08,37.4584,SM001005
2024-07-09,37.473,SM001005
2024-07-10,37.4946,SM001005
2024-07-11,37.4928,SM001005
2024-07-12,37.489,SM001005
2024-07-15,37.517,SM001005
2024-07-16,37.5695,SM001005
2024-07-18,37.584,SM001005
2024-07-19,37.6059,SM001005
2024-07-22,37.635,SM001005
2024-07-23,37.6401,SM001005
2024-07-24,37.6583,SM001005
2024-07-25,37.6917,SM001005
2024-07-26,37.7281,SM001005
2024-07-29,37.7604,SM001005
2024-07-30,37.7012,SM001005
2024-07-31,37.7071,SM001005
2024-08-01,37.7299,SM001005
2024-08-02,37.7685,SM001005
2024-08-05,37.8872,SM001005
2024-08-06,37.8876,SM001005
2024-08-07,37.9219,SM001005
2024-08-08,37.898,SM001005
2024-08-09,37.88,SM001005
2024-08-12,37.9002,SM001005
2024-08-13,37.9057,SM001005
2024-08-14,37.9773,SM001005
2024-08-16,37.9825,SM001005
2024-08-19,38.058,SM001005
2024-08-20,38.1202,SM001005
2024-08-21,38.146,SM001005
2024-08-22,38.1596,SM001005
2024-08-23,38.1492,SM001005
2024-08-26,38.1699,SM001005
2024-08-27,38.1611,SM001005
2024-08-28,38.1427,SM001005
2024-08-29,38.1523,SM001005
2024-08-30,38.1546,SM001005
2024-09-02,38.1519,SM001005
2024-09-03,38.1837,SM001005
2024-09-04,38.2428,SM001005
2024-09-05,38.242,SM001005
2024-09-06,38.2376,SM001005
2024-09-09,38.2615,SM001005
2024-09-10,38.2803,SM001005
2024-09-11,38.3445,SM001005
2024-09-12,38.3846,SM001005
2024-09-13,38.4359,SM001005
2024-09-16,38.5313,SM001005
2024-09-17,38.5184,SM001005
2024-09-19,38.5903,SM001005
2024-09-20,38.591,SM001005
2024-09-23,38.6194,SM001005
2024-09-24,38.6576,SM001005
2024-09-25,38.7433,SM001005
2024-09-26,38.8138,SM001005
2024-09-27,38.7277,SM001005
2024-09-30,38.7666,SM001005
2024-10-01,38.8452,SM001005
2024-10-03,38.742,SM001005
2024-10-04,38.5778,SM001005
2024-10-07,38.584,SM001005
2024-10-08,38.6423,SM001005
2024-10-09,38.7554,SM001005
2024-10-10,38.7474,SM001005
2024-10-11,38.719,SM001005
2024-10-14,38.7771,SM001005
2024-10-15,38.8104,SM001005
2024-10-16,38.8114,SM001005
2024-10-17,38.7708,SM001005
2024-10-18,38.6923,SM001005
2024-10-21,38.6922,SM001005
2024-10-22,38.7108,SM001005
2024-10-23,38.7486,SM001005
2024-10-24,38.7387,SM001005
2024-10-25,38.6949,SM001005
2024-10-28,38.6319,SM001005
2024-10-29,38.6841,SM001005
2024-10-30,38.7423,SM001005
2024-10-31,38.7103,SM001005
2024-11-04,38.7584,SM001005
2024-11-05,38.7602,SM001005
2024-11-06,38.7479,SM001005
2024-11-07,38.7398,SM001005
2024-11-08,38.7859,SM001005
2024-11-11,38.8274,SM001005
2024-11-12,38.7906,SM001005
2024-11-13,38.7519,SM001005
2024-11-14,38.6533,SM001005
2024-11-18,38.6902,SM001005
2024-11-19,38.7049,SM001005
2024-11-21,38.6534,SM001005
2024-11-22,38.6409,SM001005
2024-11-25,38.7088,SM001005
2024-11-26,38.6948,SM001005
2024-11-27,38.7325,SM001005
2024-11-28,38.7124,SM001005
2024-11-29,38.8257,SM001005
2024-12-02,38.9848,SM001005
2024-12-03,38.98,SM001005
2024-12-04,39.0813,SM001005
2024-12-05,39.1053,SM001005
2024-12-06,38.9699,SM001005
2024-12-09,39.0594,SM001005
2024-12-10,39.0874,SM001005
2024-12-11,39.0708,SM001005
2024-12-12,39.0527,SM001005
2024-12-13,39.1284,SM001005
2024-12-16,39.1327,SM001005
2024-12-17,39.1016,SM001005
2024-12-18,39.1173,SM001005
2024-12-19,38.9877,SM001005
2024-12-20,38.945,SM001005
2024-12-23,38.9814,SM001005
2024-12-24,38.9698,SM001005
2024-12-26,38.9519,SM001005
2024-12-27,38.9581,SM001005
2024-12-30,38.9987,SM001005
2024-12-31,39.0635,SM001005
2025-01-01,39.0077,SM001005
2025-01-02,39.0139,SM001005
2025-01-03,39.0264,SM001005
2025-01-06,39.0569,SM001005
2025-01-07,39.1425,SM001005
2025-01-08,39.1371,SM001005
2025-01-09,39.1154,SM001005
2025-01-10,39.1072,SM001005
2025-01-13,38.885,SM001005
2025-01-14,38.8895,SM001005
2025-01-15,38.9164,SM001005
2025-01-16,39.0485,SM001005
2025-01-17,39.0297,SM001005
2025-01-20,39.0889,SM001005
2025-01-21,39.209,SM001005
2025-01-22,39.2945,SM001005
2025-01-23,39.2992,SM001005
2025-01-24,39.3508,SM001005
2025-01-27,39.4461,SM001005
2025-01-28,39.4069,SM001005
2025-01-29,39.3695,SM001005
2025-01-30,39.3801,SM001005
2025-01-31,39.3284,SM001005
2025-02-03,39.3215,SM001005
2025-02-04,39.3087,SM001005
2025-02-05,39.3741,SM001005
2025-02-06,39.4675,SM001005
2025-02-07,39.3603,SM001005
2025-02-10,39.3443,SM001005
2025-02-11,39.3384,SM001005
2025-02-12,39.3811,SM001005
2025-02-13,39.3229,SM001005
2025-02-14,39.3371,SM001005
2025-02-17,39.3635,SM001005
2025-02-18,39.3742,SM001005
2025-02-20,39.3434,SM001005
2025-02-21,39.2851,SM001005
2025-02-24,39.2876,SM001005
2025-02-25,39.2793,SM001005
2025-02-27,39.2292,SM001005
2025-02-28,39.1725,SM001005
2025-03-03,39.1613,SM001005
2025-03-04,39.1261,SM001005
2025-03-05,39.2241,SM001005
2025-03-06,39.3475,SM001005
2025-03-07,39.3858,SM001005
2025-03-10,39.4266,SM001005
2025-03-11,39.4822,SM001005
2025-03-12,39.552,SM001005
2025-03-13,39.61,SM001005
2025-03-17,39.6952,SM001005
2025-03-18,39.7509,SM001005
2025-03-19,39.8847,SM001005
2025-03-20,39.9779,SM001005
2025-03-21,39.9815,SM001005
2025-03-24,39.9846,SM001005
2025-03-25,39.9875,SM001005
2025-03-26,40.094,SM001005
2025-03-27,40.1489,SM001005
2025-03-28,40.304,SM001005
2025-03-31,40.3181,SM001005
2025-04-02,40.6032,SM001005
2025-04-03,40.6032,SM001005
2025-04-04,40.6624,SM001005
2025-04-07,40.634,SM001005
2025-04-08,40.6199,SM001005
2025-04-09,40.6412,SM001005
2025-04-11,40.7209,SM001005
2025-04-15,40.8075,SM001005
2025-04-16,40.8362,SM001005
2025-04-17,40.8797,SM001005
2025-04-19,40.8935,SM001005
2025-04-21,41.0686,SM001005
2025-04-22,41.2295,SM001005
2025-04-23,41.2866,SM001005
2025-04-24,41.2816,SM001005
2025-04-25,41.1649,SM001005
2025-04-28,41.1152,SM001005
2025-04-29,41.264,SM001005
2025-04-30,41.2213,SM001005
2025-05-02,41.2449,SM001005
2025-05-05,41.3242,SM001005
2025-05-06,41.2487,SM001005
2025-05-07,41.2658,SM001005
2025-05-08,41.0358,SM001005
2025-05-09,40.9642,SM001005
2025-05-13,41.194,SM001005
2025-05-14,41.3105,SM001005
2025-05-15,41.3442,SM001005
2025-05-16,41.4219,SM001005
2025-05-19,41.3911,SM001005
2025-05-20,41.4154,SM001005
2025-05-21,41.4531,SM001005
2025-05-22,41.3755,SM001005
2025-05-23,41.4426,SM001005
2025-05-26,41.4652,SM001005
2025-05-27,41.4752,SM001005
2025-05-28,41.4988,SM001005
2025-05-29,41.4719,SM001005
2025-05-30,41.3744,SM001005
2025-06-02,41.3881,SM001005
2025-06-03,41.3987,SM001005
2025-06-04,41.3817,SM001005
2025-06-06,41.1813,SM001005
2025-06-09,40.9946,SM001005
2025-06-10,40.8929,SM001005
2025-06-11,40.8515,SM001005
2025-06-12,40.8179,SM001005
2025-06-13,40.7582,SM001005
2025-06-16,40.8648,SM001005
2025-06-17,40.8524,SM001005
2025-06-18,40.8051,SM001005
2025-06-19,40.684,SM001005
2025-06-20,40.7496,SM001005
2025-06-23,40.7777,SM001005
2025-06-24,40.8625,SM001005
2025-06-25,40.7429,SM001005
2025-06-26,40.7594,SM001005
2025-06-27,40.7225,SM001005
2025-06-30,40.7648,SM001005
2025-07-01,40.8382,SM001005
2025-07-02,40.9099,SM001005
2025-07-03,40.8986,SM001005
2025-07-04,40.9026,SM001005
2025-07-07,40.9195,SM001005
2025-07-08,40.9033,SM001005
2025-07-09,40.8798,SM001005
2025-07-10,40.8555,SM001005
2025-07-11,40.9993,SM001005
2025-07-14,41.0563,SM001005
2025-07-15,41.0428,SM001005
2025-07-16,41.0453,SM001005
2025-07-17,41.0665,SM001005
2025-07-18,41.1658,SM001005
2025-07-21,41.2126,SM001005
2025-07-22,41.2313,SM001005
2025-07-23,41.2116,SM001005
2025-07-24,41.1763,SM001005
2025-07-25,41.0909,SM001005
2025-07-28,41.04,SM001005
2025-07-29,40.9723,SM001005
2025-07-30,40.9731,SM001005
2025-07-31,40.9769,SM001005
2025-08-01,41.0065,SM001005
2025-08-04,41.1213,SM001005
2025-08-05,41.0481,SM001005
2025-08-06,40.8231,SM001005
2025-08-07,40.8235,SM001005
2025-08-08,40.7659,SM001005
2025-08-11,40.615,SM001005
2025-08-12,40.4425,SM001005
2025-08-14,40.6464,SM001005
2025-08-18,40.452,SM001005
2025-08-19,40.3758,SM001005
2025-08-20,40.4448,SM001005
2025-08-21,40.4052,SM001005
2025-08-22,40.3729,SM001005
2025-08-25,40.2331,SM001005
2025-08-26,40.123,SM001005
2025-08-28,40.2892,SM001005
2025-08-29,40.1756,SM001005
2025-09-01,40.1667,SM001005
2025-09-02,40.1728,SM001005
2025-09-03,40.3126,SM001005
2025-09-04,40.476,SM001005
2025-09-05,40.6473,SM001005
2025-09-09,40.6071,SM001005
2025-09-10,40.5589,SM001005
2025-09-11,40.536,SM001005
2025-09-12,40.6004,SM001005
2025-09-15,40.6124,SM001005
2025-09-16,40.6392,SM001005
2025-09-17,40.7541,SM001005
2025-09-18,40.6876,SM001005
2025-09-19,40.7552,SM001005
2025-09-22,40.7557,SM001005
2025-09-23,40.7784,SM001005
2025-09-24,40.7834,SM001005
2025-09-25,40.8164,SM001005
2025-09-26,40.8282,SM001005
2025-09-29,40.8662,SM001005
2025-09-30,40.7962,SM001005
2025-10-01,40.8781,SM001005
2025-10-03,40.9607,SM001005
2025-10-06,41.0536,SM001005
2025-10-07,41.0718,SM001005
2025-10-08,41.1235,SM001005
2025-10-09,41.0966,SM001005
2025-10-10,41.1793,SM001005
2025-10-13,41.2738,SM001005
2025-10-14,41.2463,SM001005
2025-10-15,41.3121,SM001005
2025-10-16,41.2884,SM001005
2025-10-17,41.1989,SM001005
2025-10-20,41.2095,SM001005
2025-10-23,41.1346,SM001005
2025-10-24,41.0759,SM001005
2025-10-27,41.0494,SM001005
2025-10-28,41.0385,SM001005
2025-10-29,41.0615,SM001005
2025-10-30,40.8949,SM001005
2025-10-31,40.9084,SM001005
2025-11-03,40.8728,SM001005
2025-11-04,40.905,SM001005
2025-11-06,40.9382,SM001005
2025-11-07,40.9311,SM001005
2025-11-10,40.9525,SM001005
2025-11-11,40.9554,SM001005
2025-11-12,40.9632,SM001005
2025-11-13,40.9099,SM001005
2025-11-14,40.8069,SM001005
2025-11-17,40.8081,SM001005
2025-11-18,40.8438,SM001005
2025-11-19,40.8875,SM001005
2025-11-20,40.9189,SM001005
2025-11-21,40.8747,SM001005
2025-11-24,40.9475,SM001005
2025-11-25,41.0104,SM001005
2025-11-26,41.0113,SM001005
2025-11-27,40.9934,SM001005
2025-11-28,40.8922,SM001005
2025-12-01,40.8158,SM001005
2025-12-02,40.8237,SM001005
2025-12-03,40.796,SM001005
2025-12-04,40.8009,SM001005
2025-12-05,40.9429,SM001005
2025-12-08,40.8998,SM001005
2025-12-09,40.7045,SM001005
2025-12-10,40.6622,SM001005
2025-12-11,40.7253,SM001005
2025-12-12,40.7793,SM001005
2025-12-15,40.878,SM001005
2025-12-16,40.906,SM001005
2025-12-17,40.8826,SM001005
2025-12-18,40.925,SM001005
2025-12-19,40.9483,SM001005
2025-12-22,40.836,SM001005
2025-12-23,40.8505,SM001005
2025-12-24,41.0219,SM001005
2025-12-26,41.0018,SM001005
2025-12-29,41.0489,SM001005
2025-12-30,41.0248,SM001005
2025-12-31,41.0645,SM001005
2026-01-01,41.085,SM001005
2026-01-02,41.1007,SM001005
2026-01-05,40.9816,SM001005
2026-01-06,40.9547,SM001005
2026-01-07,40.9777,SM001005
2026-01-08,40.9398,SM001005
2026-01-09,40.9284,SM001005
2026-01-12,40.9732,SM001005
2026-01-13,40.9372,SM001005
2026-01-14,40.8983,SM001005
2026-01-16,40.8465,SM001005
2026-01-17,40.8542,SM001005
2026-01-19,40.8512,SM001005
2026-01-20,40.8694,SM001005
2026-01-21,40.9057,SM001005
2026-01-22,40.9613,SM001005
2026-01-23,40.9492,SM001005
2026-01-27,40.9028,SM001005
2026-01-28,40.96,SM001005
2026-01-29,41.011,SM001005
2026-01-30,41.0434,SM001005
2026-02-02,40.8357,SM001005
2026-02-03,40.943,SM001005
2026-02-04,40.9926,SM001005
2026-02-05,41.0961,SM001005
2026-02-06,40.8712,SM001005
2026-02-09,40.8145,SM001005
2026-02-10,40.8185,SM001005
2026-02-11,40.9028,SM001005
2026-02-12,40.9868,SM001005
2026-02-13,40.9994,SM001005
2026-02-16,41.0876,SM001005
2026-02-17,41.1487,SM001005
2026-02-18,41.1201,SM001005
2026-02-20,41.0645,SM001005
2026-02-23,41.1386,SM001005
2026-02-24,41.2057,SM001005
2026-02-25,41.2868,SM001005
2026-02-26,41.3034,SM001005
2026-02-27,41.3768,SM001005
2026-03-02,41.3553,SM001005
2026-03-04,41.2895,SM001005
2026-03-05,41.2954,SM001005
2026-03-06,41.2517,SM001005
2026-03-09,41.1439,SM001005
2026-03-10,41.3314,SM001005
2026-03-11,41.3432,SM001005
2026-03-12,41.2536,SM001005
2026-03-13,41.2313,SM001005
2026-03-16,41.148,SM001005
2026-03-17,41.1409,SM001005
2026-03-18,41.1696,SM001005
2026-03-20,41.0843,SM001005
2026-03-23,40.7996,SM001005
2026-03-24,40.7215,SM001005
2026-03-25,40.732,SM001005
2026-03-27,40.4945,SM001005
2026-03-30,40.3895,SM001005
2026-03-31,40.3976,SM001005
2026-04-01,40.3976,SM001024
2026-04-02,40.1757,SM001024
2026-04-06,40.4116,SM001024
2026-04-07,40.4565,SM001024
2026-04-08,40.8809,SM001024
2026-04-09,40.8019,SM001024
2026-04-10,41.0096,SM001024
2026-04-13,40.9115,SM001024
2026-04-15,41.0774,SM001024
2026-04-16,41.1154,SM001024
2026-04-17,41.112,SM001024
2026-04-20,41.1646,SM001024
2026-04-21,41.182,SM001024
2026-04-22,41.1583,SM001024
2026-04-23,41.0686,SM001024
2026-04-24,41.0297,SM001024
2026-04-27,41.1201,SM001024
2026-04-28,41.0036,SM001024
2026-04-29,40.9602,SM001024
2026-04-30,40.9147,SM001024
2026-05-02,40.9305,SM001024
2026-05-04,41.0268,SM001024
2026-05-05,40.9716,SM001024
2026-05-06,41.2297,SM001024
2026-05-07,41.2545,SM001024
2026-05-08,41.1902,SM001024
2026-05-11,41.013,SM001024
2026-05-12,40.9031,SM001024
2026-05-13,40.9466,SM001024
2026-05-14,40.9961,SM001024
2026-05-15,40.895,SM001024
2026-05-18,40.6629,SM001024
2026-05-19,40.7613,SM001024
2026-05-20,40.8143,SM001024
2026-05-21,40.7787,SM001024
2026-05-22,40.8221,SM001024
2026-05-25,40.9999,SM001024
2026-05-26,40.9753,SM001024
2026-05-27,40.9995,SM001024
2026-05-29,41.0342,SM001024
2026-06-01,41.0189,SM001024
2026-06-02,41.0435,SM001024
2026-06-03,40.9965,SM001024
2026-06-04,41.0556,SM001024
2026-06-05,41.2239,SM001024
2026-06-08,41.287,SM001024
2026-06-09,41.4822,SM001024
2026-06-10,41.4231,SM001024
2026-06-11,41.4093,SM001024
2026-06-12,41.4859,SM001024
2026-06-15,41.5797,SM001024
2026-06-16,41.6076,SM001024
2026-06-17,41.6372,SM001024
2026-06-18,41.7714,SM001024
2026-06-19,41.7464,SM001024
2026-06-22,41.8283,SM001024
2026-06-23,41.9162,SM001024
2026-06-24,42.0758,SM001024
2026-06-25,42.2309,SM001024
2026-06-29,42.3831,SM001024
2026-06-30,42.4406,SM001024
2026-07-01,42.412,SM001024
2026-07-02,42.5278,SM001024
2026-07-03,42.504,SM001024
2026-07-06,42.5456,SM001024
2026-07-07,42.5272,SM001024
2026-07-08,42.3737,SM001024
2026-07-09,42.4169,SM001024
2026-07-10,42.5164,SM001024
2026-07-11,42.5246,SM001024
2026-07-13,42.4796,SM001024
2026-07-14,42.26,SM001024
2026-07-15,42.3244,SM001024
2026-07-16,42.388,SM001024
2026-07-17,42.3144,SM001024
2026-07-20,42.2865,SM001024
2026-07-21,42.2896,SM001024
2026-07-22,42.2172,SM001024
2026-07-23,42.1364,SM001024
2026-07-24,42.1794,SM001024
2026-07-25,42.1876,SM001024
2026-07-27,42.3918,SM001024
2026-07-28,42.3541,SM001024
2026-07-29,42.2771,SM001024
2026-07-30,42.2514,SM001024
2026-07-31,42.2441,SM001024
2026-08-01,42.2523,SM001024
2026-08-03,42.2448,SM001024
2026-08-04,42.2585,SM001024
2026-08-05,42.3468,SM001024
2026-08-06,42.3814,SM001024
2026-08-07,42.4842,SM001024
2026-08-10,42.5703,SM001024
2026-08-11,42.5305,SM001024
2026-08-12,42.6172,SM001024
2026-08-13,42.714,SM001024
2026-08-14,42.7495,SM001024
2026-08-17,42.642,SM001024
2026-08-18,42.5425,SM001024
2026-08-19,42.5494,SM001024
2026-08-20,42.3975,SM001024
2026-08-21,42.3805,SM001024
2026-08-24,42.3591,SM001024
2026-08-25,42.3708,SM001024
2026-08-27,42.3331,SM001024
2026-08-28,42.2478,SM001024
2026-08-29,42.256,SM001024
2026-08-31,42.1157,SM001024
2026-09-01,42.1391,SM001024
2026-09-02,42.0462,SM001024
2026-09-03,42.0916,SM001024
2026-09-04,42.1082,SM001024
2026-09-07,42.1386,SM001024
2026-09-08,42.1474,SM001024
2026-09-09,42.1576,SM001024
2026-09-10,42.1085,SM001024
2026-09-11,42.012,SM001024
2026-09-15,41.8078,SM001024
2026-09-16,41.9167,SM001024
2026-09-17,42.0027,SM001024
2026-09-18,42.016,SM001024
2026-09-21,42.1069,SM001024
2026-09-22,42.1912,SM001024
2026-09-23,42.1748,SM001024
2026-09-24,42.0257,SM001024
2026-09-25,42.0046,SM001024
