date,nav,scheme_code
2009-05-05,10,SM001004
2009-05-06,10,SM001004
2009-05-07,10,SM001004
2009-05-08,10,SM001004
2009-05-11,10,SM001004
2009-05-12,10,SM001004
2009-05-13,10,SM001004
2009-05-14,10,SM001004
2009-05-15,10,SM001004
2009-05-16,10,SM001004
2009-05-18,10,SM001004
2009-05-19,10,SM001004
2009-05-20,10,SM001004
2009-05-21,10,SM001004
2009-05-22,10,SM001004
2009-05-23,10,SM001004
2009-05-25,10,SM001004
2009-05-26,10,SM001004
2009-05-27,10,SM001004
2009-05-28,10,SM001004
2009-05-29,10,SM001004
2009-05-30,10,SM001004
2009-06-01,10,SM001004
2009-06-02,10,SM001004
2009-06-03,10,SM001004
2009-06-04,10.0012,SM001004
2009-06-05,10.0039,SM001004
2009-06-06,10.0084,SM001004
2009-06-08,10.0208,SM001004
2009-06-09,10.0216,SM001004
2009-06-10,10.0237,SM001004
2009-06-11,10.0259,SM001004
2009-06-12,10.0291,SM001004
2009-06-13,10.0291,SM001004
2009-06-15,10.0443,SM001004
2009-06-16,10.0513,SM001004
2009-06-17,10.0594,SM001004
2009-06-18,10.0686,SM001004
2009-06-19,10.0789,SM001004
2009-06-20,10.0789,SM001004
2009-06-22,10.107,SM001004
2009-06-23,10.1088,SM001004
2009-06-24,10.1174,SM001004
2009-06-25,10.1191,SM001004
2009-06-26,10.1208,SM001004
2009-06-27,10.1226,SM001004
2009-06-29,10.126,SM001004
2009-06-30,10.1277,SM001004
2009-07-01,10.1295,SM001004
2009-07-02,10.1314,SM001004
2009-07-03,10.1329,SM001004
2009-07-04,10.1345,SM001004
2009-07-06,10.1376,SM001004
2009-07-07,10.1391,SM001004
2009-07-08,10.1405,SM001004
2009-07-09,10.1419,SM001004
2009-07-10,10.1434,SM001004
2009-07-11,10.1434,SM001004
2009-07-13,10.1476,SM001004
2009-07-14,10.1485,SM001004
2009-07-15,10.1651,SM001004
2009-07-16,10.1664,SM001004
2009-07-17,10.1676,SM001004
2009-07-18,10.1689,SM001004
2009-07-20,10.1716,SM001004
2009-07-21,10.1724,SM001004
2009-07-22,10.1913,SM001004
2009-07-23,10.1926,SM001004
2009-07-24,10.1938,SM001004
2009-07-25,10.1951,SM001004
2009-07-27,10.1975,SM001004
2009-07-28,10.1987,SM001004
2009-07-29,10.1999,SM001004
2009-07-30,10.201,SM001004
2009-07-31,10.2022,SM001004
2009-08-01,10.2034,SM001004
2009-08-03,10.2057,SM001004
2009-08-04,10.2068,SM001004
2009-08-05,10.208,SM001004
2009-08-06,10.2091,SM001004
2009-08-07,10.2102,SM001004
2009-08-08,10.2114,SM001004
2009-08-10,10.2137,SM001004
2009-08-11,10.2148,SM001004
2009-08-12,10.2159,SM001004
2009-08-13,10.2177,SM001004
2009-08-14,10.2196,SM001004
2009-08-17,10.2249,SM001004
2009-08-18,10.2267,SM001004
2009-08-20,10.2343,SM001004
2009-08-21,10.236,SM001004
2009-08-22,10.2376,SM001004
2009-08-24,10.2409,SM001004
2009-08-25,10.2423,SM001004
2009-08-26,10.24,SM001004
2009-08-27,10.2413,SM001004
2009-08-28,10.2388,SM001004
2009-08-29,10.2401,SM001004
2009-08-31,10.236,SM001004
2009-09-01,10.229,SM001004
2009-09-02,10.2391,SM001004
2009-09-03,10.2372,SM001004
2009-09-04,10.2341,SM001004
2009-09-05,10.2353,SM001004
2009-09-07,10.2484,SM001004
2009-09-08,10.2386,SM001004
2009-09-09,10.2401,SM001004
2009-09-10,10.2417,SM001004
2009-09-11,10.2388,SM001004
2009-09-12,10.24,SM001004
2009-09-14,10.2463,SM001004
2009-09-15,10.2478,SM001004
2009-09-16,10.2696,SM001004
2009-09-17,10.2679,SM001004
2009-09-18,10.2795,SM001004
2009-09-19,10.2805,SM001004
2009-09-22,10.2845,SM001004
2009-09-23,10.2855,SM001004
2009-09-24,10.2864,SM001004
2009-09-25,10.2874,SM001004
2009-09-26,10.2884,SM001004
2009-09-29,10.2995,SM001004
2009-09-30,10.3005,SM001004
2009-10-01,10.3052,SM001004
2009-10-03,10.3071,SM001004
2009-10-05,10.309,SM001004
2009-10-06,10.3109,SM001004
2009-10-07,10.3134,SM001004
2009-10-08,10.1246,SM001004
2009-10-09,10.1187,SM001004
2009-10-10,10.1205,SM001004
2009-10-12,10.1231,SM001004
2009-10-14,10.1277,SM001004
2009-10-15,10.1437,SM001004
2009-10-16,10.1468,SM001004
2009-10-20,10.1759,SM001004
2009-10-21,10.1804,SM001004
2009-10-22,10.1827,SM001004
2009-10-23,10.1851,SM001004
2009-10-24,10.1871,SM001004
2009-10-26,10.1941,SM001004
2009-10-27,10.1964,SM001004
2009-10-28,10.1982,SM001004
2009-10-29,10.2158,SM001004
2009-10-30,10.2182,SM001004
2009-10-31,10.2201,SM001004
2009-11-03,10.2273,SM001004
2009-11-04,10.2439,SM001004
2009-11-05,10.2587,SM001004
2009-11-06,10.2639,SM001004
2009-11-07,10.2658,SM001004
2009-11-09,10.4399,SM001004
2009-11-10,10.4603,SM001004
2009-11-11,10.4708,SM001004
2009-11-12,10.47,SM001004
2009-11-13,10.4769,SM001004
2009-11-14,10.4779,SM001004
2009-11-16,10.4893,SM001004
2009-11-17,10.4939,SM001004
2009-11-18,10.4984,SM001004
2009-11-19,10.5083,SM001004
2009-11-20,10.5146,SM001004
2009-11-21,10.5156,SM001004
2009-11-23,10.5039,SM001004
2009-11-24,10.5101,SM001004
2009-11-25,10.5162,SM001004
2009-11-26,10.7058,SM001004
2009-11-27,10.6995,SM001004
2009-11-30,10.6869,SM001004
2009-12-01,10.6659,SM001004
2009-12-02,10.6518,SM001004
2009-12-03,10.6554,SM001004
2009-12-04,10.6487,SM001004
2009-12-05,10.6507,SM001004
2009-12-07,10.6237,SM001004
2009-12-08,10.6438,SM001004
2009-12-09,10.6549,SM001004
2009-12-10,10.7031,SM001004
2009-12-11,10.7053,SM001004
2009-12-12,10.7076,SM001004
2009-12-14,10.7217,SM001004
2009-12-15,10.7101,SM001004
2009-12-16,10.7046,SM001004
2009-12-17,10.7056,SM001004
2009-12-18,10.7073,SM001004
2009-12-19,10.683,SM001004
2009-12-21,10.6871,SM001004
2009-12-22,10.6891,SM001004
2009-12-23,10.6928,SM001004
2009-12-24,10.7337,SM001004
2009-12-26,10.7378,SM001004
2009-12-29,10.7391,SM001004
2009-12-30,10.7429,SM001004
2009-12-31,10.7445,SM001004
2010-01-02,10.752,SM001004
2010-01-04,10.7562,SM001004
2010-01-05,10.7577,SM001004
2010-01-06,10.7624,SM001004
2010-01-07,10.7668,SM001004
2010-01-08,10.7689,SM001004
2010-01-09,10.771,SM001004
2010-01-11,10.7737,SM001004
2010-01-12,10.7757,SM001004
2010-01-13,10.7675,SM001004
2010-01-14,10.7661,SM001004
2010-01-15,10.8026,SM001004
2010-01-16,10.805,SM001004
2010-01-18,10.8106,SM001004
2010-01-19,10.8147,SM001004
2010-01-20,10.817,SM001004
2010-01-21,10.8257,SM001004
2010-01-22,10.8361,SM001004
2010-01-23,10.8384,SM001004
2010-01-25,10.845,SM001004
2010-01-27,10.8505,SM001004
2010-01-28,10.8678,SM001004
2010-01-29,10.8686,SM001004
2010-01-30,10.871,SM001004
2010-02-01,10.8774,SM001004
2010-02-02,10.8508,SM001004
2010-02-03,10.8478,SM001004
2010-02-04,10.8463,SM001004
2010-02-05,10.8472,SM001004
2010-02-06,10.8497,SM001004
2010-02-08,10.854,SM001004
2010-02-09,10.8563,SM001004
2010-02-10,10.8572,SM001004
2010-02-11,10.8472,SM001004
2010-02-13,10.8521,SM001004
2010-02-15,10.8417,SM001004
2010-02-16,10.8282,SM001004
2010-02-17,10.8143,SM001004
2010-02-18,10.8123,SM001004
2010-02-19,10.8101,SM001004
2010-02-20,10.8123,SM001004
2010-02-22,10.8233,SM001004
2010-02-23,10.8359,SM001004
2010-02-24,10.8489,SM001004
2010-02-25,10.8625,SM001004
2010-02-26,10.8571,SM001004
2010-03-02,10.8423,SM001004
2010-03-03,10.8451,SM001004
2010-03-04,10.8516,SM001004
2010-03-05,10.8537,SM001004
2010-03-06,10.856,SM001004
2010-03-08,10.8651,SM001004
2010-03-09,10.8692,SM001004
2010-03-10,10.8603,SM001004
2010-03-11,10.8627,SM001004
2010-03-12,10.8693,SM001004
2010-03-13,10.8717,SM001004
2010-03-15,10.8762,SM001004
2010-03-17,10.8851,SM001004
2010-03-18,10.896,SM001004
2010-03-19,10.927,SM001004
2010-03-20,10.9295,SM001004
2010-03-22,10.9134,SM001004
2010-03-23,10.9195,SM001004
2010-03-25,10.9234,SM001004
2010-03-26,10.932,SM001004
2010-03-29,10.9418,SM001004
2010-03-30,10.9694,SM001004
2010-03-31,10.9944,SM001004
2010-04-05,11.012,SM001004
2010-04-06,11.0161,SM001004
2010-04-07,11.0206,SM001004
2010-04-08,11.0253,SM001004
2010-04-09,11.0175,SM001004
2010-04-12,11.0036,SM001004
2010-04-13,11.0058,SM001004
2010-04-15,11.0088,SM001004
2010-04-16,11.0118,SM001004
2010-04-19,11.0208,SM001004
2010-04-20,11.0497,SM001004
2010-04-21,11.0723,SM001004
2010-04-22,11.1021,SM001004
2010-04-23,11.1089,SM001004
2010-04-26,11.1154,SM001004
2010-04-27,11.1177,SM001004
2010-04-28,11.1338,SM001004
2010-04-29,11.2011,SM001004
2010-04-30,11.2021,SM001004
2010-05-03,11.2093,SM001004
2010-05-04,11.2134,SM001004
2010-05-05,11.2405,SM001004
2010-05-06,11.2289,SM001004
2010-05-07,11.2393,SM001004
2010-05-10,11.244,SM001004
2010-05-11,11.2525,SM001004
2010-05-12,11.2617,SM001004
2010-05-13,11.2641,SM001004
2010-05-14,11.2766,SM001004
2010-05-17,11.3374,SM001004
2010-05-18,11.3386,SM001004
2010-05-19,11.3652,SM001004
2010-05-20,11.344,SM001004
2010-05-21,11.3646,SM001004
2010-05-24,11.3725,SM001004
2010-05-25,11.3796,SM001004
2010-05-26,11.3524,SM001004
2010-05-28,11.3473,SM001004
2010-05-31,11.3633,SM001004
2010-06-01,11.3641,SM001004
2010-06-02,11.3691,SM001004
2010-06-03,11.3702,SM001004
2010-06-04,11.5462,SM001004
2010-06-07,11.5517,SM001004
2010-06-08,11.5537,SM001004
2010-06-09,11.5145,SM001004
2010-06-10,11.5476,SM001004
2010-06-11,11.5475,SM001004
2010-06-14,11.5471,SM001004
2010-06-15,11.5492,SM001004
2010-06-16,11.553,SM001004
2010-06-17,11.5715,SM001004
2010-06-18,11.5738,SM001004
2010-06-21,11.5854,SM001004
2010-06-22,11.5906,SM001004
2010-06-23,11.5929,SM001004
2010-06-24,11.5952,SM001004
2010-06-25,11.5891,SM001004
2010-06-28,11.5973,SM001004
2010-06-29,11.6042,SM001004
2010-06-30,11.6313,SM001004
2010-07-02,11.6418,SM001004
2010-07-05,11.6473,SM001004
2010-07-06,11.6423,SM001004
2010-07-07,11.6566,SM001004
2010-07-08,11.6591,SM001004
2010-07-09,11.6521,SM001004
2010-07-12,11.6526,SM001004
2010-07-13,11.6498,SM001004
2010-07-14,11.6498,SM001004
2010-07-15,11.6524,SM001004
2010-07-16,11.656,SM001004
2010-07-19,11.6642,SM001004
2010-07-20,11.6667,SM001004
2010-07-21,11.6597,SM001004
2010-07-22,11.6705,SM001004
2010-07-23,11.6729,SM001004
2010-07-26,11.6798,SM001004
2010-07-27,11.6726,SM001004
2010-07-28,11.695,SM001004
2010-07-29,11.6694,SM001004
2010-07-30,11.6618,SM001004
2010-08-02,11.651,SM001004
2010-08-03,11.6572,SM001004
2010-08-04,11.676,SM001004
2010-08-05,11.6564,SM001004
2010-08-06,11.6658,SM001004
2010-08-09,11.6827,SM001004
2010-08-10,11.6956,SM001004
2010-08-11,11.7041,SM001004
2010-08-12,11.7126,SM001004
2010-08-13,11.7131,SM001004
2010-08-16,11.726,SM001004
2010-08-17,11.7229,SM001004
2010-08-18,11.7142,SM001004
2010-08-20,11.7161,SM001004
2010-08-23,11.7178,SM001004
2010-08-24,11.7251,SM001004
2010-08-25,11.73,SM001004
2010-08-26,11.7362,SM001004
2010-08-27,11.7387,SM001004
2010-08-30,11.747,SM001004
2010-08-31,11.752,SM001004
2010-09-01,11.7657,SM001004
2010-09-02,11.7691,SM001004
2010-09-03,11.7718,SM001004
2010-09-06,11.7796,SM001004
2010-09-07,11.7857,SM001004
2010-09-08,11.797,SM001004
2010-09-09,11.7997,SM001004
2010-09-13,11.8725,SM001004
2010-09-14,11.8753,SM001004
2010-09-15,11.8828,SM001004
2010-09-16,11.8828,SM001004
2010-09-17,11.8857,SM001004
2010-09-20,11.9036,SM001004
2010-09-21,11.9071,SM001004
2010-09-22,11.9183,SM001004
2010-09-23,11.9232,SM001004
2010-09-24,11.9399,SM001004
2010-09-27,11.9419,SM001004
2010-09-28,11.9485,SM001004
2010-09-29,11.9675,SM001004
2010-10-01,11.9757,SM001004
2010-10-04,11.9835,SM001004
2010-10-05,11.9863,SM001004
2010-10-06,11.9889,SM001004
2010-10-07,11.9917,SM001004
2010-10-08,11.9964,SM001004
2010-10-11,12.0049,SM001004
2010-10-12,11.9964,SM001004
2010-10-13,11.9977,SM001004
2010-10-14,11.9958,SM001004
2010-10-15,11.989,SM001004
2010-10-18,11.9816,SM001004
2010-10-19,11.9645,SM001004
2010-10-20,11.9672,SM001004
2010-10-21,11.9654,SM001004
2010-10-22,11.9704,SM001004
2010-10-25,11.9787,SM001004
2010-10-26,11.9815,SM001004
2010-10-27,11.9799,SM001004
2010-10-28,11.9827,SM001004
2010-10-29,11.9854,SM001004
2010-11-01,11.9938,SM001004
2010-11-02,12.0388,SM001004
2010-11-03,12.0564,SM001004
2010-11-04,12.0627,SM001004
2010-11-08,12.0873,SM001004
2010-11-09,12.086,SM001004
2010-11-10,12.0825,SM001004
2010-11-11,12.0797,SM001004
2010-11-12,12.0814,SM001004
2010-11-15,12.0979,SM001004
2010-11-16,12.0962,SM001004
2010-11-18,12.1012,SM001004
2010-11-19,12.1023,SM001004
2010-11-22,12.1039,SM001004
2010-11-23,12.0966,SM001004
2010-11-24,12.1027,SM001004
2010-11-25,12.1048,SM001004
2010-11-26,12.1043,SM001004
2010-11-29,12.1076,SM001004
2010-11-30,12.169,SM001004
2010-12-01,12.164,SM001004
2010-12-02,12.1615,SM001004
2010-12-03,12.1627,SM001004
2010-12-06,12.1378,SM001004
2010-12-07,12.1285,SM001004
2010-12-08,12.1122,SM001004
2010-12-09,12.1085,SM001004
2010-12-10,12.1115,SM001004
2010-12-13,12.1133,SM001004
2010-12-14,12.1224,SM001004
2010-12-15,12.1218,SM001004
2010-12-16,12.1478,SM001004
2010-12-20,12.1668,SM001004
2010-12-21,12.1639,SM001004
2010-12-22,12.1596,SM001004
2010-12-23,12.1626,SM001004
2010-12-24,12.1656,SM001004
2010-12-27,12.1745,SM001004
2010-12-28,12.1775,SM001004
2010-12-29,12.1743,SM001004
2010-12-30,12.1776,SM001004
2010-12-31,12.1801,SM001004
2011-01-03,12.1822,SM001004
2011-01-04,12.1853,SM001004
2011-01-05,12.1884,SM001004
2011-01-06,12.1885,SM001004
2011-01-07,12.1915,SM001004
2011-01-10,12.2346,SM001004
2011-01-11,12.2433,SM001004
2011-01-12,12.2443,SM001004
2011-01-13,12.2339,SM001004
2011-01-14,12.2246,SM001004
2011-01-17,12.2179,SM001004
2011-01-18,12.2211,SM001004
2011-01-19,12.2063,SM001004
2011-01-20,12.1962,SM001004
2011-01-21,12.1986,SM001004
2011-01-24,12.1949,SM001004
2011-01-25,12.1768,SM001004
2011-01-27,12.1839,SM001004
2011-01-28,12.1855,SM001004
2011-01-31,12.1817,SM001004
2011-02-01,12.1711,SM001004
2011-02-02,12.1708,SM001004
2011-02-03,12.1774,SM001004
2011-02-04,12.1854,SM001004
2011-02-07,12.1863,SM001004
2011-02-08,12.1903,SM001004
2011-02-09,12.1932,SM001004
2011-02-10,12.1948,SM001004
2011-02-11,12.1999,SM001004
2011-02-14,12.2087,SM001004
2011-02-15,12.2117,SM001004
2011-02-17,12.2176,SM001004
2011-02-18,12.2206,SM001004
2011-02-21,12.2259,SM001004
2011-02-22,12.2286,SM001004
2011-02-23,12.2316,SM001004
2011-02-24,12.234,SM001004
2011-02-25,12.2368,SM001004
2011-02-28,12.2457,SM001004
2011-03-01,12.2569,SM001004
2011-03-03,12.2657,SM001004
2011-03-04,12.2694,SM001004
2011-03-07,12.2787,SM001004
2011-03-08,12.2815,SM001004
2011-03-09,12.2879,SM001004
2011-03-10,12.2907,SM001004
2011-03-11,12.2935,SM001004
2011-03-14,12.3019,SM001004
2011-03-15,12.3047,SM001004
2011-03-16,12.3059,SM001004
2011-03-17,12.3179,SM001004
2011-03-18,12.3219,SM001004
2011-03-21,12.3311,SM001004
2011-03-22,12.3352,SM001004
2011-03-23,12.3386,SM001004
2011-03-24,12.3412,SM001004
2011-03-25,12.344,SM001004
2011-03-28,12.3762,SM001004
2011-03-29,12.3801,SM001004
2011-03-30,12.383,SM001004
2011-03-31,12.3858,SM001004
2011-04-05,12.3881,SM001004
2011-04-06,12.3909,SM001004
2011-04-07,12.3857,SM001004
2011-04-08,12.3895,SM001004
2011-04-11,12.3959,SM001004
2011-04-13,12.3989,SM001004
2011-04-15,12.423,SM001004
2011-04-18,12.4137,SM001004
2011-04-19,12.4156,SM001004
2011-04-20,12.4154,SM001004
2011-04-21,12.4091,SM001004
2011-04-25,12.4192,SM001004
2011-04-26,12.4156,SM001004
2011-04-27,12.4151,SM001004
2011-04-28,12.4173,SM001004
2011-04-29,12.4173,SM001004
2011-05-02,12.4256,SM001004
2011-05-03,12.4404,SM001004
2011-05-04,12.4422,SM001004
2011-05-05,12.4198,SM001004
2011-05-06,12.4232,SM001004
2011-05-09,12.4226,SM001004
2011-05-10,12.4056,SM001004
2011-05-11,12.3898,SM001004
2011-05-12,12.3943,SM001004
2011-05-13,12.3971,SM001004
2011-05-16,12.4068,SM001004
2011-05-18,12.4104,SM001004
2011-05-19,12.4134,SM001004
2011-05-20,12.4046,SM001004
2011-05-23,12.4068,SM001004
2011-05-24,12.4075,SM001004
2011-05-25,12.4075,SM001004
2011-05-26,12.4103,SM001004
2011-05-27,12.3693,SM001004
2011-05-30,12.3516,SM001004
2011-05-31,12.3321,SM001004
2011-06-01,12.3353,SM001004
2011-06-02,12.3516,SM001004
2011-06-03,12.3577,SM001004
2011-06-06,12.3666,SM001004
2011-06-07,12.379,SM001004
2011-06-08,12.3786,SM001004
2011-06-09,12.3938,SM001004
2011-06-10,12.4143,SM001004
2011-06-13,12.4274,SM001004
2011-06-14,12.4185,SM001004
2011-06-15,12.4127,SM001004
2011-06-16,12.4389,SM001004
2011-06-17,12.4542,SM001004
2011-06-20,12.471,SM001004
2011-06-21,12.4723,SM001004
2011-06-22,12.4651,SM001004
2011-06-23,12.4649,SM001004
2011-06-24,12.4738,SM001004
2011-06-27,12.4837,SM001004
2011-06-28,12.4867,SM001004
2011-06-29,12.4875,SM001004
2011-06-30,12.4905,SM001004
2011-07-04,12.5021,SM001004
2011-07-05,12.5427,SM001004
2011-07-06,12.5437,SM001004
2011-07-07,12.5611,SM001004
2011-07-08,12.56,SM001004
2011-07-11,12.5864,SM001004
2011-07-12,12.6085,SM001004
2011-07-13,12.6069,SM001004
2011-07-14,12.6298,SM001004
2011-07-15,12.6507,SM001004
2011-07-18,12.6568,SM001004
2011-07-19,12.6847,SM001004
2011-07-20,12.6922,SM001004
2011-07-21,12.719,SM001004
2011-07-22,12.7194,SM001004
2011-07-25,12.7382,SM001004
2011-07-26,12.6983,SM001004
2011-07-27,12.6728,SM001004
2011-07-28,12.7026,SM001004
2011-07-29,12.697,SM001004
2011-08-01,12.7087,SM001004
2011-08-02,12.708,SM001004
2011-08-03,12.717,SM001004
2011-08-04,12.7135,SM001004
2011-08-08,12.78,SM001004
2011-08-09,12.8098,SM001004
2011-08-10,12.8075,SM001004
2011-08-11,12.8111,SM001004
2011-08-12,12.7963,SM001004
2011-08-16,12.7909,SM001004
2011-08-17,12.7915,SM001004
2011-08-18,12.7945,SM001004
2011-08-22,12.8168,SM001004
2011-08-23,12.8244,SM001004
2011-08-24,12.8391,SM001004
2011-08-25,12.8459,SM001004
2011-08-26,12.828,SM001004
2011-08-29,12.8354,SM001004
2011-08-30,12.8334,SM001004
2011-09-02,12.8552,SM001004
2011-09-05,12.8692,SM001004
2011-09-06,12.8715,SM001004
2011-09-07,12.8526,SM001004
2011-09-08,12.8684,SM001004
2011-09-09,12.8705,SM001004
2011-09-12,12.8797,SM001004
2011-09-13,12.8877,SM001004
2011-09-14,12.8817,SM001004
2011-09-15,12.8756,SM001004
2011-09-16,12.8647,SM001004
2011-09-19,12.8801,SM001004
2011-09-20,12.8838,SM001004
2011-09-21,12.9079,SM001004
2011-09-22,12.9116,SM001004
2011-09-23,12.869,SM001004
2011-09-26,12.9169,SM001004
2011-09-27,12.918,SM001004
2011-09-28,12.8657,SM001004
2011-09-29,12.8849,SM001004
2011-10-03,12.8959,SM001004
2011-10-04,12.8646,SM001004
2011-10-05,12.8696,SM001004
2011-10-07,12.8485,SM001004
2011-10-10,12.8092,SM001004
2011-10-11,12.8092,SM001004
2011-10-12,12.7861,SM001004
2011-10-13,12.795,SM001004
2011-10-14,12.8241,SM001004
2011-10-17,12.8298,SM001004
2011-10-18,12.8417,SM001004
2011-10-19,12.8527,SM001004
2011-10-20,12.8794,SM001004
2011-10-21,12.8671,SM001004
2011-10-24,12.8738,SM001004
2011-10-25,12.9352,SM001004
2011-10-28,12.914,SM001004
2011-10-31,12.9109,SM001004
2011-11-01,12.9067,SM001004
2011-11-02,12.9097,SM001004
2011-11-03,12.9238,SM001004
2011-11-04,12.9303,SM001004
2011-11-08,12.9036,SM001004
2011-11-09,12.9081,SM001004
2011-11-11,12.9134,SM001004
2011-11-14,12.9168,SM001004
2011-11-15,12.9477,SM001004
2011-11-16,12.9539,SM001004
2011-11-17,12.9267,SM001004
2011-11-18,12.9347,SM001004
2011-11-21,13.0009,SM001004
2011-11-22,13.0059,SM001004
2011-11-23,13.01,SM001004
2011-11-24,13.0302,SM001004
2011-11-25,13.0361,SM001004
2011-11-28,13.0422,SM001004
2011-11-29,13.0438,SM001004
2011-11-30,13.065,SM001004
2011-12-01,13.0793,SM001004
2011-12-02,13.032,SM001004
2011-12-05,13.1588,SM001004
2011-12-07,13.169,SM001004
2011-12-08,13.142,SM001004
2011-12-09,13.1565,SM001004
2011-12-12,13.2503,SM001004
2011-12-13,13.2664,SM001004
2011-12-14,13.2665,SM001004
2011-12-15,13.2693,SM001004
2011-12-16,13.3121,SM001004
2011-12-19,13.3473,SM001004
2011-12-20,13.331,SM001004
2011-12-21,13.3148,SM001004
2011-12-22,13.2888,SM001004
2011-12-23,13.2854,SM001004
2011-12-26,13.2827,SM001004
2011-12-27,13.2614,SM001004
2011-12-28,13.2744,SM001004
2011-12-29,13.2125,SM001004
2011-12-30,13.2103,SM001004
2012-01-02,13.3197,SM001004
2012-01-03,13.3463,SM001004
2012-01-04,13.3431,SM001004
2012-01-05,13.3617,SM001004
2012-01-06,13.3774,SM001004
2012-01-09,13.4266,SM001004
2012-01-10,13.4194,SM001004
2012-01-11,13.4103,SM001004
2012-01-12,13.3467,SM001004
2012-01-13,13.4104,SM001004
2012-01-16,13.3429,SM001004
2012-01-17,13.4241,SM001004
2012-01-18,13.4402,SM001004
2012-01-19,13.4563,SM001004
2012-01-20,13.4681,SM001004
2012-01-23,13.4725,SM001004
2012-01-24,13.4441,SM001004
2012-01-25,13.4516,SM001004
2012-01-27,13.4572,SM001004
2012-01-30,13.4673,SM001004
2012-01-31,13.4723,SM001004
2012-02-01,13.5193,SM001004
2012-02-02,13.455,SM001004
2012-02-03,13.5278,SM001004
2012-02-06,13.5403,SM001004
2012-02-07,13.5377,SM001004
2012-02-08,13.5507,SM001004
2012-02-09,13.5525,SM001004
2012-02-10,13.5565,SM001004
2012-02-13,13.5677,SM001004
2012-02-14,13.5731,SM001004
2012-02-15,13.5758,SM001004
2012-02-17,13.5783,SM001004
2012-02-21,13.5888,SM001004
2012-02-22,13.5905,SM001004
2012-02-23,13.6237,SM001004
2012-02-24,13.627,SM001004
2012-02-27,13.6269,SM001004
2012-02-28,13.6211,SM001004
2012-02-29,13.6289,SM001004
2012-03-01,13.6063,SM001004
2012-03-02,13.6033,SM001004
2012-03-05,13.6154,SM001004
2012-03-06,13.6352,SM001004
2012-03-07,13.6093,SM001004
2012-03-09,13.59,SM001004
2012-03-12,13.5938,SM001004
2012-03-13,13.5972,SM001004
2012-03-14,13.6043,SM001004
2012-03-15,13.5857,SM001004
2012-03-16,13.5741,SM001004
2012-03-19,13.5842,SM001004
2012-03-20,13.5909,SM001004
2012-03-21,13.5317,SM001004
2012-03-22,13.6612,SM001004
2012-03-26,13.612,SM001004
2012-03-27,13.7257,SM001004
2012-03-28,13.6826,SM001004
2012-03-29,13.6925,SM001004
2012-03-30,13.7568,SM001004
2012-04-03,13.7023,SM001004
2012-04-04,13.7448,SM001004
2012-04-09,13.7797,SM001004
2012-04-10,13.7991,SM001004
2012-04-11,13.7719,SM001004
2012-04-12,13.8177,SM001004
2012-04-13,13.8723,SM001004
2012-04-16,13.831,SM001004
2012-04-17,13.9403,SM001004
2012-04-18,13.9028,SM001004
2012-04-19,13.942,SM001004
2012-04-20,13.9262,SM001004
2012-04-23,13.9517,SM001004
2012-04-24,13.9439,SM001004
2012-04-25,13.918,SM001004
2012-04-26,13.9134,SM001004
2012-04-27,13.8847,SM001004
2012-04-30,13.9293,SM001004
2012-05-02,13.9282,SM001004
2012-05-03,13.9461,SM001004
2012-05-04,13.9105,SM001004
2012-05-07,13.9306,SM001004
2012-05-08,13.9686,SM001004
2012-05-09,13.9846,SM001004
2012-05-10,13.9546,SM001004
2012-05-11,13.9113,SM001004
2012-05-14,13.9858,SM001004
2012-05-15,13.9683,SM001004
2012-05-16,13.9982,SM001004
2012-05-17,13.9998,SM001004
2012-05-18,14.0081,SM001004
2012-05-21,14.0173,SM001004
2012-05-22,13.9826,SM001004
2012-05-23,14.0163,SM001004
2012-05-24,14.0184,SM001004
2012-05-25,13.9779,SM001004
2012-05-28,14.0307,SM001004
2012-05-29,14.0345,SM001004
2012-05-30,14.0335,SM001004
2012-05-31,14.0625,SM001004
2012-06-01,14.0384,SM001004
2012-06-04,14.0874,SM001004
2012-06-05,14.0934,SM001004
2012-06-06,14.1103,SM001004
2012-06-07,14.1199,SM001004
2012-06-08,14.1108,SM001004
2012-06-11,14.1501,SM001004
2012-06-12,14.1636,SM001004
2012-06-13,14.1288,SM001004
2012-06-14,14.097,SM001004
2012-06-15,14.1666,SM001004
2012-06-18,14.099,SM001004
2012-06-19,14.1269,SM001004
2012-06-20,14.1229,SM001004
2012-06-21,14.1448,SM001004
2012-06-22,14.0885,SM001004
2012-06-25,14.1826,SM001004
2012-06-26,14.1808,SM001004
2012-06-27,14.1408,SM001004
2012-06-28,14.1606,SM001004
2012-06-29,14.1585,SM001004
2012-07-02,14.1751,SM001004
2012-07-03,14.18,SM001004
2012-07-04,14.1948,SM001004
2012-07-05,14.1961,SM001004
2012-07-06,14.2044,SM001004
2012-07-09,14.2087,SM001004
2012-07-10,14.2131,SM001004
2012-07-11,14.1858,SM001004
2012-07-12,14.2133,SM001004
2012-07-13,14.2301,SM001004
2012-07-16,14.2647,SM001004
2012-07-17,14.2521,SM001004
2012-07-18,14.2618,SM001004
2012-07-19,14.2935,SM001004
2012-07-20,14.3047,SM001004
2012-07-23,14.3237,SM001004
2012-07-24,14.3324,SM001004
2012-07-25,14.3354,SM001004
2012-07-26,14.3525,SM001004
2012-07-27,14.3259,SM001004
2012-07-30,14.3523,SM001004
2012-07-31,14.369,SM001004
2012-08-01,14.3661,SM001004
2012-08-02,14.3939,SM001004
2012-08-03,14.4192,SM001004
2012-08-06,14.3847,SM001004
2012-08-07,14.437,SM001004
2012-08-08,14.402,SM001004
2012-08-09,14.4495,SM001004
2012-08-10,14.4416,SM001004
2012-08-13,14.4114,SM001004
2012-08-14,14.4367,SM001004
2012-08-16,14.4332,SM001004
2012-08-17,14.4461,SM001004
2012-08-21,14.4884,SM001004
2012-08-24,14.5145,SM001004
2012-08-27,14.4815,SM001004
2012-08-28,14.5561,SM001004
2012-08-29,14.5703,SM001004
2012-08-30,14.546,SM001004
2012-08-31,14.5721,SM001004
2012-09-03,14.571,SM001004
2012-09-04,14.588,SM001004
2012-09-05,14.4997,SM001004
2012-09-06,14.5713,SM001004
2012-09-07,14.5981,SM001004
2012-09-10,14.6286,SM001004
2012-09-11,14.6491,SM001004
2012-09-12,14.5556,SM001004
2012-09-13,14.6356,SM001004
2012-09-14,14.6245,SM001004
2012-09-17,14.7675,SM001004
2012-09-18,14.7349,SM001004
2012-09-20,14.7946,SM001004
2012-09-21,14.7733,SM001004
2012-09-24,14.8572,SM001004
2012-09-25,14.8818,SM001004
2012-09-26,14.8877,SM001004
2012-09-27,14.8726,SM001004
2012-09-28,14.9004,SM001004
2012-10-01,14.9364,SM001004
2012-10-03,14.9289,SM001004
2012-10-04,14.9315,SM001004
2012-10-05,14.9381,SM001004
2012-10-08,14.9707,SM001004
2012-10-09,14.9323,SM001004
2012-10-10,14.981,SM001004
2012-10-11,14.9842,SM001004
2012-10-12,14.9673,SM001004
2012-10-15,14.9999,SM001004
2012-10-16,15.0051,SM001004
2012-10-17,15.0055,SM001004
2012-10-18,15.023,SM001004
2012-10-19,15.0334,SM001004
2012-10-22,15.0159,SM001004
2012-10-23,15.0308,SM001004
2012-10-25,15.0179,SM001004
2012-10-29,15.0355,SM001004
2012-10-30,15.0386,SM001004
2012-10-31,15.0022,SM001004
2012-11-01,14.9913,SM001004
2012-11-02,14.9928,SM001004
2012-11-03,14.9965,SM001004
2012-11-04,14.9965,SM001004
2012-11-05,15.0162,SM001004
2012-11-06,15.0125,SM001004
2012-11-07,15.0204,SM001004
2012-11-08,15.0288,SM001004
2012-11-09,15.0246,SM001004
2012-11-12,15.0415,SM001004
2012-11-15,15.0623,SM001004
2012-11-16,15.0571,SM001004
2012-11-19,15.0763,SM001004
2012-11-20,15.0652,SM001004
2012-11-21,15.0865,SM001004
2012-11-22,15.0712,SM001004
2012-11-23,15.0742,SM001004
2012-11-26,15.0955,SM001004
2012-11-27,15.1039,SM001004
2012-11-29,15.1092,SM001004
2012-11-30,15.1309,SM001004
2012-12-03,15.1572,SM001004
2012-12-04,15.1568,SM001004
2012-12-05,15.1553,SM001004
2012-12-06,15.1728,SM001004
2012-12-07,15.171,SM001004
2012-12-10,15.1838,SM001004
2012-12-11,15.1703,SM001004
2012-12-12,15.1787,SM001004
2012-12-13,15.1823,SM001004
2012-12-14,15.1737,SM001004
2012-12-17,15.1792,SM001004
2012-12-18,15.1898,SM001004
2012-12-19,15.1919,SM001004
2012-12-20,15.1915,SM001004
2012-12-21,15.1979,SM001004
2012-12-24,15.2042,SM001004
2012-12-26,15.2164,SM001004
2012-12-27,15.2221,SM001004
2012-12-28,15.2354,SM001004
2012-12-31,15.2618,SM001004
2013-01-01,15.2967,SM001004
2013-01-02,15.3059,SM001004
2013-01-03,15.3132,SM001004
2013-01-04,15.3585,SM001004
2013-01-07,15.3721,SM001004
2013-01-08,15.3708,SM001004
2013-01-09,15.3792,SM001004
2013-01-10,15.4006,SM001004
2013-01-11,15.4453,SM001004
2013-01-14,15.4854,SM001004
2013-01-15,15.4649,SM001004
2013-01-16,15.4655,SM001004
2013-01-17,15.437,SM001004
2013-01-18,15.4622,SM001004
2013-01-21,15.4796,SM001004
2013-01-22,15.4875,SM001004
2013-01-23,15.4807,SM001004
2013-01-24,15.4914,SM001004
2013-01-28,15.4919,SM001004
2013-01-29,15.512,SM001004
2013-01-30,15.4766,SM001004
2013-01-31,15.4544,SM001004
2013-02-01,15.4494,SM001004
2013-02-04,15.4467,SM001004
2013-02-05,15.449,SM001004
2013-02-06,15.4624,SM001004
2013-02-07,15.5009,SM001004
2013-02-08,15.5135,SM001004
2013-02-11,15.5212,SM001004
2013-02-12,15.5238,SM001004
2013-02-13,15.5244,SM001004
2013-02-14,15.5092,SM001004
2013-02-15,15.505,SM001004
2013-02-18,15.5071,SM001004
2013-02-22,15.5149,SM001004
2013-02-25,15.5234,SM001004
2013-02-26,15.5171,SM001004
2013-02-27,15.5189,SM001004
2013-02-28,15.5054,SM001004
2013-03-01,15.5076,SM001004
2013-03-04,15.515,SM001004
2013-03-05,15.5205,SM001004
2013-03-06,15.5491,SM001004
2013-03-07,15.5636,SM001004
2013-03-08,15.5743,SM001004
2013-03-11,15.5864,SM001004
2013-03-12,15.5844,SM001004
2013-03-13,15.5857,SM001004
2013-03-14,15.63,SM001004
2013-03-15,15.6691,SM001004
2013-03-18,15.6578,SM001004
2013-03-19,15.636,SM001004
2013-03-20,15.6255,SM001004
2013-03-21,15.6219,SM001004
2013-03-22,15.6083,SM001004
2013-03-25,15.6594,SM001004
2013-03-26,15.6782,SM001004
2013-03-28,15.7123,SM001004
2013-03-30,15.7199,SM001004
2013-03-31,15.7237,SM001004
2013-04-02,15.7414,SM001004
2013-04-03,15.7454,SM001004
2013-04-04,15.7689,SM001004
2013-04-05,15.7908,SM001004
2013-04-08,15.8077,SM001004
2013-04-09,15.8205,SM001004
2013-04-10,15.8173,SM001004
2013-04-12,15.8571,SM001004
2013-04-15,15.8614,SM001004
2013-04-16,15.8945,SM001004
2013-04-17,15.9165,SM001004
2013-04-18,15.961,SM001004
2013-04-22,15.9719,SM001004
2013-04-23,16.0107,SM001004
2013-04-25,15.991,SM001004
2013-04-26,16.0291,SM001004
2013-04-29,16.0432,SM001004
2013-04-30,16.0774,SM001004
2013-05-02,16.0963,SM001004
2013-05-03,16.0892,SM001004
2013-05-06,16.1327,SM001004
2013-05-07,16.1613,SM001004
2013-05-08,16.2096,SM001004
2013-05-09,16.2409,SM001004
2013-05-10,16.274,SM001004
2013-05-13,16.298,SM001004
2013-05-14,16.3818,SM001004
2013-05-15,16.4813,SM001004
2013-05-16,16.4997,SM001004
2013-05-17,16.5074,SM001004
2013-05-20,16.4962,SM001004
2013-05-21,16.5228,SM001004
2013-05-22,16.5207,SM001004
2013-05-23,16.5002,SM001004
2013-05-24,16.5341,SM001004
2013-05-27,16.5361,SM001004
2013-05-28,16.5283,SM001004
2013-05-29,16.4915,SM001004
2013-05-30,16.5027,SM001004
2013-05-31,16.4488,SM001004
2013-06-03,16.4544,SM001004
2013-06-04,16.4608,SM001004
2013-06-05,16.4717,SM001004
2013-06-06,16.4628,SM001004
2013-06-07,16.4292,SM001004
2013-06-10,16.4099,SM001004
2013-06-11,16.3554,SM001004
2013-06-12,16.3267,SM001004
2013-06-13,16.3322,SM001004
2013-06-14,16.3479,SM001004
2013-06-17,16.4159,SM001004
2013-06-18,16.4233,SM001004
2013-06-19,16.411,SM001004
2013-06-20,16.2962,SM001004
2013-06-21,16.2685,SM001004
2013-06-24,16.2051,SM001004
2013-06-25,16.1935,SM001004
2013-06-26,16.1209,SM001004
2013-06-27,16.0941,SM001004
2013-06-28,16.2316,SM001004
2013-07-01,16.2524,SM001004
2013-07-02,16.2386,SM001004
2013-07-03,16.1637,SM001004
2013-07-04,16.2021,SM001004
2013-07-05,16.1956,SM001004
2013-07-08,16.1213,SM001004
2013-07-09,16.13,SM001004
2013-07-10,16.1285,SM001004
2013-07-11,16.1534,SM001004
2013-07-12,16.1522,SM001004
2013-07-15,16.1219,SM001004
2013-07-16,15.5764,SM001004
2013-07-17,15.5499,SM001004
2013-07-18,15.6825,SM001004
2013-07-19,15.8058,SM001004
2013-07-22,15.7088,SM001004
2013-07-23,15.6594,SM001004
2013-07-24,15.4812,SM001004
2013-07-25,15.5869,SM001004
2013-07-26,15.7302,SM001004
2013-07-29,15.7192,SM001004
2013-07-30,15.6804,SM001004
2013-07-31,15.5927,SM001004
2013-08-01,15.6758,SM001004
2013-08-02,15.6331,SM001004
2013-08-05,15.6905,SM001004
2013-08-06,15.6392,SM001004
2013-08-07,15.6835,SM001004
2013-08-08,15.7092,SM001004
2013-08-12,15.6477,SM001004
2013-08-13,15.5469,SM001004
2013-08-14,15.4514,SM001004
2013-08-16,15.3185,SM001004
2013-08-19,15.0685,SM001004
2013-08-20,15.2306,SM001004
2013-08-21,15.5732,SM001004
2013-08-22,15.6042,SM001004
2013-08-23,15.6124,SM001004
2013-08-26,15.651,SM001004
2013-08-27,15.4481,SM001004
2013-08-28,15.3167,SM001004
2013-08-29,15.3423,SM001004
2013-08-30,15.4219,SM001004
2013-09-02,15.5083,SM001004
2013-09-03,15.5117,SM001004
2013-09-04,15.5638,SM001004
2013-09-05,15.6296,SM001004
2013-09-06,15.6334,SM001004
2013-09-10,15.6643,SM001004
2013-09-11,15.6828,SM001004
2013-09-12,15.6511,SM001004
2013-09-13,15.6487,SM001004
2013-09-16,15.7053,SM001004
2013-09-17,15.7444,SM001004
2013-09-18,15.7637,SM001004
2013-09-19,15.916,SM001004
2013-09-20,15.7575,SM001004
2013-09-23,15.604,SM001004
2013-09-24,15.5877,SM001004
2013-09-25,15.5921,SM001004
2013-09-26,15.6499,SM001004
2013-09-27,15.6994,SM001004
2013-09-30,15.713,SM001004
2013-10-01,15.7345,SM001004
2013-10-03,15.7214,SM001004
2013-10-04,15.8066,SM001004
2013-10-07,15.8286,SM001004
2013-10-08,15.9581,SM001004
2013-10-09,15.9604,SM001004
2013-10-10,15.9633,SM001004
2013-10-11,15.9648,SM001004
2013-10-14,15.9241,SM001004
2013-10-15,15.8785,SM001004
2013-10-17,15.9205,SM001004
2013-10-18,15.9649,SM001004
2013-10-21,15.9676,SM001004
2013-10-22,15.9534,SM001004
2013-10-23,15.9701,SM001004
2013-10-24,15.9658,SM001004
2013-10-25,15.973,SM001004
2013-10-28,15.984,SM001004
2013-10-29,15.9955,SM001004
2013-10-30,16.0182,SM001004
2013-10-31,16.019,SM001004
2013-11-01,15.9963,SM001004
2013-11-05,15.9909,SM001004
2013-11-06,15.9497,SM001004
2013-11-07,15.9368,SM001004
2013-11-08,15.9127,SM001004
2013-11-11,15.8663,SM001004
2013-11-12,15.8367,SM001004
2013-11-13,15.8906,SM001004
2013-11-14,15.8594,SM001004
2013-11-18,15.8787,SM001004
2013-11-19,15.9075,SM001004
2013-11-20,15.9159,SM001004
2013-11-21,15.9098,SM001004
2013-11-22,15.9115,SM001004
2013-11-25,15.9681,SM001004
2013-11-26,16.0022,SM001004
2013-11-27,16.0246,SM001004
2013-11-28,16.0514,SM001004
2013-11-29,16.0444,SM001004
2013-12-02,16.0647,SM001004
2013-12-03,16.0737,SM001004
2013-12-04,16.0727,SM001004
2013-12-05,16.0678,SM001004
2013-12-06,16.0676,SM001004
2013-12-09,16.048,SM001004
2013-12-10,16.0526,SM001004
2013-12-11,16.0745,SM001004
2013-12-12,16.0804,SM001004
2013-12-13,16.0396,SM001004
2013-12-16,16.0586,SM001004
2013-12-17,16.0513,SM001004
2013-12-18,16.0865,SM001004
2013-12-19,16.0933,SM001004
2013-12-20,16.0966,SM001004
2013-12-23,16.1154,SM001004
2013-12-24,16.1218,SM001004
2013-12-26,16.0971,SM001004
2013-12-27,16.0869,SM001004
2013-12-30,16.1153,SM001004
2013-12-31,16.1463,SM001004
2014-01-01,16.1399,SM001004
2014-01-02,16.2152,SM001004
2014-01-03,16.1861,SM001004
2014-01-06,16.1844,SM001004
2014-01-07,16.2408,SM001004
2014-01-08,16.2059,SM001004
2014-01-09,16.1983,SM001004
2014-01-10,16.2142,SM001004
2014-01-13,16.2405,SM001004
2014-01-15,16.2876,SM001004
2014-01-16,16.3027,SM001004
2014-01-17,16.2969,SM001004
2014-01-20,16.3473,SM001004
2014-01-21,16.3838,SM001004
2014-01-22,16.3425,SM001004
2014-01-23,16.353,SM001004
2014-01-24,16.3304,SM001004
2014-01-27,16.3195,SM001004
2014-01-28,16.2787,SM001004
2014-01-29,16.2745,SM001004
2014-01-30,16.2515,SM001004
2014-01-31,16.2329,SM001004
2014-02-03,16.2515,SM001004
2014-02-04,16.2727,SM001004
2014-02-05,16.3071,SM001004
2014-02-06,16.2988,SM001004
2014-02-07,16.3077,SM001004
2014-02-10,16.3018,SM001004
2014-02-11,16.2857,SM001004
2014-02-12,16.2797,SM001004
2014-02-13,16.2454,SM001004
2014-02-14,16.2457,SM001004
2014-02-17,16.2762,SM001004
2014-02-18,16.2706,SM001004
2014-02-20,16.2705,SM001004
2014-02-21,16.2821,SM001004
2014-02-24,16.2757,SM001004
2014-02-25,16.2689,SM001004
2014-02-26,16.2625,SM001004
2014-02-28,16.275,SM001004
2014-03-03,16.2859,SM001004
2014-03-04,16.287,SM001004
2014-03-05,16.2966,SM001004
2014-03-06,16.3253,SM001004
2014-03-07,16.3311,SM001004
2014-03-10,16.3425,SM001004
2014-03-11,16.3653,SM001004
2014-03-12,16.3851,SM001004
2014-03-13,16.3956,SM001004
2014-03-14,16.3841,SM001004
2014-03-18,16.4266,SM001004
2014-03-19,16.4285,SM001004
2014-03-20,16.4286,SM001004
2014-03-21,16.4658,SM001004
2014-03-24,16.5198,SM001004
2014-03-25,16.5249,SM001004
2014-03-26,16.5334,SM001004
2014-03-27,16.5349,SM001004
2014-03-28,16.5355,SM001004
2014-04-02,16.5066,SM001004
2014-04-03,16.516,SM001004
2014-04-04,16.4564,SM001004
2014-04-07,16.4482,SM001004
2014-04-09,16.4431,SM001004
2014-04-10,16.4303,SM001004
2014-04-11,16.4725,SM001004
2014-04-15,16.4836,SM001004
2014-04-16,16.5045,SM001004
2014-04-17,16.5391,SM001004
2014-04-21,16.6206,SM001004
2014-04-22,16.5966,SM001004
2014-04-23,16.6461,SM001004
2014-04-25,16.7101,SM001004
2014-04-28,16.7027,SM001004
2014-04-29,16.7196,SM001004
2014-04-30,16.7288,SM001004
2014-05-02,16.7634,SM001004
2014-05-05,16.8061,SM001004
2014-05-06,16.7892,SM001004
2014-05-07,16.7822,SM001004
2014-05-08,16.8062,SM001004
2014-05-09,16.8142,SM001004
2014-05-12,16.8396,SM001004
2014-05-13,16.8476,SM001004
2014-05-15,16.8601,SM001004
2014-05-16,16.91,SM001004
2014-05-19,16.8979,SM001004
2014-05-20,16.9113,SM001004
2014-05-21,16.9218,SM001004
2014-05-22,16.9259,SM001004
2014-05-23,16.9885,SM001004
2014-05-26,16.9741,SM001004
2014-05-27,16.9908,SM001004
2014-05-28,16.9881,SM001004
2014-05-29,17.006,SM001004
2014-05-30,17.0302,SM001004
2014-06-02,17.0646,SM001004
2014-06-03,17.1149,SM001004
2014-06-04,17.142,SM001004
2014-06-05,17.1535,SM001004
2014-06-06,17.2067,SM001004
2014-06-09,17.2331,SM001004
2014-06-10,17.2461,SM001004
2014-06-11,17.2415,SM001004
2014-06-12,17.2368,SM001004
2014-06-13,17.2635,SM001004
2014-06-16,17.2509,SM001004
2014-06-17,17.2437,SM001004
2014-06-18,17.2345,SM001004
2014-06-19,17.2332,SM001004
2014-06-20,17.2037,SM001004
2014-06-23,17.2035,SM001004
2014-06-24,17.2082,SM001004
2014-06-25,17.2029,SM001004
2014-06-26,17.2002,SM001004
2014-06-27,17.2105,SM001004
2014-06-30,17.2164,SM001004
2014-07-01,17.2157,SM001004
2014-07-02,17.2435,SM001004
2014-07-03,17.2371,SM001004
2014-07-04,17.2648,SM001004
2014-07-07,17.2919,SM001004
2014-07-08,17.2809,SM001004
2014-07-09,17.2874,SM001004
2014-07-10,17.2841,SM001004
2014-07-11,17.205,SM001004
2014-07-14,17.1325,SM001004
2014-07-15,17.1437,SM001004
2014-07-16,17.1755,SM001004
2014-07-17,17.1885,SM001004
2014-07-18,17.2031,SM001004
2014-07-21,17.2125,SM001004
2014-07-22,17.2527,SM001004
2014-07-23,17.2661,SM001004
2014-07-24,17.2726,SM001004
2014-07-25,17.2799,SM001004
2014-07-28,17.2897,SM001004
2014-07-30,17.2843,SM001004
2014-07-31,17.2756,SM001004
2014-08-01,17.284,SM001004
2014-08-04,17.2967,SM001004
2014-08-05,17.2734,SM001004
2014-08-06,17.2615,SM001004
2014-08-07,17.2401,SM001004
2014-08-08,17.2304,SM001004
2014-08-11,17.2553,SM001004
2014-08-12,17.2593,SM001004
2014-08-13,17.2719,SM001004
2014-08-14,17.2773,SM001004
2014-08-19,17.3149,SM001004
2014-08-20,17.3199,SM001004
2014-08-21,17.3275,SM001004
2014-08-22,17.3187,SM001004
2014-08-25,17.316,SM001004
2014-08-26,17.3304,SM001004
2014-08-27,17.3268,SM001004
2014-08-28,17.3516,SM001004
2014-09-01,17.3719,SM001004
2014-09-02,17.3883,SM001004
2014-09-03,17.3852,SM001004
2014-09-04,17.3923,SM001004
2014-09-05,17.3972,SM001004
2014-09-08,17.4162,SM001004
2014-09-09,17.4153,SM001004
2014-09-10,17.4232,SM001004
2014-09-11,17.4208,SM001004
2014-09-12,17.431,SM001004
2014-09-15,17.4494,SM001004
2014-09-16,17.4697,SM001004
2014-09-17,17.4651,SM001004
2014-09-18,17.488,SM001004
2014-09-19,17.4932,SM001004
2014-09-22,17.5645,SM001004
2014-09-23,17.5729,SM001004
2014-09-24,17.5792,SM001004
2014-09-25,17.5786,SM001004
2014-09-26,17.638,SM001004
2014-09-29,17.6303,SM001004
2014-09-30,17.636,SM001004
2014-10-01,17.6463,SM001004
2014-10-07,17.684,SM001004
2014-10-08,17.6984,SM001004
2014-10-09,17.7005,SM001004
2014-10-10,17.7377,SM001004
2014-10-13,17.7661,SM001004
2014-10-14,17.8128,SM001004
2014-10-16,17.8513,SM001004
2014-10-17,17.8442,SM001004
2014-10-20,17.8787,SM001004
2014-10-21,17.9122,SM001004
2014-10-22,17.8931,SM001004
2014-10-27,18.2029,SM001004
2014-10-28,18.183,SM001004
2014-10-29,17.971,SM001004
2014-10-30,18.0017,SM001004
2014-10-31,18.0476,SM001004
2014-11-03,18.1086,SM001004
2014-11-05,18.1747,SM001004
2014-11-07,18.1912,SM001004
2014-11-10,18.2127,SM001004
2014-11-11,18.1912,SM001004
2014-11-12,18.2134,SM001004
2014-11-13,18.2086,SM001004
2014-11-14,18.2139,SM001004
2014-11-17,18.2468,SM001004
2014-11-18,18.2547,SM001004
2014-11-19,18.279,SM001004
2014-11-20,18.309,SM001004
2014-11-21,18.3144,SM001004
2014-11-24,18.2857,SM001004
2014-11-25,18.342,SM001004
2014-11-26,18.3244,SM001004
2014-11-27,18.3392,SM001004
2014-11-28,18.384,SM001004
2014-12-01,18.427,SM001004
2014-12-02,18.4498,SM001004
2014-12-03,18.5146,SM001004
2014-12-04,18.5061,SM001004
2014-12-05,18.5059,SM001004
2014-12-08,18.4646,SM001004
2014-12-09,18.5042,SM001004
2014-12-10,18.4668,SM001004
2014-12-11,18.5475,SM001004
2014-12-12,18.5483,SM001004
2014-12-15,18.5194,SM001004
2014-12-16,18.4207,SM001004
2014-12-17,18.4,SM001004
2014-12-18,18.4248,SM001004
2014-12-19,18.4465,SM001004
2014-12-22,18.4433,SM001004
2014-12-23,18.4634,SM001004
2014-12-24,18.4682,SM001004
2014-12-26,18.4631,SM001004
2014-12-29,18.4423,SM001004
2014-12-30,18.5039,SM001004
2014-12-31,18.523,SM001004
2015-01-01,18.5498,SM001004
2015-01-02,18.5294,SM001004
2015-01-05,18.5544,SM001004
2015-01-06,18.5094,SM001004
2015-01-07,18.5417,SM001004
2015-01-08,18.546,SM001004
2015-01-09,18.5765,SM001004
2015-01-10,18.5765,SM001004
2015-01-12,18.6265,SM001004
2015-01-13,18.6815,SM001004
2015-01-14,18.6973,SM001004
2015-01-15,18.7987,SM001004
2015-01-16,18.9105,SM001004
2015-01-19,18.9208,SM001004
2015-01-20,18.9055,SM001004
2015-01-21,18.911,SM001004
2015-01-22,18.9248,SM001004
2015-01-23,18.9081,SM001004
2015-01-27,18.9283,SM001004
2015-01-28,18.9703,SM001004
2015-01-29,18.9542,SM001004
2015-01-30,18.9744,SM001004
2015-02-02,18.9477,SM001004
2015-02-03,18.9329,SM001004
2015-02-04,18.945,SM001004
2015-02-05,18.9174,SM001004
2015-02-06,18.8928,SM001004
2015-02-09,18.8984,SM001004
2015-02-10,18.8953,SM001004
2015-02-11,18.8867,SM001004
2015-02-12,18.9138,SM001004
2015-02-13,18.9283,SM001004
2015-02-16,18.9016,SM001004
2015-02-18,18.9077,SM001004
2015-02-20,18.9433,SM001004
2015-02-23,18.9378,SM001004
2015-02-24,18.9564,SM001004
2015-02-25,18.9912,SM001004
2015-02-26,19.0208,SM001004
2015-02-27,19.0404,SM001004
2015-03-02,19.0437,SM001004
2015-03-03,19.0204,SM001004
2015-03-04,19.0908,SM001004
2015-03-05,19.0839,SM001004
2015-03-09,19.0818,SM001004
2015-03-10,19.0861,SM001004
2015-03-11,19.071,SM001004
2015-03-12,19.0444,SM001004
2015-03-13,19.0076,SM001004
2015-03-16,19.0212,SM001004
2015-03-17,19.013,SM001004
2015-03-18,18.9996,SM001004
2015-03-19,19.0562,SM001004
2015-03-20,19.0476,SM001004
2015-03-23,19.0597,SM001004
2015-03-24,19.0623,SM001004
2015-03-25,19.0442,SM001004
2015-03-26,19.0748,SM001004
2015-03-27,19.0783,SM001004
2015-03-30,19.1171,SM001004
2015-03-31,19.1321,SM001004
2015-04-06,19.2054,SM001004
2015-04-07,19.1768,SM001004
2015-04-08,19.1575,SM001004
2015-04-09,19.1834,SM001004
2015-04-10,19.1495,SM001004
2015-04-13,19.1781,SM001004
2015-04-15,19.1823,SM001004
2015-04-16,19.2094,SM001004
2015-04-17,19.1994,SM001004
2015-04-20,19.2176,SM001004
2015-04-21,19.1982,SM001004
2015-04-22,19.2218,SM001004
2015-04-23,19.2293,SM001004
2015-04-24,19.2164,SM001004
2015-04-27,19.229,SM001004
2015-04-28,19.228,SM001004
2015-04-29,19.2362,SM001004
2015-04-30,19.2023,SM001004
2015-05-05,19.2016,SM001004
2015-05-06,19.159,SM001004
2015-05-07,19.1174,SM001004
2015-05-08,19.098,SM001004
2015-05-11,19.1269,SM001004
2015-05-12,19.1304,SM001004
2015-05-13,19.0991,SM001004
2015-05-14,19.1196,SM001004
2015-05-15,19.1342,SM001004
2015-05-18,19.1628,SM001004
2015-05-19,19.2106,SM001004
2015-05-20,19.2447,SM001004
2015-05-21,19.255,SM001004
2015-05-22,19.2646,SM001004
2015-05-25,19.2828,SM001004
2015-05-26,19.2794,SM001004
2015-05-27,19.2671,SM001004
2015-05-28,19.3097,SM001004
2015-05-29,19.3148,SM001004
2015-06-01,19.3424,SM001004
2015-06-02,19.2941,SM001004
2015-06-03,19.2311,SM001004
2015-06-04,19.2025,SM001004
2015-06-05,19.2095,SM001004
2015-06-08,19.2158,SM001004
2015-06-09,19.242,SM001004
2015-06-10,19.2337,SM001004
2015-06-11,19.1916,SM001004
2015-06-12,19.2059,SM001004
2015-06-15,19.2365,SM001004
2015-06-16,19.2216,SM001004
2015-06-17,19.2368,SM001004
2015-06-18,19.3161,SM001004
2015-06-19,19.3446,SM001004
2015-06-22,19.3406,SM001004
2015-06-23,19.3226,SM001004
2015-06-24,19.3162,SM001004
2015-06-25,19.2907,SM001004
2015-06-26,19.2506,SM001004
2015-06-29,19.2242,SM001004
2015-06-30,19.2511,SM001004
2015-07-01,19.2952,SM001004
2015-07-02,19.3321,SM001004
2015-07-03,19.3579,SM001004
2015-07-06,19.3706,SM001004
2015-07-07,19.3879,SM001004
2015-07-08,19.3912,SM001004
2015-07-09,19.3716,SM001004
2015-07-10,19.3774,SM001004
2015-07-13,19.3577,SM001004
2015-07-14,19.3572,SM001004
2015-07-15,19.4007,SM001004
2015-07-16,19.4034,SM001004
2015-07-17,19.4092,SM001004
2015-07-20,19.4319,SM001004
2015-07-21,19.4479,SM001004
2015-07-22,19.4621,SM001004
2015-07-23,19.4685,SM001004
2015-07-24,19.4759,SM001004
2015-07-27,19.4894,SM001004
2015-07-28,19.5239,SM001004
2015-07-29,19.5414,SM001004
2015-07-30,19.5472,SM001004
2015-07-31,19.5685,SM001004
2015-08-03,19.5799,SM001004
2015-08-04,19.5703,SM001004
2015-08-05,19.5733,SM001004
2015-08-06,19.5767,SM001004
2015-08-07,19.5952,SM001004
2015-08-10,19.6125,SM001004
2015-08-11,19.618,SM001004
2015-08-12,19.6333,SM001004
2015-08-13,19.6628,SM001004
2015-08-14,19.6795,SM001004
2015-08-17,19.6956,SM001004
2015-08-19,19.6781,SM001004
2015-08-20,19.7027,SM001004
2015-08-21,19.705,SM001004
2015-08-24,19.6944,SM001004
2015-08-25,19.6964,SM001004
2015-08-26,19.7076,SM001004
2015-08-27,19.7608,SM001004
2015-08-28,19.7722,SM001004
2015-08-31,19.7827,SM001004
2015-09-01,19.8045,SM001004
2015-09-02,19.8055,SM001004
2015-09-03,19.7702,SM001004
2015-09-04,19.767,SM001004
2015-09-07,19.7569,SM001004
2015-09-08,19.7618,SM001004
2015-09-09,19.778,SM001004
2015-09-10,19.752,SM001004
2015-09-11,19.7651,SM001004
2015-09-14,19.7812,SM001004
2015-09-15,19.7986,SM001004
2015-09-16,19.7822,SM001004
2015-09-18,19.825,SM001004
2015-09-21,19.8372,SM001004
2015-09-22,19.8361,SM001004
2015-09-23,19.8366,SM001004
2015-09-24,19.8475,SM001004
2015-09-28,19.8765,SM001004
2015-09-29,20.002,SM001004
2015-09-30,20.047,SM001004
2015-10-01,20.0518,SM001004
2015-10-05,20.1039,SM001004
2015-10-06,20.083,SM001004
2015-10-07,20.1017,SM001004
2015-10-08,20.1124,SM001004
2015-10-09,20.1242,SM001004
2015-10-12,20.1428,SM001004
2015-10-13,20.1382,SM001004
2015-10-14,20.1431,SM001004
2015-10-15,20.1528,SM001004
2015-10-16,20.1804,SM001004
2015-10-19,20.1853,SM001004
2015-10-20,20.2002,SM001004
2015-10-21,20.2051,SM001004
2015-10-23,20.2205,SM001004
2015-10-26,20.2411,SM001004
2015-10-27,20.2313,SM001004
2015-10-28,20.228,SM001004
2015-10-29,20.2266,SM001004
2015-10-30,20.2269,SM001004
2015-11-02,20.2376,SM001004
2015-11-03,20.233,SM001004
2015-11-04,20.2276,SM001004
2015-11-05,20.2195,SM001004
2015-11-06,20.2078,SM001004
2015-11-09,20.1855,SM001004
2015-11-10,20.1992,SM001004
2015-11-13,20.228,SM001004
2015-11-16,20.2401,SM001004
2015-11-17,20.2455,SM001004
2015-11-18,20.2379,SM001004
2015-11-19,20.2546,SM001004
2015-11-20,20.2442,SM001004
2015-11-21,20.2442,SM001004
2015-11-23,20.2513,SM001004
2015-11-24,20.2496,SM001004
2015-11-26,20.247,SM001004
2015-11-27,20.2432,SM001004
2015-11-30,20.2255,SM001004
2015-12-01,20.241,SM001004
2015-12-02,20.257,SM001004
2015-12-03,20.2863,SM001004
2015-12-04,20.2555,SM001004
2015-12-07,20.2618,SM001004
2015-12-08,20.2454,SM001004
2015-12-09,20.19,SM001004
2015-12-10,20.2101,SM001004
2015-12-11,20.2057,SM001004
2015-12-14,20.2411,SM001004
2015-12-15,20.2229,SM001004
2015-12-16,20.2334,SM001004
2015-12-17,20.2598,SM001004
2015-12-18,20.2599,SM001004
2015-12-21,20.2667,SM001004
2015-12-22,20.2403,SM001004
2015-12-23,20.248,SM001004
2015-12-28,20.2557,SM001004
2015-12-29,20.2776,SM001004
2015-12-30,20.2784,SM001004
2015-12-31,20.2856,SM001004
2016-01-01,20.316,SM001004
2016-01-04,20.3382,SM001004
2016-01-05,20.3474,SM001004
2016-01-06,20.353,SM001004
2016-01-07,20.3625,SM001004
2016-01-08,20.3793,SM001004
2016-01-11,20.3963,SM001004
2016-01-12,20.3806,SM001004
2016-01-13,20.3795,SM001004
2016-01-14,20.3594,SM001004
2016-01-15,20.344,SM001004
2016-01-18,20.3641,SM001004
2016-01-19,20.3731,SM001004
2016-01-20,20.3674,SM001004
2016-01-21,20.3768,SM001004
2016-01-22,20.3826,SM001004
2016-01-25,20.4057,SM001004
2016-01-27,20.395,SM001004
2016-01-28,20.3973,SM001004
2016-01-29,20.3953,SM001004
2016-02-01,20.417,SM001004
2016-02-02,20.3878,SM001004
2016-02-03,20.3397,SM001004
2016-02-04,20.3288,SM001004
2016-02-05,20.3342,SM001004
2016-02-08,20.3565,SM001004
2016-02-09,20.3457,SM001004
2016-02-10,20.3434,SM001004
2016-02-11,20.3402,SM001004
2016-02-12,20.3315,SM001004
2016-02-15,20.3308,SM001004
2016-02-16,20.3464,SM001004
2016-02-17,20.3222,SM001004
2016-02-18,20.324,SM001004
2016-02-22,20.3178,SM001004
2016-02-23,20.2645,SM001004
2016-02-24,20.2479,SM001004
2016-02-25,20.2089,SM001004
2016-02-26,20.2329,SM001004
2016-02-29,20.3101,SM001004
2016-03-01,20.3352,SM001004
2016-03-02,20.3579,SM001004
2016-03-03,20.3794,SM001004
2016-03-04,20.384,SM001004
2016-03-08,20.4418,SM001004
2016-03-09,20.4342,SM001004
2016-03-10,20.4504,SM001004
2016-03-11,20.4579,SM001004
2016-03-14,20.4563,SM001004
2016-03-15,20.5061,SM001004
2016-03-16,20.5379,SM001004
2016-03-17,20.6132,SM001004
2016-03-18,20.6594,SM001004
2016-03-21,20.7062,SM001004
2016-03-22,20.74,SM001004
2016-03-23,20.7582,SM001004
2016-03-28,20.754,SM001004
2016-03-29,20.7659,SM001004
2016-03-30,20.7727,SM001004
2016-03-31,20.801,SM001004
2016-04-04,20.8838,SM001004
2016-04-05,20.9714,SM001004
2016-04-06,20.9801,SM001004
2016-04-07,21.0083,SM001004
2016-04-11,21.0261,SM001004
2016-04-12,21.0603,SM001004
2016-04-13,21.0526,SM001004
2016-04-18,21.0667,SM001004
2016-04-20,21.0629,SM001004
2016-04-21,21.0505,SM001004
2016-04-22,21.0392,SM001004
2016-04-25,21.0484,SM001004
2016-04-26,21.0525,SM001004
2016-04-27,21.0653,SM001004
2016-04-28,21.0558,SM001004
2016-04-29,21.0633,SM001004
2016-05-02,21.0866,SM001004
2016-05-03,21.0908,SM001004
2016-05-04,21.0927,SM001004
2016-05-05,21.1067,SM001004
2016-05-06,21.1,SM001004
2016-05-09,21.1099,SM001004
2016-05-10,21.1211,SM001004
2016-05-11,21.1244,SM001004
2016-05-12,21.1252,SM001004
2016-05-13,21.1188,SM001004
2016-05-16,21.1294,SM001004
2016-05-17,21.1449,SM001004
2016-05-18,21.1399,SM001004
2016-05-19,21.1259,SM001004
2016-05-20,21.1353,SM001004
2016-05-23,21.1535,SM001004
2016-05-24,21.1553,SM001004
2016-05-25,21.1482,SM001004
2016-05-26,21.1414,SM001004
2016-05-27,21.1658,SM001004
2016-05-30,21.1732,SM001004
2016-05-31,21.1781,SM001004
2016-06-01,21.1747,SM001004
2016-06-02,21.1616,SM001004
2016-06-03,21.1728,SM001004
2016-06-06,21.1866,SM001004
2016-06-07,21.1969,SM001004
2016-06-08,21.202,SM001004
2016-06-09,21.2158,SM001004
2016-06-10,21.2333,SM001004
2016-06-13,21.2239,SM001004
2016-06-14,21.2183,SM001004
2016-06-15,21.2127,SM001004
2016-06-16,21.2111,SM001004
2016-06-17,21.2067,SM001004
2016-06-18,21.2067,SM001004
2016-06-20,21.2093,SM001004
2016-06-21,21.2386,SM001004
2016-06-22,21.2446,SM001004
2016-06-23,21.2445,SM001004
2016-06-24,21.2514,SM001004
2016-06-27,21.2695,SM001004
2016-06-28,21.2729,SM001004
2016-06-29,21.2895,SM001004
2016-06-30,21.3245,SM001004
2016-07-01,21.3707,SM001004
2016-07-04,21.368,SM001004
2016-07-05,21.4186,SM001004
2016-07-07,21.4675,SM001004
2016-07-08,21.4782,SM001004
2016-07-11,21.4977,SM001004
2016-07-12,21.541,SM001004
2016-07-13,21.5504,SM001004
2016-07-14,21.5804,SM001004
2016-07-15,21.6042,SM001004
2016-07-18,21.6274,SM001004
2016-07-19,21.6574,SM001004
2016-07-20,21.6928,SM001004
2016-07-21,21.7021,SM001004
2016-07-22,21.7274,SM001004
2016-07-25,21.736,SM001004
2016-07-26,21.7528,SM001004
2016-07-27,21.7577,SM001004
2016-07-28,21.8326,SM001004
2016-07-29,21.8708,SM001004
2016-08-01,21.9201,SM001004
2016-08-02,21.9181,SM001004
2016-08-03,21.8959,SM001004
2016-08-04,21.908,SM001004
2016-08-05,21.9354,SM001004
2016-08-08,21.9429,SM001004
2016-08-09,22.0295,SM001004
2016-08-10,22.0926,SM001004
2016-08-11,22.1275,SM001004
2016-08-12,22.1505,SM001004
2016-08-16,22.1646,SM001004
2016-08-18,22.1164,SM001004
2016-08-19,22.1019,SM001004
2016-08-22,22.0914,SM001004
2016-08-23,22.0863,SM001004
2016-08-24,22.0836,SM001004
2016-08-25,22.1262,SM001004
2016-08-26,22.1607,SM001004
2016-08-29,22.1766,SM001004
2016-08-30,22.191,SM001004
2016-08-31,22.2162,SM001004
2016-09-01,22.2243,SM001004
2016-09-02,22.2383,SM001004
2016-09-06,22.2748,SM001004
2016-09-07,22.3198,SM001004
2016-09-08,22.3575,SM001004
2016-09-09,22.3624,SM001004
2016-09-12,22.3749,SM001004
2016-09-14,22.3512,SM001004
2016-09-15,22.3615,SM001004
2016-09-16,22.3837,SM001004
2016-09-19,22.3839,SM001004
2016-09-20,22.3748,SM001004
2016-09-21,22.3809,SM001004
2016-09-22,22.4633,SM001004
2016-09-23,22.4817,SM001004
2016-09-26,22.5104,SM001004
2016-09-27,22.51,SM001004
2016-09-28,22.5229,SM001004
2016-09-29,22.4799,SM001004
2016-09-30,22.5284,SM001004
2016-10-03,22.6094,SM001004
2016-10-04,22.6267,SM001004
2016-10-05,22.7061,SM001004
2016-10-06,22.7229,SM001004
2016-10-07,22.7191,SM001004
2016-10-10,22.7416,SM001004
2016-10-13,22.7229,SM001004
2016-10-14,22.6855,SM001004
2016-10-17,22.6568,SM001004
2016-10-18,22.6795,SM001004
2016-10-19,22.68,SM001004
2016-10-20,22.6743,SM001004
2016-10-21,22.6547,SM001004
2016-10-24,22.6804,SM001004
2016-10-25,22.6724,SM001004
2016-10-26,22.6796,SM001004
2016-10-27,22.6707,SM001004
2016-10-28,22.6598,SM001004
2016-11-01,22.682,SM001004
2016-11-02,22.6755,SM001004
2016-11-03,22.6719,SM001004
2016-11-04,22.6649,SM001004
2016-11-07,22.6544,SM001004
2016-11-08,22.6607,SM001004
2016-11-10,22.8125,SM001004
2016-11-11,22.8295,SM001004
2016-11-15,22.9519,SM001004
2016-11-16,23.1651,SM001004
2016-11-17,23.189,SM001004
2016-11-18,23.1529,SM001004
2016-11-21,23.2487,SM001004
2016-11-22,23.2762,SM001004
2016-11-23,23.3144,SM001004
2016-11-24,23.3856,SM001004
2016-11-25,23.3808,SM001004
2016-11-28,23.3227,SM001004
2016-11-29,23.2661,SM001004
2016-11-30,23.3064,SM001004
2016-12-01,23.3507,SM001004
2016-12-02,23.3398,SM001004
2016-12-05,23.3531,SM001004
2016-12-06,23.3657,SM001004
2016-12-07,23.1235,SM001004
2016-12-08,23.0566,SM001004
2016-12-09,23.0543,SM001004
2016-12-13,23.0482,SM001004
2016-12-14,23.0818,SM001004
2016-12-15,23.0366,SM001004
2016-12-16,23.0164,SM001004
2016-12-19,23.0234,SM001004
2016-12-20,23.0504,SM001004
2016-12-21,23.063,SM001004
2016-12-22,23.0456,SM001004
2016-12-23,23.0453,SM001004
2016-12-26,23.0318,SM001004
2016-12-27,22.9709,SM001004
2016-12-28,22.9016,SM001004
2016-12-29,22.9739,SM001004
2016-12-30,23.0194,SM001004
2017-01-02,23.1698,SM001004
2017-01-03,23.2127,SM001004
2017-01-04,23.2417,SM001004
2017-01-05,23.2428,SM001004
2017-01-06,23.2254,SM001004
2017-01-09,23.26,SM001004
2017-01-10,23.2676,SM001004
2017-01-11,23.2638,SM001004
2017-01-12,23.259,SM001004
2017-01-13,23.2799,SM001004
2017-01-16,23.2815,SM001004
2017-01-17,23.2823,SM001004
2017-01-18,23.2836,SM001004
2017-01-19,23.2671,SM001004
2017-01-20,23.2742,SM001004
2017-01-23,23.2995,SM001004
2017-01-24,23.2936,SM001004
2017-01-25,23.3033,SM001004
2017-01-27,23.3135,SM001004
2017-01-30,23.3283,SM001004
2017-01-31,23.3346,SM001004
2017-02-01,23.3385,SM001004
2017-02-02,23.337,SM001004
2017-02-03,23.3537,SM001004
2017-02-06,23.3723,SM001004
2017-02-07,23.3841,SM001004
2017-02-08,23.121,SM001004
2017-02-09,23.0097,SM001004
2017-02-10,23.052,SM001004
2017-02-13,23.0727,SM001004
2017-02-14,23.0721,SM001004
2017-02-15,23.0729,SM001004
2017-02-16,23.0679,SM001004
2017-02-17,23.0493,SM001004
2017-02-20,23.0306,SM001004
2017-02-22,23.0034,SM001004
2017-02-23,22.9778,SM001004
2017-02-27,23.0211,SM001004
2017-02-28,23.0151,SM001004
2017-03-01,22.9685,SM001004
2017-03-02,22.9617,SM001004
2017-03-03,22.949,SM001004
2017-03-06,22.9436,SM001004
2017-03-07,22.9066,SM001004
2017-03-08,22.8813,SM001004
2017-03-09,22.8508,SM001004
2017-03-10,22.8152,SM001004
2017-03-14,22.8045,SM001004
2017-03-15,22.8445,SM001004
2017-03-16,22.9204,SM001004
2017-03-17,22.9326,SM001004
2017-03-20,22.9181,SM001004
2017-03-21,22.9347,SM001004
2017-03-22,23.0136,SM001004
2017-03-23,23.074,SM001004
2017-03-24,23.08,SM001004
2017-03-27,23.1559,SM001004
2017-03-29,23.1596,SM001004
2017-03-30,23.2299,SM001004
2017-03-31,23.2896,SM001004
2017-04-03,23.2805,SM001004
2017-04-05,23.2654,SM001004
2017-04-06,23.2127,SM001004
2017-04-07,23.1643,SM001004
2017-04-10,23.1876,SM001004
2017-04-11,23.2039,SM001004
2017-04-12,23.2458,SM001004
2017-04-13,23.2778,SM001004
2017-04-17,23.283,SM001004
2017-04-18,23.2856,SM001004
2017-04-19,23.3247,SM001004
2017-04-20,23.3396,SM001004
2017-04-21,23.3056,SM001004
2017-04-24,23.2993,SM001004
2017-04-25,23.2957,SM001004
2017-04-26,23.2663,SM001004
2017-04-27,23.2637,SM001004
2017-04-28,23.2759,SM001004
2017-05-02,23.298,SM001004
2017-05-03,23.2872,SM001004
2017-05-04,23.2922,SM001004
2017-05-05,23.3038,SM001004
2017-05-08,23.336,SM001004
2017-05-09,23.3532,SM001004
2017-05-11,23.3734,SM001004
2017-05-12,23.3676,SM001004
2017-05-15,23.4307,SM001004
2017-05-16,23.4502,SM001004
2017-05-17,23.4576,SM001004
2017-05-18,23.4668,SM001004
2017-05-19,23.4644,SM001004
2017-05-22,23.4947,SM001004
2017-05-23,23.5104,SM001004
2017-05-24,23.5279,SM001004
2017-05-25,23.5369,SM001004
2017-05-26,23.5753,SM001004
2017-05-29,23.5738,SM001004
2017-05-30,23.5688,SM001004
2017-05-31,23.5971,SM001004
2017-06-01,23.6421,SM001004
2017-06-02,23.6536,SM001004
2017-06-05,23.6525,SM001004
2017-06-06,23.6783,SM001004
2017-06-07,23.7439,SM001004
2017-06-08,23.8767,SM001004
2017-06-09,23.8965,SM001004
2017-06-12,23.9099,SM001004
2017-06-13,23.9553,SM001004
2017-06-14,23.9512,SM001004
2017-06-15,23.9532,SM001004
2017-06-16,23.9476,SM001004
2017-06-19,23.9643,SM001004
2017-06-20,23.9631,SM001004
2017-06-21,23.9858,SM001004
2017-06-22,23.9865,SM001004
2017-06-23,23.9763,SM001004
2017-06-27,24.0029,SM001004
2017-06-28,23.9688,SM001004
2017-06-29,23.9694,SM001004
2017-06-30,23.9809,SM001004
2017-07-03,23.8895,SM001004
2017-07-04,23.9368,SM001004
2017-07-05,23.9622,SM001004
2017-07-06,24.0122,SM001004
2017-07-07,24.0077,SM001004
2017-07-10,24.0377,SM001004
2017-07-11,24.0527,SM001004
2017-07-12,24.075,SM001004
2017-07-13,24.1065,SM001004
2017-07-14,24.1014,SM001004
2017-07-17,24.1207,SM001004
2017-07-18,24.1439,SM001004
2017-07-19,24.1592,SM001004
2017-07-20,24.1752,SM001004
2017-07-21,24.2081,SM001004
2017-07-24,24.2676,SM001004
2017-07-25,24.2518,SM001004
2017-07-26,24.2383,SM001004
2017-07-27,24.2649,SM001004
2017-07-28,24.2755,SM001004
2017-07-31,24.2768,SM001004
2017-08-01,24.2672,SM001004
2017-08-02,24.3022,SM001004
2017-08-03,24.3414,SM001004
2017-08-04,24.3382,SM001004
2017-08-07,24.3539,SM001004
2017-08-08,24.3572,SM001004
2017-08-09,24.3527,SM001004
2017-08-10,24.3301,SM001004
2017-08-11,24.3097,SM001004
2017-08-14,24.33,SM001004
2017-08-16,24.3162,SM001004
2017-08-18,24.3449,SM001004
2017-08-21,24.3505,SM001004
2017-08-22,24.3512,SM001004
2017-08-23,24.3212,SM001004
2017-08-24,24.3423,SM001004
2017-08-28,24.3526,SM001004
2017-08-29,24.3583,SM001004
2017-08-30,24.3601,SM001004
2017-08-31,24.3802,SM001004
2017-09-01,24.4425,SM001004
2017-09-04,24.4532,SM001004
2017-09-05,24.4516,SM001004
2017-09-06,24.4587,SM001004
2017-09-07,24.4512,SM001004
2017-09-08,24.4442,SM001004
2017-09-11,24.4619,SM001004
2017-09-12,24.4383,SM001004
2017-09-13,24.4301,SM001004
2017-09-14,24.4296,SM001004
2017-09-15,24.4274,SM001004
2017-09-18,24.4146,SM001004
2017-09-19,24.4201,SM001004
2017-09-20,24.4336,SM001004
2017-09-21,24.3719,SM001004
2017-09-22,24.3735,SM001004
2017-09-25,24.3928,SM001004
2017-09-26,24.4081,SM001004
2017-09-27,24.4056,SM001004
2017-09-28,24.4244,SM001004
2017-09-29,24.4163,SM001004
2017-10-03,24.4814,SM001004
2017-10-04,24.4529,SM001004
2017-10-05,24.4252,SM001004
2017-10-06,24.4358,SM001004
2017-10-09,24.4287,SM001004
2017-10-10,24.4271,SM001004
2017-10-11,24.437,SM001004
2017-10-12,24.4396,SM001004
2017-10-13,24.4818,SM001004
2017-10-16,24.4951,SM001004
2017-10-17,24.5,SM001004
2017-10-18,24.5076,SM001004
2017-10-23,24.4862,SM001004
2017-10-24,24.4848,SM001004
2017-10-25,24.4727,SM001004
2017-10-26,24.4914,SM001004
2017-10-27,24.493,SM001004
2017-10-30,24.4883,SM001004
2017-10-31,24.4794,SM001004
2017-11-01,24.494,SM001004
2017-11-02,24.4897,SM001004
2017-11-03,24.506,SM001004
2017-11-06,24.5212,SM001004
2017-11-07,24.4867,SM001004
2017-11-08,24.4676,SM001004
2017-11-09,24.4764,SM001004
2017-11-10,24.4852,SM001004
2017-11-13,24.4963,SM001004
2017-11-14,24.4352,SM001004
2017-11-15,24.4412,SM001004
2017-11-16,24.4208,SM001004
2017-11-17,24.4629,SM001004
2017-11-20,24.5501,SM001004
2017-11-21,24.5526,SM001004
2017-11-22,24.4908,SM001004
2017-11-23,24.4443,SM001004
2017-11-24,24.4544,SM001004
2017-11-27,24.4582,SM001004
2017-11-28,24.4426,SM001004
2017-11-29,24.4494,SM001004
2017-11-30,24.4562,SM001004
2017-12-04,24.464,SM001004
2017-12-05,24.4841,SM001004
2017-12-06,24.4934,SM001004
2017-12-07,24.5033,SM001004
2017-12-08,24.4982,SM001004
2017-12-11,24.4592,SM001004
2017-12-12,24.4405,SM001004
2017-12-13,24.4214,SM001004
2017-12-14,24.4365,SM001004
2017-12-15,24.4366,SM001004
2017-12-18,24.4404,SM001004
2017-12-19,24.4494,SM001004
2017-12-20,24.432,SM001004
2017-12-21,24.3903,SM001004
2017-12-22,24.4195,SM001004
2017-12-26,24.4186,SM001004
2017-12-27,24.4265,SM001004
2017-12-28,24.3836,SM001004
2017-12-29,24.4062,SM001004
2018-01-01,24.4352,SM001004
2018-01-02,24.4252,SM001004
2018-01-03,24.4227,SM001004
2018-01-04,24.4278,SM001004
2018-01-05,24.4659,SM001004
2018-01-08,24.5066,SM001004
2018-01-09,24.5086,SM001004
2018-01-10,24.4546,SM001004
2018-01-11,24.4545,SM001004
2018-01-12,24.4527,SM001004
2018-01-15,24.4915,SM001004
2018-01-16,24.4036,SM001004
2018-01-17,24.4709,SM001004
2018-01-18,24.4739,SM001004
2018-01-19,24.4823,SM001004
2018-01-22,24.4847,SM001004
2018-01-23,24.5096,SM001004
2018-01-24,24.5051,SM001004
2018-01-25,24.4978,SM001004
2018-01-29,24.4929,SM001004
2018-01-30,24.4506,SM001004
2018-01-31,24.4567,SM001004
2018-02-01,24.3416,SM001004
2018-02-02,24.3642,SM001004
2018-02-05,24.37,SM001004
2018-02-06,24.3815,SM001004
2018-02-07,24.4336,SM001004
2018-02-08,24.4682,SM001004
2018-02-09,24.4713,SM001004
2018-02-12,24.477,SM001004
2018-02-14,24.4948,SM001004
2018-02-15,24.4581,SM001004
2018-02-16,24.4352,SM001004
2018-02-20,24.3806,SM001004
2018-02-21,24.3757,SM001004
2018-02-22,24.3043,SM001004
2018-02-23,24.3355,SM001004
2018-02-26,24.2546,SM001004
2018-02-27,24.221,SM001004
2018-02-28,24.2146,SM001004
2018-03-01,24.1868,SM001004
2018-03-05,24.2068,SM001004
2018-03-06,24.1986,SM001004
2018-03-07,24.2468,SM001004
2018-03-08,24.2683,SM001004
2018-03-09,24.259,SM001004
2018-03-12,24.3229,SM001004
2018-03-13,24.3474,SM001004
2018-03-14,24.3634,SM001004
2018-03-15,24.3591,SM001004
2018-03-16,24.3972,SM001004
2018-03-19,24.423,SM001004
2018-03-20,24.4328,SM001004
2018-03-21,24.4388,SM001004
2018-03-22,24.4442,SM001004
2018-03-23,24.4765,SM001004
2018-03-26,24.4985,SM001004
2018-03-27,24.7252,SM001004
2018-03-28,24.742,SM001004
2018-03-31,24.7701,SM001004
2018-04-03,24.8336,SM001004
2018-04-04,24.859,SM001004
2018-04-05,24.9545,SM001004
2018-04-06,24.9527,SM001004
2018-04-09,24.9525,SM001004
2018-04-10,24.8421,SM001004
2018-04-11,24.7497,SM001004
2018-04-12,24.7416,SM001004
2018-04-13,24.7321,SM001004
2018-04-16,24.7463,SM001004
2018-04-17,24.7434,SM001004
2018-04-18,24.7154,SM001004
2018-04-19,24.6275,SM001004
2018-04-20,24.5452,SM001004
2018-04-23,24.4979,SM001004
2018-04-24,24.5095,SM001004
2018-04-25,24.4699,SM001004
2018-04-26,24.4471,SM001004
2018-04-27,24.4266,SM001004
2018-05-02,24.4786,SM001004
2018-05-03,24.4854,SM001004
2018-05-04,24.4998,SM001004
2018-05-07,24.5551,SM001004
2018-05-08,24.5764,SM001004
2018-05-09,24.5031,SM001004
2018-05-10,24.5057,SM001004
2018-05-11,24.4861,SM001004
2018-05-14,24.4738,SM001004
2018-05-15,24.3559,SM001004
2018-05-16,24.3421,SM001004
2018-05-17,24.2879,SM001004
2018-05-18,24.3346,SM001004
2018-05-21,24.3483,SM001004
2018-05-22,24.3989,SM001004
2018-05-23,24.3619,SM001004
2018-05-24,24.3369,SM001004
2018-05-25,24.387,SM001004
2018-05-28,24.4474,SM001004
2018-05-29,24.4512,SM001004
2018-05-30,24.4651,SM001004
2018-05-31,24.405,SM001004
2018-06-01,24.3777,SM001004
2018-06-04,24.3775,SM001004
2018-06-05,24.3843,SM001004
2018-06-06,24.3169,SM001004
2018-06-07,24.2288,SM001004
2018-06-08,24.2361,SM001004
2018-06-11,24.2821,SM001004
2018-06-12,24.2758,SM001004
2018-06-13,24.2752,SM001004
2018-06-14,24.3148,SM001004
2018-06-15,24.3481,SM001004
2018-06-18,24.3827,SM001004
2018-06-19,24.4402,SM001004
2018-06-20,24.4257,SM001004
2018-06-21,24.5299,SM001004
2018-06-22,24.5142,SM001004
2018-06-25,24.523,SM001004
2018-06-26,24.5404,SM001004
2018-06-27,24.5448,SM001004
2018-06-28,24.5102,SM001004
2018-06-29,24.5021,SM001004
2018-07-02,24.5351,SM001004
2018-07-03,24.5568,SM001004
2018-07-04,24.5842,SM001004
2018-07-05,24.5743,SM001004
2018-07-06,24.581,SM001004
2018-07-09,24.5964,SM001004
2018-07-10,24.6114,SM001004
2018-07-11,24.6086,SM001004
2018-07-12,24.6406,SM001004
2018-07-13,24.6486,SM001004
2018-07-16,24.6484,SM001004
2018-07-17,24.6922,SM001004
2018-07-18,24.7278,SM001004
2018-07-19,24.7324,SM001004
2018-07-20,24.7037,SM001004
2018-07-23,24.7229,SM001004
2018-07-24,24.7189,SM001004
2018-07-25,24.7292,SM001004
2018-07-26,24.7496,SM001004
2018-07-27,24.7661,SM001004
2018-07-30,24.7692,SM001004
2018-07-31,24.7962,SM001004
2018-08-01,24.8345,SM001004
2018-08-02,24.8613,SM001004
2018-08-03,24.8399,SM001004
2018-08-06,24.8472,SM001004
2018-08-07,24.8382,SM001004
2018-08-08,24.8468,SM001004
2018-08-09,24.8632,SM001004
2018-08-10,24.8866,SM001004
2018-08-13,24.8772,SM001004
2018-08-14,24.8547,SM001004
2018-08-16,24.8465,SM001004
2018-08-20,24.8864,SM001004
2018-08-21,24.8814,SM001004
2018-08-23,24.8843,SM001004
2018-08-24,24.8897,SM001004
2018-08-27,24.9048,SM001004
2018-08-28,24.9093,SM001004
2018-08-29,24.9174,SM001004
2018-08-30,24.8978,SM001004
2018-08-31,24.8959,SM001004
2018-09-03,24.8797,SM001004
2018-09-04,24.8137,SM001004
2018-09-05,24.7543,SM001004
2018-09-06,24.761,SM001004
2018-09-07,24.7689,SM001004
2018-09-10,24.6947,SM001004
2018-09-11,24.6871,SM001004
2018-09-12,24.6836,SM001004
2018-09-14,24.6904,SM001004
2018-09-17,24.7247,SM001004
2018-09-18,24.733,SM001004
2018-09-19,24.732,SM001004
2018-09-21,24.7498,SM001004
2018-09-24,24.673,SM001004
2018-09-25,24.6734,SM001004
2018-09-26,24.7022,SM001004
2018-09-27,24.7689,SM001004
2018-09-28,24.8057,SM001004
2018-10-01,24.8563,SM001004
2018-10-03,24.8289,SM001004
2018-10-04,24.7337,SM001004
2018-10-05,24.829,SM001004
2018-10-08,24.8486,SM001004
2018-10-09,24.82,SM001004
2018-10-10,24.8522,SM001004
2018-10-11,24.8621,SM001004
2018-10-12,24.8811,SM001004
2018-10-15,24.9266,SM001004
2018-10-16,24.9501,SM001004
2018-10-17,24.9365,SM001004
2018-10-19,24.9803,SM001004
2018-10-22,24.9886,SM001004
2018-10-23,24.9981,SM001004
2018-10-24,25.0149,SM001004
2018-10-25,25.0227,SM001004
2018-10-26,25.0183,SM001004
2018-10-29,25.0612,SM001004
2018-10-30,25.0769,SM001004
2018-10-31,25.0582,SM001004
2018-11-01,25.0831,SM001004
2018-11-02,25.1313,SM001004
2018-11-05,25.1456,SM001004
2018-11-06,25.1602,SM001004
2018-11-09,25.1794,SM001004
2018-11-12,25.2017,SM001004
2018-11-13,25.2193,SM001004
2018-11-14,25.2303,SM001004
2018-11-15,25.2649,SM001004
2018-11-16,25.2605,SM001004
2018-11-19,25.2728,SM001004
2018-11-20,25.2899,SM001004
2018-11-22,25.3228,SM001004
2018-11-26,25.364,SM001004
2018-11-27,25.3592,SM001004
2018-11-28,25.3701,SM001004
2018-11-29,25.4297,SM001004
2018-11-30,25.4714,SM001004
2018-12-03,25.4769,SM001004
2018-12-04,25.4923,SM001004
2018-12-05,25.6009,SM001004
2018-12-06,25.6013,SM001004
2018-12-07,25.5879,SM001004
2018-12-10,25.508,SM001004
2018-12-11,25.4935,SM001004
2018-12-12,25.5508,SM001004
2018-12-13,25.5297,SM001004
2018-12-14,25.5364,SM001004
2018-12-17,25.5763,SM001004
2018-12-18,25.601,SM001004
2018-12-19,25.7042,SM001004
2018-12-20,25.7537,SM001004
2018-12-21,25.7437,SM001004
2018-12-24,25.7849,SM001004
2018-12-26,25.84,SM001004
2018-12-27,25.867,SM001004
2018-12-28,25.8414,SM001004
2018-12-31,25.869,SM001004
2019-01-01,25.8434,SM001004
2019-01-02,25.8641,SM001004
2019-01-03,25.8686,SM001004
2019-01-04,25.8679,SM001004
2019-01-07,25.8554,SM001004
2019-01-08,25.8968,SM001004
2019-01-09,25.9204,SM001004
2019-01-10,25.8961,SM001004
2019-01-11,25.946,SM001004
2019-01-14,25.9893,SM001004
2019-01-15,26.0008,SM001004
2019-01-16,25.9802,SM001004
2019-01-17,25.9329,SM001004
2019-01-18,25.9431,SM001004
2019-01-21,25.9019,SM001004
2019-01-22,25.9616,SM001004
2019-01-23,25.9539,SM001004
2019-01-24,25.9665,SM001004
2019-01-25,25.9962,SM001004
2019-01-28,26.0192,SM001004
2019-01-29,25.9868,SM001004
2019-01-30,25.9896,SM001004
2019-01-31,26.0178,SM001004
2019-02-01,25.9463,SM001004
2019-02-04,25.9093,SM001004
2019-02-05,25.9105,SM001004
2019-02-06,25.9296,SM001004
2019-02-07,26.0395,SM001004
2019-02-08,26.0405,SM001004
2019-02-11,26.0656,SM001004
2019-02-12,26.0293,SM001004
2019-02-13,26.0923,SM001004
2019-02-14,26.0579,SM001004
2019-02-15,26.0485,SM001004
2019-02-18,26.0408,SM001004
2019-02-20,26.0636,SM001004
2019-02-21,26.0578,SM001004
2019-02-22,26.0638,SM001004
2019-02-25,26.0734,SM001004
2019-02-26,26.0612,SM001004
2019-02-27,26.038,SM001004
2019-02-28,26.0433,SM001004
2019-03-01,26.0991,SM001004
2019-03-05,26.14,SM001004
2019-03-06,26.1383,SM001004
2019-03-07,26.2043,SM001004
2019-03-08,26.2546,SM001004
2019-03-11,26.3416,SM001004
2019-03-12,26.4005,SM001004
2019-03-13,26.3959,SM001004
2019-03-14,26.4231,SM001004
2019-03-15,26.4495,SM001004
2019-03-18,26.5015,SM001004
2019-03-19,26.4604,SM001004
2019-03-20,26.5156,SM001004
2019-03-22,26.5663,SM001004
2019-03-25,26.6326,SM001004
2019-03-26,26.648,SM001004
2019-03-27,26.6433,SM001004
2019-03-28,26.6704,SM001004
2019-03-29,26.7186,SM001004
2019-03-30,26.7621,SM001004
2019-03-31,26.768,SM001004
2019-04-02,26.7631,SM001004
2019-04-03,26.7072,SM001004
2019-04-04,26.6482,SM001004
2019-04-05,26.6334,SM001004
2019-04-08,26.5894,SM001004
2019-04-09,26.5872,SM001004
2019-04-10,26.5983,SM001004
2019-04-11,26.5855,SM001004
2019-04-12,26.5585,SM001004
2019-04-15,26.5593,SM001004
2019-04-16,26.5727,SM001004
2019-04-18,26.576,SM001004
2019-04-22,26.525,SM001004
2019-04-23,26.5209,SM001004
2019-04-24,26.5605,SM001004
2019-04-25,26.534,SM001004
2019-04-26,26.5885,SM001004
2019-04-30,26.6058,SM001004
2019-05-02,26.6007,SM001004
2019-05-03,26.5828,SM001004
2019-05-06,26.6046,SM001004
2019-05-07,26.6313,SM001004
2019-05-08,26.6497,SM001004
2019-05-09,26.6583,SM001004
2019-05-10,26.6431,SM001004
2019-05-13,26.7002,SM001004
2019-05-14,26.7538,SM001004
2019-05-15,26.7549,SM001004
2019-05-16,26.7605,SM001004
2019-05-17,26.7866,SM001004
2019-05-20,26.8856,SM001004
2019-05-21,26.8852,SM001004
2019-05-22,26.879,SM001004
2019-05-23,26.9781,SM001004
2019-05-24,27.0302,SM001004
2019-05-27,27.1582,SM001004
2019-05-28,27.1623,SM001004
2019-05-29,27.1842,SM001004
2019-05-30,27.166,SM001004
2019-05-31,27.2611,SM001004
2019-06-03,27.3182,SM001004
2019-06-04,27.2842,SM001004
2019-06-06,27.3866,SM001004
2019-06-07,27.3518,SM001004
2019-06-10,27.2843,SM001004
2019-06-11,27.291,SM001004
2019-06-12,27.3465,SM001004
2019-06-13,27.3661,SM001004
2019-06-14,27.4139,SM001004
2019-06-17,27.4324,SM001004
2019-06-18,27.4851,SM001004
2019-06-19,27.5235,SM001004
2019-06-20,27.5794,SM001004
2019-06-21,27.5169,SM001004
2019-06-24,27.5149,SM001004
2019-06-25,27.5057,SM001004
2019-06-26,27.4321,SM001004
2019-06-27,27.4607,SM001004
2019-06-28,27.4729,SM001004
2019-07-01,27.453,SM001004
2019-07-02,27.4865,SM001004
2019-07-03,27.5441,SM001004
2019-07-04,27.5911,SM001004
2019-07-05,27.7279,SM001004
2019-07-08,27.8228,SM001004
2019-07-09,27.8307,SM001004
2019-07-10,27.8546,SM001004
2019-07-11,27.9442,SM001004
2019-07-12,28.0037,SM001004
2019-07-15,28.0732,SM001004
2019-07-16,28.1742,SM001004
2019-07-17,28.1103,SM001004
2019-07-18,28.0797,SM001004
2019-07-19,28.0903,SM001004
2019-07-22,28.0619,SM001004
2019-07-23,28.0495,SM001004
2019-07-24,28.0557,SM001004
2019-07-25,27.926,SM001004
2019-07-26,27.9406,SM001004
2019-07-29,28.0766,SM001004
2019-07-30,28.0915,SM001004
2019-07-31,28.1197,SM001004
2019-08-01,28.1052,SM001004
2019-08-02,28.1945,SM001004
2019-08-05,28.1588,SM001004
2019-08-06,28.2202,SM001004
2019-08-07,28.2575,SM001004
2019-08-08,28.2622,SM001004
2019-08-09,28.2103,SM001004
2019-08-10,28.2163,SM001004
2019-08-13,28.1927,SM001004
2019-08-14,28.1135,SM001004
2019-08-16,28.1777,SM001004
2019-08-19,28.1547,SM001004
2019-08-20,28.2154,SM001004
2019-08-21,28.2867,SM001004
2019-08-22,28.2866,SM001004
2019-08-23,28.3561,SM001004
2019-08-26,28.4144,SM001004
2019-08-27,28.3995,SM001004
2019-08-28,28.3856,SM001004
2019-08-29,28.3204,SM001004
2019-08-30,28.319,SM001004
2019-09-03,28.4158,SM001004
2019-09-04,28.4789,SM001004
2019-09-05,28.3812,SM001004
2019-09-06,28.3734,SM001004
2019-09-09,28.4292,SM001004
2019-09-11,28.3807,SM001004
2019-09-12,28.3495,SM001004
2019-09-13,28.425,SM001004
2019-09-16,28.3522,SM001004
2019-09-17,28.3681,SM001004
2019-09-18,28.4448,SM001004
2019-09-19,28.4308,SM001004
2019-09-20,28.2696,SM001004
2019-09-23,28.2838,SM001004
2019-09-24,28.3025,SM001004
2019-09-25,28.2671,SM001004
2019-09-26,28.3101,SM001004
2019-09-27,28.3434,SM001004
2019-09-30,28.388,SM001004
2019-10-01,28.4281,SM001004
2019-10-03,28.5017,SM001004
2019-10-04,28.4185,SM001004
2019-10-07,28.4319,SM001004
2019-10-09,28.4268,SM001004
2019-10-10,28.4586,SM001004
2019-10-11,28.5038,SM001004
2019-10-14,28.5127,SM001004
2019-10-15,28.5608,SM001004
2019-10-16,28.5207,SM001004
2019-10-17,28.4998,SM001004
2019-10-18,28.5578,SM001004
2019-10-22,28.6124,SM001004
2019-10-23,28.6368,SM001004
2019-10-24,28.659,SM001004
2019-10-25,28.6981,SM001004
2019-10-29,28.7255,SM001004
2019-10-30,28.7707,SM001004
2019-10-31,28.7802,SM001004
2019-11-01,28.8533,SM001004
2019-11-04,28.8835,SM001004
2019-11-05,28.8442,SM001004
2019-11-06,28.8486,SM001004
2019-11-07,28.8311,SM001004
2019-11-08,28.8106,SM001004
2019-11-11,28.8183,SM001004
2019-11-13,28.8474,SM001004
2019-11-14,28.904,SM001004
2019-11-15,28.9529,SM001004
2019-11-18,28.9835,SM001004
2019-11-19,28.9987,SM001004
2019-11-20,29.0118,SM001004
2019-11-21,29.0152,SM001004
2019-11-22,29.0164,SM001004
2019-11-25,29.0759,SM001004
2019-11-26,29.0991,SM001004
2019-11-27,29.094,SM001004
2019-11-28,29.0973,SM001004
2019-11-29,29.1439,SM001004
2019-12-02,29.1724,SM001004
2019-12-03,29.1882,SM001004
2019-12-04,29.1987,SM001004
2019-12-05,29.0517,SM001004
2019-12-06,29.0107,SM001004
2019-12-09,29.0087,SM001004
2019-12-10,28.9725,SM001004
2019-12-11,28.9202,SM001004
2019-12-12,28.9295,SM001004
2019-12-13,28.9005,SM001004
2019-12-16,28.9339,SM001004
2019-12-17,28.9545,SM001004
2019-12-18,28.9832,SM001004
2019-12-19,28.9883,SM001004
2019-12-20,29.1047,SM001004
2019-12-23,29.1366,SM001004
2019-12-24,29.14,SM001004
2019-12-26,29.1632,SM001004
2019-12-27,29.1764,SM001004
2019-12-30,29.2064,SM001004
2019-12-31,29.207,SM001004
2020-01-01,28.7963,SM001004
2020-01-02,28.8046,SM001004
2020-01-03,28.8242,SM001004
2020-01-06,28.799,SM001004
2020-01-07,28.8323,SM001004
2020-01-08,28.8391,SM001004
2020-01-09,28.8699,SM001004
2020-01-10,28.848,SM001004
2020-01-13,28.8628,SM001004
2020-01-14,28.8274,SM001004
2020-01-15,28.8468,SM001004
2020-01-16,28.874,SM001004
2020-01-17,28.8992,SM001004
2020-01-20,28.9157,SM001004
2020-01-21,28.9338,SM001004
2020-01-22,28.9609,SM001004
2020-01-23,28.9923,SM001004
2020-01-24,29.0037,SM001004
2020-01-27,29.0473,SM001004
2020-01-28,29.0502,SM001004
2020-01-29,29.0218,SM001004
2020-01-30,29.0302,SM001004
2020-01-31,29.0416,SM001004
2020-02-03,29.1273,SM001004
2020-02-04,29.1613,SM001004
2020-02-05,29.1683,SM001004
2020-02-06,29.2799,SM001004
2020-02-07,29.3955,SM001004
2020-02-10,29.4472,SM001004
2020-02-11,29.4545,SM001004
2020-02-12,29.4396,SM001004
2020-02-13,29.4854,SM001004
2020-02-14,29.532,SM001004
2020-02-17,29.5825,SM001004
2020-02-18,29.5634,SM001004
2020-02-20,29.5473,SM001004
2020-02-24,29.593,SM001004
2020-02-25,29.5896,SM001004
2020-02-26,29.6316,SM001004
2020-02-27,29.6386,SM001004
2020-02-28,29.6125,SM001004
2020-03-02,29.6348,SM001004
2020-03-03,29.6127,SM001004
2020-03-04,29.6988,SM001004
2020-03-05,29.6925,SM001004
2020-03-06,29.7245,SM001004
2020-03-09,29.7765,SM001004
2020-03-11,29.6702,SM001004
2020-03-12,29.4995,SM001004
2020-03-13,29.2594,SM001004
2020-03-16,29.2639,SM001004
2020-03-17,29.1322,SM001004
2020-03-18,28.9056,SM001004
2020-03-19,28.6542,SM001004
2020-03-20,28.6707,SM001004
2020-03-23,28.6823,SM001004
2020-03-24,28.6477,SM001004
2020-03-26,28.7054,SM001004
2020-03-27,29.7316,SM001004
2020-03-30,29.7004,SM001004
2020-03-31,29.7546,SM001004
2020-04-03,29.697,SM001004
2020-04-07,29.5591,SM001004
2020-04-08,29.2523,SM001004
2020-04-09,29.2148,SM001004
2020-04-13,29.2493,SM001004
2020-04-15,29.3465,SM001004
2020-04-16,29.4492,SM001004
2020-04-17,29.6864,SM001004
2020-04-20,29.8403,SM001004
2020-04-21,29.9313,SM001004
2020-04-22,29.9456,SM001004
2020-04-23,30.0089,SM001004
2020-04-24,29.8054,SM001004
2020-04-27,29.7184,SM001004
2020-04-28,29.6556,SM001004
2020-04-29,29.6596,SM001004
2020-04-30,29.7102,SM001004
2020-05-04,29.8134,SM001004
2020-05-05,29.8823,SM001004
2020-05-06,29.9943,SM001004
2020-05-08,30.0563,SM001004
2020-05-11,29.9827,SM001004
2020-05-12,30.0545,SM001004
2020-05-13,30.0796,SM001004
2020-05-14,30.1992,SM001004
2020-05-15,30.2253,SM001004
2020-05-18,30.282,SM001004
2020-05-19,30.3265,SM001004
2020-05-20,30.3706,SM001004
2020-05-21,30.3868,SM001004
2020-05-22,30.5066,SM001004
2020-05-26,30.5765,SM001004
2020-05-27,30.5659,SM001004
2020-05-28,30.5793,SM001004
2020-05-29,30.562,SM001004
2020-06-01,30.566,SM001004
2020-06-02,30.5213,SM001004
2020-06-03,30.5493,SM001004
2020-06-04,30.538,SM001004
2020-06-05,30.5822,SM001004
2020-06-08,30.5687,SM001004
2020-06-09,30.5857,SM001004
2020-06-10,30.6121,SM001004
2020-06-11,30.64,SM001004
2020-06-12,30.6453,SM001004
2020-06-15,30.6695,SM001004
2020-06-16,30.691,SM001004
2020-06-17,30.7315,SM001004
2020-06-18,30.8003,SM001004
2020-06-19,30.9041,SM001004
2020-06-22,30.939,SM001004
2020-06-23,30.9665,SM001004
2020-06-24,30.9681,SM001004
2020-06-25,31.0094,SM001004
2020-06-26,31.0922,SM001004
2020-06-29,31.0993,SM001004
2020-06-30,31.1246,SM001004
2020-07-01,31.1255,SM001004
2020-07-02,31.1975,SM001004
2020-07-03,31.2387,SM001004
2020-07-06,31.2702,SM001004
2020-07-07,31.3166,SM001004
2020-07-08,31.418,SM001004
2020-07-09,31.4427,SM001004
2020-07-10,31.5117,SM001004
2020-07-13,31.5499,SM001004
2020-07-14,31.53,SM001004
2020-07-15,31.5699,SM001004
2020-07-16,31.6083,SM001004
2020-07-17,31.602,SM001004
2020-07-20,31.6175,SM001004
2020-07-21,31.599,SM001004
2020-07-22,31.5895,SM001004
2020-07-23,31.5943,SM001004
2020-07-24,31.5874,SM001004
2020-07-27,31.5685,SM001004
2020-07-28,31.5403,SM001004
2020-07-29,31.5547,SM001004
2020-07-30,31.5776,SM001004
2020-07-31,31.6094,SM001004
2020-08-03,31.6304,SM001004
2020-08-04,31.6423,SM001004
2020-08-05,31.6503,SM001004
2020-08-06,31.6116,SM001004
2020-08-07,31.5853,SM001004
2020-08-10,31.5677,SM001004
2020-08-11,31.5545,SM001004
2020-08-12,31.5253,SM001004
2020-08-13,31.5593,SM001004
2020-08-14,31.5602,SM001004
2020-08-17,31.5639,SM001004
2020-08-18,31.518,SM001004
2020-08-19,31.4897,SM001004
2020-08-20,31.5284,SM001004
2020-08-21,31.4232,SM001004
2020-08-24,31.3396,SM001004
2020-08-25,31.3597,SM001004
2020-08-26,31.3597,SM001004
2020-08-27,31.3552,SM001004
2020-08-28,31.3131,SM001004
2020-08-31,31.4863,SM001004
2020-09-01,31.658,SM001004
2020-09-02,31.6839,SM001004
2020-09-03,31.7537,SM001004
2020-09-04,31.7321,SM001004
2020-09-07,31.6945,SM001004
2020-09-08,31.6154,SM001004
2020-09-09,31.6265,SM001004
2020-09-10,31.621,SM001004
2020-09-11,31.6319,SM001004
2020-09-14,31.6188,SM001004
2020-09-15,31.6045,SM001004
2020-09-16,31.6302,SM001004
2020-09-17,31.6538,SM001004
2020-09-18,31.6527,SM001004
2020-09-21,31.67,SM001004
2020-09-22,31.6666,SM001004
2020-09-23,31.6649,SM001004
2020-09-24,31.6441,SM001004
2020-09-25,31.6214,SM001004
2020-09-28,31.6109,SM001004
2020-09-29,31.6042,SM001004
2020-09-30,31.6203,SM001004
2020-10-01,31.6584,SM001004
2020-10-05,31.6808,SM001004
2020-10-06,31.6934,SM001004
2020-10-07,31.7188,SM001004
2020-10-08,31.7453,SM001004
2020-10-09,31.948,SM001004
2020-10-12,31.9701,SM001004
2020-10-13,31.9995,SM001004
2020-10-14,32.0266,SM001004
2020-10-15,32.0818,SM001004
2020-10-16,32.0968,SM001004
2020-10-19,32.1162,SM001004
2020-10-20,32.1316,SM001004
2020-10-21,32.1604,SM001004
2020-10-22,32.1635,SM001004
2020-10-23,32.182,SM001004
2020-10-26,32.2741,SM001004
2020-10-27,32.2424,SM001004
2020-10-28,32.2472,SM001004
2020-10-29,32.2548,SM001004
2020-11-02,32.2756,SM001004
2020-11-03,32.252,SM001004
2020-11-04,32.2403,SM001004
2020-11-05,32.2981,SM001004
2020-11-06,32.329,SM001004
2020-11-09,32.3243,SM001004
2020-11-10,32.3319,SM001004
2020-11-11,32.3483,SM001004
2020-11-12,32.3591,SM001004
2020-11-13,32.3708,SM001004
2020-11-17,32.4071,SM001004
2020-11-18,32.3915,SM001004
2020-11-19,32.4322,SM001004
2020-11-20,32.4338,SM001004
2020-11-23,32.4541,SM001004
2020-11-24,32.4743,SM001004
2020-11-25,32.5085,SM001004
2020-11-26,32.5386,SM001004
2020-11-27,32.5486,SM001004
2020-12-01,32.521,SM001004
2020-12-02,32.5178,SM001004
2020-12-03,32.5064,SM001004
2020-12-04,32.5452,SM001004
2020-12-07,32.5618,SM001004
2020-12-08,32.5611,SM001004
2020-12-09,32.5445,SM001004
2020-12-10,32.5685,SM001004
2020-12-11,32.5368,SM001004
2020-12-14,32.5441,SM001004
2020-12-15,32.5583,SM001004
2020-12-16,32.565,SM001004
2020-12-17,32.5918,SM001004
2020-12-18,32.5902,SM001004
2020-12-21,32.6091,SM001004
2020-12-22,32.6325,SM001004
2020-12-23,32.6536,SM001004
2020-12-24,32.6721,SM001004
2020-12-28,32.7125,SM001004
2020-12-29,32.7134,SM001004
2020-12-30,32.723,SM001004
2020-12-31,32.7295,SM001004
2021-01-01,32.7427,SM001004
2021-01-04,32.7606,SM001004
2021-01-05,32.812,SM001004
2021-01-06,32.8317,SM001004
2021-01-07,32.8577,SM001004
2021-01-08,32.8746,SM001004
2021-01-11,32.8033,SM001004
2021-01-12,32.7966,SM001004
2021-01-13,32.7972,SM001004
2021-01-14,32.7471,SM001004
2021-01-15,32.7303,SM001004
2021-01-18,32.6912,SM001004
2021-01-19,32.6846,SM001004
2021-01-20,32.7063,SM001004
2021-01-21,32.7244,SM001004
2021-01-22,32.6986,SM001004
2021-01-25,32.7248,SM001004
2021-01-27,32.7446,SM001004
2021-01-28,32.7578,SM001004
2021-01-29,32.7651,SM001004
2021-02-01,32.5794,SM001004
2021-02-02,32.4664,SM001004
2021-02-03,32.475,SM001004
2021-02-04,32.5069,SM001004
2021-02-05,32.4481,SM001004
2021-02-08,32.4681,SM001004
2021-02-09,32.4457,SM001004
2021-02-10,32.4412,SM001004
2021-02-11,32.4917,SM001004
2021-02-12,32.4917,SM001004
2021-02-15,32.5012,SM001004
2021-02-16,32.5109,SM001004
2021-02-17,32.4963,SM001004
2021-02-18,32.5089,SM001004
2021-02-22,32.3634,SM001004
2021-02-23,32.3843,SM001004
2021-02-24,32.3655,SM001004
2021-02-25,32.3624,SM001004
2021-02-26,32.3595,SM001004
2021-03-01,32.3749,SM001004
2021-03-02,32.4013,SM001004
2021-03-03,32.4136,SM001004
2021-03-04,32.4084,SM001004
2021-03-05,32.419,SM001004
2021-03-08,32.426,SM001004
2021-03-09,32.4118,SM001004
2021-03-10,32.4164,SM001004
2021-03-12,32.4055,SM001004
2021-03-15,32.347,SM001004
2021-03-16,32.3566,SM001004
2021-03-17,32.363,SM001004
2021-03-18,32.3699,SM001004
2021-03-19,32.4335,SM001004
2021-03-22,32.4966,SM001004
2021-03-23,32.6194,SM001004
2021-03-24,32.7084,SM001004
2021-03-25,32.7081,SM001004
2021-03-26,32.7282,SM001004
2021-03-30,32.7598,SM001004
2021-03-31,32.7821,SM001004
2021-04-05,32.8408,SM001004
2021-04-06,32.8804,SM001004
2021-04-07,32.9101,SM001004
2021-04-08,32.9348,SM001004
2021-04-09,32.9531,SM001004
2021-04-12,32.9805,SM001004
2021-04-15,32.9578,SM001004
2021-04-16,32.9335,SM001004
2021-04-19,33.0071,SM001004
2021-04-20,33.0146,SM001004
2021-04-22,33.0076,SM001004
2021-04-23,33.0059,SM001004
2021-04-26,33.048,SM001004
2021-04-27,33.0634,SM001004
2021-04-28,33.0763,SM001004
2021-04-29,33.0876,SM001004
2021-04-30,33.1094,SM001004
2021-05-03,33.1533,SM001004
2021-05-04,33.1505,SM001004
2021-05-05,33.1854,SM001004
2021-05-06,33.1926,SM001004
2021-05-07,33.2052,SM001004
2021-05-10,33.2188,SM001004
2021-05-11,33.2515,SM001004
2021-05-12,33.2481,SM001004
2021-05-14,33.2527,SM001004
2021-05-17,33.26,SM001004
2021-05-18,33.2827,SM001004
2021-05-19,33.3145,SM001004
2021-05-20,33.329,SM001004
2021-05-21,33.3419,SM001004
2021-05-24,33.3505,SM001004
2021-05-25,33.3762,SM001004
2021-05-27,33.3859,SM001004
2021-05-28,33.3721,SM001004
2021-05-31,33.3792,SM001004
2021-06-01,33.3766,SM001004
2021-06-02,33.3772,SM001004
2021-06-03,33.3895,SM001004
2021-06-04,33.4084,SM001004
2021-06-07,33.4576,SM001004
2021-06-08,33.463,SM001004
2021-06-09,33.5222,SM001004
2021-06-10,33.5377,SM001004
2021-06-11,33.5639,SM001004
2021-06-14,33.5934,SM001004
2021-06-15,33.5705,SM001004
2021-06-16,33.4718,SM001004
2021-06-17,33.4623,SM001004
2021-06-18,33.4582,SM001004
2021-06-21,33.4897,SM001004
2021-06-22,33.4687,SM001004
2021-06-23,33.4824,SM001004
2021-06-24,33.453,SM001004
2021-06-25,33.4549,SM001004
2021-06-28,33.4186,SM001004
2021-06-29,33.3737,SM001004
2021-06-30,33.3711,SM001004
2021-07-01,33.3807,SM001004
2021-07-02,33.3942,SM001004
2021-07-05,33.4097,SM001004
2021-07-06,33.4004,SM001004
2021-07-07,33.3998,SM001004
2021-07-08,33.4393,SM001004
2021-07-09,33.4514,SM001004
2021-07-12,33.4051,SM001004
2021-07-13,33.4228,SM001004
2021-07-14,33.4417,SM001004
2021-07-15,33.4636,SM001004
2021-07-16,33.5242,SM001004
2021-07-19,33.5673,SM001004
2021-07-20,33.5821,SM001004
2021-07-22,33.5844,SM001004
2021-07-23,33.5715,SM001004
2021-07-26,33.5887,SM001004
2021-07-27,33.6095,SM001004
2021-07-28,33.6184,SM001004
2021-07-29,33.6066,SM001004
2021-07-30,33.6033,SM001004
2021-08-02,33.6273,SM001004
2021-08-03,33.6309,SM001004
2021-08-04,33.663,SM001004
2021-08-05,33.6808,SM001004
2021-08-06,33.6099,SM001004
2021-08-09,33.6041,SM001004
2021-08-10,33.6223,SM001004
2021-08-11,33.6177,SM001004
2021-08-12,33.6382,SM001004
2021-08-13,33.6693,SM001004
2021-08-17,33.7117,SM001004
2021-08-18,33.7432,SM001004
2021-08-20,33.7557,SM001004
2021-08-23,33.7774,SM001004
2021-08-24,33.7908,SM001004
2021-08-25,33.8052,SM001004
2021-08-26,33.8086,SM001004
2021-08-27,33.8132,SM001004
2021-08-30,33.8753,SM001004
2021-08-31,33.8654,SM001004
2021-09-01,33.9051,SM001004
2021-09-02,33.949,SM001004
2021-09-03,33.9529,SM001004
2021-09-06,33.9686,SM001004
2021-09-07,33.9681,SM001004
2021-09-08,34.0123,SM001004
2021-09-09,34.0152,SM001004
2021-09-13,34.0537,SM001004
2021-09-14,34.0811,SM001004
2021-09-15,34.0919,SM001004
2021-09-16,34.1086,SM001004
2021-09-17,34.119,SM001004
2021-09-20,34.1462,SM001004
2021-09-21,34.1408,SM001004
2021-09-22,34.1921,SM001004
2021-09-23,34.1913,SM001004
2021-09-24,34.1458,SM001004
2021-09-27,34.147,SM001004
2021-09-28,34.1372,SM001004
2021-09-29,34.1587,SM001004
2021-09-30,34.1674,SM001004
2021-10-01,34.1634,SM001004
2021-10-04,34.171,SM001004
2021-10-05,34.1598,SM001004
2021-10-06,34.1478,SM001004
2021-10-07,34.1369,SM001004
2021-10-08,34.1035,SM001004
2021-10-11,34.1141,SM001004
2021-10-12,34.1303,SM001004
2021-10-13,34.1459,SM001004
2021-10-14,34.1653,SM001004
2021-10-18,34.1487,SM001004
2021-10-20,34.0914,SM001004
2021-10-21,34.1265,SM001004
2021-10-22,34.1595,SM001004
2021-10-25,34.2196,SM001004
2021-10-26,34.167,SM001004
2021-10-27,34.1887,SM001004
2021-10-28,34.1924,SM001004
2021-10-29,34.1808,SM001004
2021-11-01,34.2012,SM001004
2021-11-02,34.2112,SM001004
2021-11-03,34.2191,SM001004
2021-11-08,34.2832,SM001004
2021-11-09,34.2906,SM001004
2021-11-10,34.2866,SM001004
2021-11-11,34.2992,SM001004
2021-11-12,34.2988,SM001004
2021-11-15,34.3109,SM001004
2021-11-16,34.3051,SM001004
2021-11-17,34.3264,SM001004
2021-11-18,34.3424,SM001004
2021-11-22,34.3848,SM001004
2021-11-23,34.3962,SM001004
2021-11-24,34.3813,SM001004
2021-11-25,34.3772,SM001004
2021-11-26,34.3807,SM001004
2021-11-29,34.408,SM001004
2021-11-30,34.4292,SM001004
2021-12-01,34.4294,SM001004
2021-12-02,34.433,SM001004
2021-12-03,34.4413,SM001004
2021-12-06,34.4805,SM001004
2021-12-07,34.4857,SM001004
2021-12-08,34.4965,SM001004
2021-12-09,34.5138,SM001004
2021-12-10,34.5205,SM001004
2021-12-13,34.5141,SM001004
2021-12-14,34.55,SM001004
2021-12-15,34.5636,SM001004
2021-12-16,34.5674,SM001004
2021-12-17,34.5577,SM001004
2021-12-20,34.5352,SM001004
2021-12-21,34.4916,SM001004
2021-12-22,34.4674,SM001004
2021-12-23,34.4738,SM001004
2021-12-24,34.4646,SM001004
2021-12-27,34.4784,SM001004
2021-12-28,34.4687,SM001004
2021-12-29,34.4793,SM001004
2021-12-30,34.4793,SM001004
2021-12-31,34.4848,SM001004
2022-01-03,34.4971,SM001004
2022-01-04,34.4384,SM001004
2022-01-05,34.4129,SM001004
2022-01-06,34.3977,SM001004
2022-01-07,34.4052,SM001004
2022-01-10,34.3793,SM001004
2022-01-11,34.4054,SM001004
2022-01-12,34.4193,SM001004
2022-01-13,34.41,SM001004
2022-01-14,34.4208,SM001004
2022-01-17,34.4082,SM001004
2022-01-18,34.3898,SM001004
2022-01-19,34.408,SM001004
2022-01-20,34.4227,SM001004
2022-01-21,34.4338,SM001004
2022-01-24,34.4262,SM001004
2022-01-25,34.4262,SM001004
2022-01-27,34.3896,SM001004
2022-01-28,34.4141,SM001004
2022-01-31,34.4326,SM001004
2022-02-01,34.2931,SM001004
2022-02-02,34.2466,SM001004
2022-02-03,34.2685,SM001004
2022-02-04,34.2587,SM001004
2022-02-08,34.3189,SM001004
2022-02-09,34.4006,SM001004
2022-02-10,34.5329,SM001004
2022-02-11,34.5483,SM001004
2022-02-14,34.6013,SM001004
2022-02-15,34.6196,SM001004
2022-02-16,34.6286,SM001004
2022-02-17,34.6468,SM001004
2022-02-18,34.6722,SM001004
2022-02-21,34.6961,SM001004
2022-02-22,34.7046,SM001004
2022-02-23,34.7016,SM001004
2022-02-24,34.6908,SM001004
2022-02-25,34.7013,SM001004
2022-02-28,34.7059,SM001004
2022-03-02,34.6748,SM001004
2022-03-03,34.6461,SM001004
2022-03-04,34.6541,SM001004
2022-03-07,34.6435,SM001004
2022-03-08,34.6445,SM001004
2022-03-09,34.6465,SM001004
2022-03-10,34.6626,SM001004
2022-03-11,34.6404,SM001004
2022-03-14,34.6758,SM001004
2022-03-15,34.6802,SM001004
2022-03-16,34.7044,SM001004
2022-03-17,34.7248,SM001004
2022-03-21,34.7626,SM001004
2022-03-22,34.782,SM001004
2022-03-23,34.7947,SM001004
2022-03-24,34.7842,SM001004
2022-03-25,34.7854,SM001004
2022-03-28,34.8241,SM001004
2022-03-29,34.8168,SM001004
2022-03-30,34.8242,SM001004
2022-03-31,34.8743,SM001004
2022-04-04,34.8478,SM001004
2022-04-05,34.8553,SM001004
2022-04-06,34.8616,SM001004
2022-04-07,34.8681,SM001004
2022-04-08,34.8736,SM001004
2022-04-11,34.8916,SM001004
2022-04-12,34.5231,SM001004
2022-04-13,34.4277,SM001004
2022-04-18,34.4695,SM001004
2022-04-19,34.5006,SM001004
2022-04-20,34.496,SM001004
2022-04-21,34.5036,SM001004
2022-04-22,34.5135,SM001004
2022-04-25,34.5856,SM001004
2022-04-26,34.5776,SM001004
2022-04-27,34.6095,SM001004
2022-04-28,34.5998,SM001004
2022-04-29,34.5963,SM001004
2022-05-02,34.6104,SM001004
2022-05-04,34.0574,SM001004
2022-05-05,34.013,SM001004
2022-05-06,33.969,SM001004
2022-05-09,33.9633,SM001004
2022-05-10,34.0498,SM001004
2022-05-11,34.0839,SM001004
2022-05-12,34.0899,SM001004
2022-05-13,34.0316,SM001004
2022-05-17,34.0403,SM001004
2022-05-18,34.055,SM001004
2022-05-19,34.0596,SM001004
2022-05-20,34.0623,SM001004
2022-05-23,34.095,SM001004
2022-05-24,34.1181,SM001004
2022-05-25,34.1437,SM001004
2022-05-26,34.1639,SM001004
2022-05-27,34.163,SM001004
2022-05-30,34.1541,SM001004
2022-05-31,34.1502,SM001004
2022-06-01,34.1128,SM001004
2022-06-02,34.0983,SM001004
2022-06-03,34.0983,SM001004
2022-06-06,34.0712,SM001004
2022-06-07,34.0145,SM001004
2022-06-08,34.08,SM001004
2022-06-09,34.0885,SM001004
2022-06-10,34.1173,SM001004
2022-06-13,34.0282,SM001004
2022-06-14,34.0052,SM001004
2022-06-15,33.9915,SM001004
2022-06-16,33.9988,SM001004
2022-06-17,34.0174,SM001004
2022-06-20,34.0926,SM001004
2022-06-21,34.1087,SM001004
2022-06-22,34.1449,SM001004
2022-06-23,34.1549,SM001004
2022-06-24,34.1469,SM001004
2022-06-27,34.1701,SM001004
2022-06-28,34.1867,SM001004
2022-06-29,34.1946,SM001004
2022-06-30,34.219,SM001004
2022-07-01,34.2467,SM001004
2022-07-04,34.3235,SM001004
2022-07-05,34.3606,SM001004
2022-07-06,34.4349,SM001004
2022-07-07,34.4421,SM001004
2022-07-08,34.4025,SM001004
2022-07-11,34.4172,SM001004
2022-07-12,34.4516,SM001004
2022-07-13,34.4992,SM001004
2022-07-14,34.4852,SM001004
2022-07-15,34.4619,SM001004
2022-07-18,34.4703,SM001004
2022-07-19,34.4511,SM001004
2022-07-20,34.4781,SM001004
2022-07-21,34.4774,SM001004
2022-07-22,34.4832,SM001004
2022-07-25,34.5243,SM001004
2022-07-26,34.5139,SM001004
2022-07-27,34.5355,SM001004
2022-07-28,34.5592,SM001004
2022-07-29,34.593,SM001004
2022-08-01,34.6408,SM001004
2022-08-02,34.6965,SM001004
2022-08-03,34.6716,SM001004
2022-08-04,34.7421,SM001004
2022-08-05,34.6437,SM001004
2022-08-08,34.6221,SM001004
2022-08-10,34.6998,SM001004
2022-08-11,34.7468,SM001004
2022-08-12,34.7537,SM001004
2022-08-17,34.865,SM001004
2022-08-18,34.8672,SM001004
2022-08-19,34.8606,SM001004
2022-08-22,34.8824,SM001004
2022-08-23,34.8775,SM001004
2022-08-24,34.8811,SM001004
2022-08-25,34.8918,SM001004
2022-08-26,34.9422,SM001004
2022-08-29,34.9279,SM001004
2022-08-30,34.9527,SM001004
2022-09-01,34.9708,SM001004
2022-09-02,34.9771,SM001004
2022-09-05,35.001,SM001004
2022-09-06,35.0111,SM001004
2022-09-07,35.0129,SM001004
2022-09-08,35.0572,SM001004
2022-09-09,35.0436,SM001004
2022-09-12,35.0722,SM001004
2022-09-13,35.1041,SM001004
2022-09-14,35.0821,SM001004
2022-09-15,35.0458,SM001004
2022-09-16,34.9828,SM001004
2022-09-19,34.9728,SM001004
2022-09-20,34.9397,SM001004
2022-09-21,34.9445,SM001004
2022-09-22,34.9039,SM001004
2022-09-23,34.8087,SM001004
2022-09-26,34.7867,SM001004
2022-09-27,34.7531,SM001004
2022-09-28,34.7788,SM001004
2022-09-29,34.8062,SM001004
2022-09-30,34.8652,SM001004
2022-10-03,34.8303,SM001004
2022-10-04,34.8771,SM001004
2022-10-06,34.8616,SM001004
2022-10-07,34.8284,SM001004
2022-10-10,34.8054,SM001004
2022-10-11,34.7589,SM001004
2022-10-12,34.7557,SM001004
2022-10-13,34.7484,SM001004
2022-10-14,34.7643,SM001004
2022-10-17,34.806,SM001004
2022-10-18,34.8646,SM001004
2022-10-19,34.8591,SM001004
2022-10-20,34.8044,SM001004
2022-10-21,34.8159,SM001004
2022-10-25,34.8848,SM001004
2022-10-27,34.929,SM001004
2022-10-28,34.9318,SM001004
2022-10-31,34.9631,SM001004
2022-11-01,34.974,SM001004
2022-11-02,34.9761,SM001004
2022-11-03,34.9839,SM001004
2022-11-04,34.9918,SM001004
2022-11-07,35.019,SM001004
2022-11-09,35.0683,SM001004
2022-11-10,35.0954,SM001004
2022-11-11,35.1644,SM001004
2022-11-14,35.1761,SM001004
2022-11-15,35.2108,SM001004
2022-11-16,35.2234,SM001004
2022-11-17,35.2574,SM001004
2022-11-18,35.2558,SM001004
2022-11-21,35.2386,SM001004
2022-11-22,35.2571,SM001004
2022-11-23,35.2701,SM001004
2022-11-24,35.2867,SM001004
2022-11-25,35.3147,SM001004
2022-11-28,35.3458,SM001004
2022-11-29,35.3411,SM001004
2022-11-30,35.3594,SM001004
2022-12-01,35.3795,SM001004
2022-12-02,35.3778,SM001004
2022-12-05,35.4058,SM001004
2022-12-06,35.4114,SM001004
2022-12-07,35.3877,SM001004
2022-12-08,35.4046,SM001004
2022-12-09,35.417,SM001004
2022-12-12,35.4419,SM001004
2022-12-13,35.4532,SM001004
2022-12-14,35.4984,SM001004
2022-12-15,35.4823,SM001004
2022-12-16,35.4721,SM001004
2022-12-19,35.4942,SM001004
2022-12-20,35.5069,SM001004
2022-12-21,35.5066,SM001004
2022-12-22,35.5137,SM001004
2022-12-23,35.4919,SM001004
2022-12-26,35.4858,SM001004
2022-12-27,35.5024,SM001004
2022-12-28,35.4941,SM001004
2022-12-29,35.5253,SM001004
2022-12-30,35.5454,SM001004
2023-01-02,35.5438,SM001004
2023-01-03,35.5549,SM001004
2023-01-04,35.5632,SM001004
2023-01-05,35.5727,SM001004
2023-01-06,35.5472,SM001004
2023-01-09,35.5949,SM001004
2023-01-10,35.5788,SM001004
2023-01-11,35.5948,SM001004
2023-01-12,35.642,SM001004
2023-01-13,35.6308,SM001004
2023-01-16,35.6437,SM001004
2023-01-17,35.6463,SM001004
2023-01-18,35.6563,SM001004
2023-01-19,35.6532,SM001004
2023-01-20,35.646,SM001004
2023-01-23,35.6713,SM001004
2023-01-24,35.679,SM001004
2023-01-25,35.6857,SM001004
2023-01-27,35.6618,SM001004
2023-01-30,35.6667,SM001004
2023-01-31,35.6739,SM001004
2023-02-01,35.7081,SM001004
2023-02-02,35.7356,SM001004
2023-02-03,35.7399,SM001004
2023-02-06,35.754,SM001004
2023-02-07,35.7631,SM001004
2023-02-08,35.7327,SM001004
2023-02-09,35.7197,SM001004
2023-02-10,35.7342,SM001004
2023-02-13,35.7502,SM001004
2023-02-14,35.7094,SM001004
2023-02-15,35.7126,SM001004
2023-02-16,35.7196,SM001004
2023-02-17,35.6813,SM001004
2023-02-20,35.7144,SM001004
2023-02-21,35.7174,SM001004
2023-02-22,35.7131,SM001004
2023-02-23,35.7204,SM001004
2023-02-24,35.7395,SM001004
2023-02-27,35.7405,SM001004
2023-02-28,35.7627,SM001004
2023-03-01,35.7591,SM001004
2023-03-02,35.7565,SM001004
2023-03-03,35.7649,SM001004
2023-03-06,35.7774,SM001004
2023-03-08,35.7655,SM001004
2023-03-09,35.7742,SM001004
2023-03-10,35.7869,SM001004
2023-03-13,35.8629,SM001004
2023-03-14,35.8828,SM001004
2023-03-15,35.8675,SM001004
2023-03-16,35.8683,SM001004
2023-03-17,35.8812,SM001004
2023-03-20,35.931,SM001004
2023-03-21,35.9415,SM001004
2023-03-23,35.9606,SM001004
2023-03-24,35.9554,SM001004
2023-03-27,35.9947,SM001004
2023-03-28,35.9742,SM001004
2023-03-29,36.0024,SM001004
2023-03-31,36.0621,SM001004
2023-04-03,36.0519,SM001004
2023-04-05,36.1175,SM001004
2023-04-06,36.2277,SM001004
2023-04-10,36.2561,SM001004
2023-04-11,36.2777,SM001004
2023-04-12,36.2842,SM001004
2023-04-13,36.2885,SM001004
2023-04-17,36.3116,SM001004
2023-04-18,36.3314,SM001004
2023-04-19,36.3549,SM001004
2023-04-20,36.3666,SM001004
2023-04-21,36.4019,SM001004
2023-04-24,36.4665,SM001004
2023-04-25,36.5021,SM001004
2023-04-26,36.5298,SM001004
2023-04-27,36.5308,SM001004
2023-04-28,36.5287,SM001004
2023-05-02,36.5532,SM001004
2023-05-03,36.6254,SM001004
2023-05-04,36.6403,SM001004
2023-05-08,36.6814,SM001004
2023-05-09,36.6707,SM001004
2023-05-10,36.6805,SM001004
2023-05-11,36.6889,SM001004
2023-05-12,36.7256,SM001004
2023-05-15,36.7615,SM001004
2023-05-16,36.7836,SM001004
2023-05-17,36.7922,SM001004
2023-05-18,36.7884,SM001004
2023-05-19,36.8047,SM001004
2023-05-22,36.8524,SM001004
2023-05-23,36.8398,SM001004
2023-05-24,36.8593,SM001004
2023-05-25,36.8562,SM001004
2023-05-26,36.8617,SM001004
2023-05-29,36.8663,SM001004
2023-05-30,36.87,SM001004
2023-05-31,36.8811,SM001004
2023-06-01,36.9027,SM001004
2023-06-02,36.9203,SM001004
2023-06-05,36.9407,SM001004
2023-06-06,36.9457,SM001004
2023-06-07,36.9532,SM001004
2023-06-08,36.933,SM001004
2023-06-09,36.8936,SM001004
2023-06-12,36.9195,SM001004
2023-06-13,36.9235,SM001004
2023-06-14,36.9214,SM001004
2023-06-15,36.9186,SM001004
2023-06-16,36.9182,SM001004
2023-06-19,36.9393,SM001004
2023-06-20,36.9523,SM001004
2023-06-21,36.9422,SM001004
2023-06-22,36.9176,SM001004
2023-06-23,36.925,SM001004
2023-06-26,36.9474,SM001004
2023-06-27,36.9404,SM001004
2023-06-28,36.9878,SM001004
2023-06-30,36.963,SM001004
2023-07-03,36.9539,SM001004
2023-07-04,36.9638,SM001004
2023-07-05,36.9649,SM001004
2023-07-06,36.9506,SM001004
2023-07-07,36.9378,SM001004
2023-07-10,36.9617,SM001004
2023-07-11,36.9999,SM001004
2023-07-12,36.9934,SM001004
2023-07-13,37.033,SM001004
2023-07-14,37.0388,SM001004
2023-07-17,37.0827,SM001004
2023-07-18,37.1262,SM001004
2023-07-19,37.1335,SM001004
2023-07-20,37.1424,SM001004
2023-07-21,37.138,SM001004
2023-07-24,37.1658,SM001004
2023-07-25,37.1454,SM001004
2023-07-26,37.1629,SM001004
2023-07-27,37.1644,SM001004
2023-07-28,37.1181,SM001004
2023-07-31,37.1418,SM001004
2023-08-01,37.1709,SM001004
2023-08-02,37.1721,SM001004
2023-08-03,37.1521,SM001004
2023-08-04,37.1349,SM001004
2023-08-07,37.1563,SM001004
2023-08-08,37.1615,SM001004
2023-08-09,37.1699,SM001004
2023-08-10,37.1799,SM001004
2023-08-11,37.1618,SM001004
2023-08-14,37.1766,SM001004
2023-08-17,37.1431,SM001004
2023-08-18,37.1643,SM001004
2023-08-21,37.1992,SM001004
2023-08-22,37.2057,SM001004
2023-08-23,37.2216,SM001004
2023-08-24,37.2318,SM001004
2023-08-25,37.252,SM001004
2023-08-28,37.289,SM001004
2023-08-29,37.3062,SM001004
2023-08-30,37.3146,SM001004
2023-08-31,37.3358,SM001004
2023-09-01,37.3446,SM001004
2023-09-04,37.377,SM001004
2023-09-05,37.3713,SM001004
2023-09-06,37.3531,SM001004
2023-09-07,37.3887,SM001004
2023-09-08,37.3846,SM001004
2023-09-11,37.3811,SM001004
2023-09-12,37.3864,SM001004
2023-09-13,37.4054,SM001004
2023-09-14,37.4504,SM001004
2023-09-15,37.417,SM001004
2023-09-18,37.4391,SM001004
2023-09-20,37.4652,SM001004
2023-09-21,37.483,SM001004
2023-09-22,37.4798,SM001004
2023-09-25,37.5019,SM001004
2023-09-26,37.5118,SM001004
2023-09-27,37.527,SM001004
2023-09-28,37.494,SM001004
2023-10-03,37.5601,SM001004
2023-10-04,37.5593,SM001004
2023-10-05,37.5837,SM001004
2023-10-06,37.4349,SM001004
2023-10-09,37.4048,SM001004
2023-10-10,37.4098,SM001004
2023-10-11,37.4626,SM001004
2023-10-12,37.4669,SM001004
2023-10-13,37.4748,SM001004
2023-10-16,37.4983,SM001004
2023-10-17,37.5122,SM001004
2023-10-18,37.5085,SM001004
2023-10-19,37.4831,SM001004
2023-10-20,37.4872,SM001004
2023-10-23,37.4927,SM001004
2023-10-25,37.53,SM001004
2023-10-26,37.5421,SM001004
2023-10-27,37.5553,SM001004
2023-10-30,37.5741,SM001004
2023-10-31,37.5906,SM001004
2023-11-01,37.6002,SM001004
2023-11-02,37.6201,SM001004
2023-11-03,37.6253,SM001004
2023-11-06,37.6522,SM001004
2023-11-07,37.6669,SM001004
2023-11-08,37.6827,SM001004
2023-11-09,37.7011,SM001004
2023-11-10,37.6987,SM001004
2023-11-13,37.7213,SM001004
2023-11-15,37.7748,SM001004
2023-11-16,37.7765,SM001004
2023-11-17,37.795,SM001004
2023-11-20,37.7988,SM001004
2023-11-21,37.7965,SM001004
2023-11-22,37.808,SM001004
2023-11-23,37.8072,SM001004
2023-11-24,37.7769,SM001004
2023-11-28,37.8207,SM001004
2023-11-29,37.8401,SM001004
2023-11-30,37.8387,SM001004
2023-12-01,37.8121,SM001004
2023-12-04,37.8195,SM001004
2023-12-05,37.8255,SM001004
2023-12-06,37.8324,SM001004
2023-12-07,37.8467,SM001004
2023-12-08,37.8655,SM001004
2023-12-11,37.8815,SM001004
2023-12-12,37.8638,SM001004
2023-12-13,37.8698,SM001004
2023-12-14,37.9379,SM001004
2023-12-15,37.9791,SM001004
2023-12-18,38.0153,SM001004
2023-12-19,38.0162,SM001004
2023-12-20,38.0279,SM001004
2023-12-21,38.026,SM001004
2023-12-22,38.0446,SM001004
2023-12-26,38.0807,SM001004
2023-12-27,38.0899,SM001004
2023-12-28,38.0971,SM001004
2023-12-29,38.1118,SM001004
2024-01-01,38.1349,SM001004
2024-01-02,38.1273,SM001004
2024-01-03,38.1149,SM001004
2024-01-04,38.1117,SM001004
2024-01-05,38.1345,SM001004
2024-01-08,38.1426,SM001004
2024-01-09,38.1494,SM001004
2024-01-10,38.1642,SM001004
2024-01-11,38.1491,SM001004
2024-01-12,38.1781,SM001004
2024-01-15,38.2181,SM001004
2024-01-16,38.2258,SM001004
2024-01-17,38.2269,SM001004
2024-01-18,38.2335,SM001004
2024-01-19,38.2166,SM001004
2024-01-23,38.2467,SM001004
2024-01-24,38.262,SM001004
2024-01-25,38.2635,SM001004
2024-01-29,38.3044,SM001004
2024-01-30,38.3264,SM001004
2024-01-31,38.3501,SM001004
2024-02-01,38.4374,SM001004
2024-02-02,38.5106,SM001004
2024-02-05,38.4996,SM001004
2024-02-06,38.5172,SM001004
2024-02-07,38.5278,SM001004
2024-02-08,38.5561,SM001004
2024-02-09,38.5492,SM001004
2024-02-12,38.5666,SM001004
2024-02-13,38.5861,SM001004
2024-02-14,38.5559,SM001004
2024-02-15,38.5862,SM001004
2024-02-16,38.6042,SM001004
2024-02-20,38.6685,SM001004
2024-02-21,38.6767,SM001004
2024-02-22,38.6993,SM001004
2024-02-23,38.6912,SM001004
2024-02-26,38.7172,SM001004
2024-02-27,38.7194,SM001004
2024-02-28,38.7453,SM001004
2024-02-29,38.7568,SM001004
2024-03-01,38.7602,SM001004
2024-03-04,38.7882,SM001004
2024-03-05,38.792,SM001004
2024-03-06,38.815,SM001004
2024-03-07,38.83,SM001004
2024-03-11,38.9052,SM001004
2024-03-12,38.9161,SM001004
2024-03-13,38.9124,SM001004
2024-03-14,38.9159,SM001004
2024-03-15,38.9395,SM001004
2024-03-18,38.9445,SM001004
2024-03-19,38.9312,SM001004
2024-03-20,38.9448,SM001004
2024-03-21,38.9658,SM001004
2024-03-22,38.9612,SM001004
2024-03-26,38.9804,SM001004
2024-03-27,38.9884,SM001004
2024-03-28,39.0493,SM001004
2024-03-31,39.0729,SM001004
2024-04-02,39.0917,SM001004
2024-04-03,39.0777,SM001004
2024-04-04,39.0811,SM001004
2024-04-05,39.0804,SM001004
2024-04-08,39.0756,SM001004
2024-04-10,39.1063,SM001004
2024-04-12,39.0619,SM001004
2024-04-15,39.1,SM001004
2024-04-16,39.0928,SM001004
2024-04-18,39.1076,SM001004
2024-04-19,39.0502,SM001004
2024-04-22,39.0923,SM001004
2024-04-23,39.1162,SM001004
2024-04-24,39.1279,SM001004
2024-04-25,39.1373,SM001004
2024-04-26,39.1109,SM001004
2024-04-29,39.1636,SM001004
2024-04-30,39.1712,SM001004
2024-05-02,39.1833,SM001004
2024-05-03,39.1938,SM001004
2024-05-06,39.2434,SM001004
2024-05-07,39.2607,SM001004
2024-05-08,39.2552,SM001004
2024-05-09,39.2721,SM001004
2024-05-10,39.2902,SM001004
2024-05-13,39.3145,SM001004
2024-05-14,39.32,SM001004
2024-05-15,39.3442,SM001004
2024-05-16,39.3822,SM001004
2024-05-17,39.379,SM001004
2024-05-21,39.4168,SM001004
2024-05-22,39.4328,SM001004
2024-05-24,39.453,SM001004
2024-05-27,39.4889,SM001004
2024-05-28,39.4863,SM001004
2024-05-29,39.4835,SM001004
2024-05-30,39.5098,SM001004
2024-05-31,39.5176,SM001004
2024-06-03,39.5674,SM001004
2024-06-04,39.4541,SM001004
2024-06-05,39.4801,SM001004
2024-06-06,39.4953,SM001004
2024-06-07,39.5057,SM001004
2024-06-10,39.5299,SM001004
2024-06-11,39.5479,SM001004
2024-06-12,39.5755,SM001004
2024-06-13,39.5992,SM001004
2024-06-14,39.6307,SM001004
2024-06-18,39.6577,SM001004
2024-06-19,39.6931,SM001004
2024-06-20,39.719,SM001004
2024-06-21,39.728,SM001004
2024-06-24,39.7561,SM001004
2024-06-25,39.7538,SM001004
2024-06-26,39.7511,SM001004
2024-06-27,39.7485,SM001004
2024-06-28,39.7638,SM001004
2024-07-01,39.7838,SM001004
2024-07-02,39.7927,SM001004
2024-07-03,39.8061,SM001004
2024-07-04,39.8281,SM001004
2024-07-05,39.8433,SM001004
2024-07-08,39.8513,SM001004
2024-07-09,39.8659,SM001004
2024-07-10,39.8758,SM001004
2024-07-11,39.8892,SM001004
2024-07-12,39.8948,SM001004
2024-07-15,39.9386,SM001004
2024-07-16,39.9566,SM001004
2024-07-18,39.9635,SM001004
2024-07-19,39.978,SM001004
2024-07-22,39.9984,SM001004
2024-07-23,39.9974,SM001004
2024-07-24,39.9985,SM001004
2024-07-25,40.0349,SM001004
2024-07-26,40.0693,SM001004
2024-07-29,40.0972,SM001004
2024-07-30,40.1139,SM001004
2024-07-31,40.1152,SM001004
2024-08-01,40.1387,SM001004
2024-08-02,40.1501,SM001004
2024-08-05,40.2123,SM001004
2024-08-06,40.2075,SM001004
2024-08-07,40.2168,SM001004
2024-08-08,40.2226,SM001004
2024-08-09,40.2262,SM001004
2024-08-12,40.254,SM001004
2024-08-13,40.2596,SM001004
2024-08-14,40.2695,SM001004
2024-08-16,40.2772,SM001004
2024-08-19,40.3015,SM001004
2024-08-20,40.3228,SM001004
2024-08-21,40.3348,SM001004
2024-08-22,40.3333,SM001004
2024-08-23,40.3753,SM001004
2024-08-26,40.4064,SM001004
2024-08-27,40.425,SM001004
2024-08-28,40.4371,SM001004
2024-08-29,40.4644,SM001004
2024-08-30,40.4624,SM001004
2024-09-02,40.4744,SM001004
2024-09-03,40.4896,SM001004
2024-09-04,40.5067,SM001004
2024-09-05,40.5232,SM001004
2024-09-06,40.5344,SM001004
2024-09-09,40.5624,SM001004
2024-09-10,40.5692,SM001004
2024-09-11,40.5862,SM001004
2024-09-12,40.5943,SM001004
2024-09-13,40.6684,SM001004
2024-09-16,40.7059,SM001004
2024-09-17,40.7176,SM001004
2024-09-19,40.7799,SM001004
2024-09-20,40.7992,SM001004
2024-09-23,40.8991,SM001004
2024-09-24,40.9451,SM001004
2024-09-25,40.9447,SM001004
2024-09-26,40.9719,SM001004
2024-09-27,40.9725,SM001004
2024-09-30,40.9826,SM001004
2024-10-01,40.9946,SM001004
2024-10-03,40.98,SM001004
2024-10-04,40.9509,SM001004
2024-10-07,40.9711,SM001004
2024-10-08,40.9787,SM001004
2024-10-09,41.0575,SM001004
2024-10-10,41.0694,SM001004
2024-10-11,41.0841,SM001004
2024-10-14,41.1165,SM001004
2024-10-15,41.1403,SM001004
2024-10-16,41.1626,SM001004
2024-10-17,41.1919,SM001004
2024-10-18,41.1834,SM001004
2024-10-21,41.1869,SM001004
2024-10-22,41.176,SM001004
2024-10-23,41.1925,SM001004
2024-10-24,41.2052,SM001004
2024-10-25,41.2179,SM001004
2024-10-28,41.2241,SM001004
2024-10-29,41.2371,SM001004
2024-10-30,41.255,SM001004
2024-10-31,41.2763,SM001004
2024-11-04,41.3006,SM001004
2024-11-05,41.3093,SM001004
2024-11-06,41.3208,SM001004
2024-11-07,41.3295,SM001004
2024-11-08,41.3657,SM001004
2024-11-11,41.3868,SM001004
2024-11-12,41.3971,SM001004
2024-11-13,41.3939,SM001004
2024-11-14,41.4045,SM001004
2024-11-18,41.418,SM001004
2024-11-19,41.4145,SM001004
2024-11-21,41.4316,SM001004
2024-11-22,41.3984,SM001004
2024-11-25,41.4441,SM001004
2024-11-26,41.4174,SM001004
2024-11-27,41.3993,SM001004
2024-11-28,41.4188,SM001004
2024-11-29,41.4787,SM001004
2024-12-02,41.5606,SM001004
2024-12-03,41.5859,SM001004
2024-12-04,41.6367,SM001004
2024-12-05,41.6636,SM001004
2024-12-06,41.5867,SM001004
2024-12-09,41.6242,SM001004
2024-12-10,41.6389,SM001004
2024-12-11,41.6652,SM001004
2024-12-12,41.6845,SM001004
2024-12-13,41.6825,SM001004
2024-12-16,41.7104,SM001004
2024-12-17,41.7083,SM001004
2024-12-18,41.7033,SM001004
2024-12-19,41.6173,SM001004
2024-12-20,41.6462,SM001004
2024-12-23,41.7195,SM001004
2024-12-24,41.7211,SM001004
2024-12-26,41.7058,SM001004
2024-12-27,41.7253,SM001004
2024-12-30,41.7389,SM001004
2024-12-31,41.76,SM001004
2025-01-01,41.7697,SM001004
2025-01-02,41.7704,SM001004
2025-01-03,41.7804,SM001004
2025-01-06,41.7928,SM001004
2025-01-07,41.8339,SM001004
2025-01-08,41.8384,SM001004
2025-01-09,41.8358,SM001004
2025-01-10,41.8387,SM001004
2025-01-13,41.7684,SM001004
2025-01-14,41.7575,SM001004
2025-01-15,41.7676,SM001004
2025-01-16,41.8685,SM001004
2025-01-17,41.8651,SM001004
2025-01-20,41.8758,SM001004
2025-01-21,41.9309,SM001004
2025-01-22,41.9387,SM001004
2025-01-23,41.9435,SM001004
2025-01-24,41.936,SM001004
2025-01-27,42.0226,SM001004
2025-01-28,42.045,SM001004
2025-01-29,42.0411,SM001004
2025-01-30,42.0513,SM001004
2025-01-31,42.0582,SM001004
2025-02-03,42.0815,SM001004
2025-02-04,42.046,SM001004
2025-02-05,42.0682,SM001004
2025-02-06,42.0928,SM001004
2025-02-07,42.0464,SM001004
2025-02-10,42.0679,SM001004
2025-02-11,42.0821,SM001004
2025-02-12,42.0626,SM001004
2025-02-13,42.0735,SM001004
2025-02-14,42.0611,SM001004
2025-02-17,42.0878,SM001004
2025-02-18,42.1033,SM001004
2025-02-20,42.1109,SM001004
2025-02-21,42.1123,SM001004
2025-02-24,42.137,SM001004
2025-02-25,42.1325,SM001004
2025-02-27,42.0446,SM001004
2025-02-28,42.0305,SM001004
2025-03-03,42.0543,SM001004
2025-03-04,42.0584,SM001004
2025-03-05,42.0384,SM001004
2025-03-06,42.0809,SM001004
2025-03-07,42.0773,SM001004
2025-03-10,42.0861,SM001004
2025-03-11,42.0922,SM001004
2025-03-12,42.1044,SM001004
2025-03-13,42.1508,SM001004
2025-03-17,42.169,SM001004
2025-03-18,42.2103,SM001004
2025-03-19,42.3232,SM001004
2025-03-20,42.3906,SM001004
2025-03-21,42.4033,SM001004
2025-03-24,42.4589,SM001004
2025-03-25,42.4872,SM001004
2025-03-26,42.5308,SM001004
2025-03-27,42.6377,SM001004
2025-03-28,42.7107,SM001004
2025-03-31,42.7358,SM001004
2025-04-02,42.9609,SM001004
2025-04-03,42.9676,SM001004
2025-04-04,42.9944,SM001004
2025-04-07,43.0133,SM001004
2025-04-08,42.9677,SM001004
2025-04-09,43.0337,SM001004
2025-04-11,43.1031,SM001004
2025-04-15,43.1353,SM001004
2025-04-16,43.1474,SM001004
2025-04-17,43.2388,SM001004
2025-04-19,43.2557,SM001004
2025-04-21,43.3154,SM001004
2025-04-22,43.3541,SM001004
2025-04-23,43.3531,SM001004
2025-04-24,43.3503,SM001004
2025-04-25,43.3173,SM001004
2025-04-28,43.3457,SM001004
2025-04-29,43.3664,SM001004
2025-04-30,43.3768,SM001004
2025-05-02,43.3859,SM001004
2025-05-05,43.419,SM001004
2025-05-06,43.4247,SM001004
2025-05-07,43.4467,SM001004
2025-05-08,43.2685,SM001004
2025-05-09,43.2523,SM001004
2025-05-13,43.5308,SM001004
2025-05-14,43.5371,SM001004
2025-05-15,43.5966,SM001004
2025-05-16,43.6612,SM001004
2025-05-19,43.6941,SM001004
2025-05-20,43.771,SM001004
2025-05-21,43.8854,SM001004
2025-05-22,43.8992,SM001004
2025-05-23,43.9359,SM001004
2025-05-26,43.9525,SM001004
2025-05-27,43.9546,SM001004
2025-05-28,43.9773,SM001004
2025-05-29,43.9856,SM001004
2025-05-30,43.9608,SM001004
2025-06-02,43.9793,SM001004
2025-06-03,43.9915,SM001004
2025-06-04,43.987,SM001004
2025-06-06,44.067,SM001004
2025-06-09,44.0143,SM001004
2025-06-10,43.8848,SM001004
2025-06-11,43.8396,SM001004
2025-06-12,43.8074,SM001004
2025-06-13,43.7599,SM001004
2025-06-16,43.8038,SM001004
2025-06-17,43.8931,SM001004
2025-06-18,43.8939,SM001004
2025-06-19,43.8286,SM001004
2025-06-20,43.8299,SM001004
2025-06-23,43.8465,SM001004
2025-06-24,43.9191,SM001004
2025-06-25,43.8738,SM001004
2025-06-26,43.8762,SM001004
2025-06-27,43.8756,SM001004
2025-06-30,43.9102,SM001004
2025-07-01,43.9417,SM001004
2025-07-02,43.9921,SM001004
2025-07-03,44.0111,SM001004
2025-07-04,44.016,SM001004
2025-07-07,44.0483,SM001004
2025-07-08,44.0569,SM001004
2025-07-09,44.0395,SM001004
2025-07-10,44.0417,SM001004
2025-07-11,44.0472,SM001004
2025-07-14,44.0648,SM001004
2025-07-15,44.0731,SM001004
2025-07-16,44.0814,SM001004
2025-07-17,44.125,SM001004
2025-07-18,44.1558,SM001004
2025-07-21,44.1979,SM001004
2025-07-22,44.174,SM001004
2025-07-23,44.1992,SM001004
2025-07-24,44.2037,SM001004
2025-07-25,44.1664,SM001004
2025-07-28,44.1877,SM001004
2025-07-29,44.1677,SM001004
2025-07-30,44.1704,SM001004
2025-07-31,44.1995,SM001004
2025-08-01,44.2645,SM001004
2025-08-04,44.3375,SM001004
2025-08-05,44.3322,SM001004
2025-08-06,44.2007,SM001004
2025-08-07,44.2458,SM001004
2025-08-08,44.2666,SM001004
2025-08-11,44.2322,SM001004
2025-08-12,44.1444,SM001004
2025-08-14,44.2134,SM001004
2025-08-18,44.1799,SM001004
2025-08-19,44.1277,SM001004
2025-08-20,44.1922,SM001004
2025-08-21,44.2052,SM001004
2025-08-22,44.2113,SM001004
2025-08-25,44.1941,SM001004
2025-08-26,44.1054,SM001004
2025-08-28,44.2158,SM001004
2025-08-29,44.1588,SM001004
2025-09-01,44.1929,SM001004
2025-09-02,44.1622,SM001004
2025-09-03,44.1507,SM001004
2025-09-04,44.1888,SM001004
2025-09-05,44.2222,SM001004
2025-09-09,44.2635,SM001004
2025-09-10,44.2696,SM001004
2025-09-11,44.2784,SM001004
2025-09-12,44.2604,SM001004
2025-09-15,44.2619,SM001004
2025-09-16,44.2578,SM001004
2025-09-17,44.2729,SM001004
2025-09-18,44.2851,SM001004
2025-09-19,44.28,SM001004
2025-09-22,44.3122,SM001004
2025-09-23,44.3526,SM001004
2025-09-24,44.3511,SM001004
2025-09-25,44.3758,SM001004
2025-09-26,44.4094,SM001004
2025-09-29,44.4302,SM001004
2025-09-30,44.4592,SM001004
2025-10-01,44.4404,SM001004
2025-10-03,44.4739,SM001004
2025-10-06,44.5432,SM001004
2025-10-07,44.6277,SM001004
2025-10-08,44.683,SM001004
2025-10-09,44.705,SM001004
2025-10-10,44.7183,SM001004
2025-10-13,44.7484,SM001004
2025-10-14,44.758,SM001004
2025-10-15,44.7749,SM001004
2025-10-16,44.8126,SM001004
2025-10-17,44.8564,SM001004
2025-10-20,44.8817,SM001004
2025-10-23,44.8584,SM001004
2025-10-24,44.8351,SM001004
2025-10-27,44.8564,SM001004
2025-10-28,44.8773,SM001004
2025-10-29,44.9247,SM001004
2025-10-30,44.8913,SM001004
2025-10-31,44.9181,SM001004
2025-11-03,44.953,SM001004
2025-11-04,44.9527,SM001004
2025-11-06,44.9687,SM001004
2025-11-07,44.9814,SM001004
2025-11-10,45.0063,SM001004
2025-11-11,45.0191,SM001004
2025-11-12,45.0357,SM001004
2025-11-13,45.0441,SM001004
2025-11-14,45.0429,SM001004
2025-11-17,45.0584,SM001004
2025-11-18,45.062,SM001004
2025-11-19,45.0813,SM001004
2025-11-20,45.0808,SM001004
2025-11-21,45.0953,SM001004
2025-11-24,45.1181,SM001004
2025-11-25,45.113,SM001004
2025-11-26,45.1464,SM001004
2025-11-27,45.1536,SM001004
2025-11-28,45.1779,SM001004
2025-12-01,45.1955,SM001004
2025-12-02,45.2026,SM001004
2025-12-03,45.2004,SM001004
2025-12-04,45.2056,SM001004
2025-12-05,45.2236,SM001004
2025-12-08,45.2381,SM001004
2025-12-09,45.207,SM001004
2025-12-10,45.1576,SM001004
2025-12-11,45.1456,SM001004
2025-12-12,45.1533,SM001004
2025-12-15,45.0584,SM001004
2025-12-16,45.0522,SM001004
2025-12-17,45.0537,SM001004
2025-12-18,45.0524,SM001004
2025-12-19,45.0712,SM001004
2025-12-22,45.0943,SM001004
2025-12-23,45.093,SM001004
2025-12-24,45.1387,SM001004
2025-12-26,45.1699,SM001004
2025-12-29,45.1893,SM001004
2025-12-30,45.1885,SM001004
2025-12-31,45.2439,SM001004
2026-01-01,45.2587,SM001004
2026-01-02,45.262,SM001004
2026-01-05,45.2056,SM001004
2026-01-06,45.2047,SM001004
2026-01-07,45.1931,SM001004
2026-01-08,45.1967,SM001004
2026-01-09,45.2017,SM001004
2026-01-12,45.2261,SM001004
2026-01-13,45.1959,SM001004
2026-01-14,45.1889,SM001004
2026-01-16,45.1074,SM001004
2026-01-17,45.1161,SM001004
2026-01-19,45.0934,SM001004
2026-01-20,45.0519,SM001004
2026-01-21,45.0482,SM001004
2026-01-22,45.0679,SM001004
2026-01-23,45.09,SM001004
2026-01-27,45.1159,SM001004
2026-01-28,45.0996,SM001004
2026-01-29,45.1076,SM001004
2026-01-30,45.1386,SM001004
2026-02-02,45.1668,SM001004
2026-02-03,45.2111,SM001004
2026-02-04,45.2684,SM001004
2026-02-05,45.3664,SM001004
2026-02-06,45.3343,SM001004
2026-02-09,45.308,SM001004
2026-02-10,45.3145,SM001004
2026-02-11,45.3023,SM001004
2026-02-12,45.3274,SM001004
2026-02-13,45.4048,SM001004
2026-02-16,45.4283,SM001004
2026-02-17,45.4458,SM001004
2026-02-18,45.454,SM001004
2026-02-20,45.4588,SM001004
2026-02-23,45.4886,SM001004
2026-02-24,45.5001,SM001004
2026-02-25,45.5061,SM001004
2026-02-26,45.5402,SM001004
2026-02-27,45.5496,SM001004
2026-03-02,45.5752,SM001004
2026-03-04,45.5147,SM001004
2026-03-05,45.5307,SM001004
2026-03-06,45.5514,SM001004
2026-03-09,45.4341,SM001004
2026-03-10,45.4839,SM001004
2026-03-11,45.5396,SM001004
2026-03-12,45.46,SM001004
2026-03-13,45.4641,SM001004
2026-03-16,45.4671,SM001004
2026-03-17,45.449,SM001004
2026-03-18,45.4688,SM001004
2026-03-20,45.4053,SM001004
2026-03-23,45.2065,SM001004
2026-03-24,45.2482,SM001004
2026-03-25,45.2106,SM001004
2026-03-27,45.184,SM001004
2026-03-30,45.2658,SM001004
2026-03-31,45.2749,SM001004
2026-04-01,45.2749,SM001026
2026-04-02,45.2303,SM001026
2026-04-06,45.1795,SM001026
2026-04-07,45.2577,SM001026
2026-04-08,45.4804,SM001026
2026-04-09,45.54,SM001026
2026-04-10,45.5455,SM001026
2026-04-13,45.5646,SM001026
2026-04-15,45.5967,SM001026
2026-04-16,45.6015,SM001026
2026-04-17,45.6064,SM001026
2026-04-20,45.6231,SM001026
2026-04-21,45.6272,SM001026
2026-04-22,45.6218,SM001026
2026-04-23,45.6108,SM001026
2026-04-24,45.5727,SM001026
2026-04-27,45.6744,SM001026
2026-04-28,45.6196,SM001026
2026-04-29,45.5484,SM001026
2026-04-30,45.4716,SM001026
2026-05-02,45.4892,SM001026
2026-05-04,45.4883,SM001026
2026-05-05,45.4847,SM001026
2026-05-06,45.5592,SM001026
2026-05-07,45.5904,SM001026
2026-05-08,45.5969,SM001026
2026-05-11,45.6082,SM001026
2026-05-12,45.5884,SM001026
2026-05-13,45.5751,SM001026
2026-05-14,45.555,SM001026
2026-05-15,45.4608,SM001026
2026-05-18,45.3004,SM001026
2026-05-19,45.3018,SM001026
2026-05-20,45.2688,SM001026
2026-05-21,45.2431,SM001026
2026-05-22,45.3075,SM001026
2026-05-25,45.4367,SM001026
2026-05-26,45.4512,SM001026
2026-05-27,45.4515,SM001026
2026-05-29,45.4909,SM001026
2026-06-01,45.5165,SM001026
2026-06-02,45.5474,SM001026
2026-06-03,45.5579,SM001026
2026-06-04,45.5752,SM001026
2026-06-05,45.774,SM001026
2026-06-08,45.8502,SM001026
2026-06-09,46.0303,SM001026
2026-06-10,46.0788,SM001026
2026-06-11,46.0787,SM001026
2026-06-12,46.118,SM001026
2026-06-15,46.162,SM001026
2026-06-16,46.2033,SM001026
2026-06-17,46.2207,SM001026
2026-06-18,46.2252,SM001026
2026-06-19,46.2307,SM001026
2026-06-22,46.2831,SM001026
2026-06-23,46.2975,SM001026
2026-06-24,46.3219,SM001026
2026-06-25,46.3762,SM001026
2026-06-29,46.4541,SM001026
2026-06-30,46.5744,SM001026
2026-07-01,46.5716,SM001026
2026-07-02,46.6798,SM001026
2026-07-03,46.7116,SM001026
2026-07-06,46.7281,SM001026
2026-07-07,46.7278,SM001026
2026-07-08,46.5612,SM001026
2026-07-09,46.5571,SM001026
2026-07-10,46.6115,SM001026
2026-07-11,46.6205,SM001026
2026-07-13,46.6421,SM001026
2026-07-14,46.5536,SM001026
2026-07-15,46.5793,SM001026
2026-07-16,46.6073,SM001026
2026-07-17,46.6196,SM001026
2026-07-20,46.6295,SM001026
2026-07-21,46.6766,SM001026
2026-07-22,46.6671,SM001026
2026-07-23,46.6579,SM001026
2026-07-24,46.6609,SM001026
2026-07-25,46.6697,SM001026
2026-07-27,46.7145,SM001026
2026-07-28,46.7401,SM001026
2026-07-29,46.7393,SM001026
2026-07-30,46.724,SM001026
2026-07-31,46.7612,SM001026
2026-08-01,46.77,SM001026
2026-08-03,46.7772,SM001026
2026-08-04,46.7925,SM001026
2026-08-05,46.8142,SM001026
2026-08-06,46.8328,SM001026
2026-08-07,46.8414,SM001026
2026-08-10,46.8828,SM001026
2026-08-11,46.8794,SM001026
2026-08-12,46.8854,SM001026
2026-08-13,46.9016,SM001026
2026-08-14,46.9118,SM001026
2026-08-17,46.9184,SM001026
2026-08-18,46.8766,SM001026
2026-08-19,46.8796,SM001026
2026-08-20,46.8081,SM001026
2026-08-21,46.71,SM001026
2026-08-24,46.7271,SM001026
2026-08-25,46.7548,SM001026
2026-08-27,46.7445,SM001026
2026-08-28,46.732,SM001026
2026-08-29,46.7409,SM001026
2026-08-31,46.7311,SM001026
2026-09-01,46.6876,SM001026
2026-09-02,46.7238,SM001026
2026-09-03,46.7833,SM001026
2026-09-04,46.8081,SM001026
2026-09-07,46.8365,SM001026
2026-09-08,46.8391,SM001026
2026-09-09,46.8684,SM001026
2026-09-10,46.8672,SM001026
2026-09-11,46.8104,SM001026
2026-09-15,46.7331,SM001026
2026-09-16,46.7453,SM001026
2026-09-17,46.7534,SM001026
2026-09-18,46.8127,SM001026
2026-09-21,46.7865,SM001026
2026-09-22,46.7463,SM001026
2026-09-23,46.7768,SM001026
2026-09-24,46.6564,SM001026
2026-09-25,46.6129,SM001026
