date,nav,scheme_code
2009-05-05,10,SM001003
2009-05-06,10,SM001003
2009-05-07,10,SM001003
2009-05-08,10,SM001003
2009-05-11,10,SM001003
2009-05-12,10,SM001003
2009-05-13,10,SM001003
2009-05-14,10,SM001003
2009-05-15,10,SM001003
2009-05-16,10,SM001003
2009-05-18,10,SM001003
2009-05-19,10,SM001003
2009-05-20,10,SM001003
2009-05-21,10,SM001003
2009-05-22,10,SM001003
2009-05-23,10,SM001003
2009-05-25,10,SM001003
2009-05-26,10,SM001003
2009-05-27,10,SM001003
2009-05-28,10,SM001003
2009-05-29,10,SM001003
2009-05-30,10,SM001003
2009-06-01,10,SM001003
2009-06-02,10,SM001003
2009-06-03,10,SM001003
2009-06-04,10,SM001003
2009-06-05,10,SM001003
2009-06-06,10,SM001003
2009-06-08,10,SM001003
2009-06-09,10,SM001003
2009-06-10,10,SM001003
2009-06-11,10,SM001003
2009-06-12,10,SM001003
2009-06-13,10,SM001003
2009-06-15,10,SM001003
2009-06-16,10,SM001003
2009-06-17,10,SM001003
2009-06-18,10,SM001003
2009-06-19,9.2021,SM001003
2009-06-20,9.2021,SM001003
2009-06-22,9.2758,SM001003
2009-06-23,9.1981,SM001003
2009-06-24,9.2087,SM001003
2009-06-25,9.2538,SM001003
2009-06-26,9.2064,SM001003
2009-06-27,9.3173,SM001003
2009-06-29,9.3173,SM001003
2009-06-30,9.3279,SM001003
2009-07-01,9.2654,SM001003
2009-07-02,9.291,SM001003
2009-07-03,9.2967,SM001003
2009-07-04,9.3453,SM001003
2009-07-06,9.3453,SM001003
2009-07-07,9.192,SM001003
2009-07-08,9.2125,SM001003
2009-07-09,9.1422,SM001003
2009-07-10,9.1443,SM001003
2009-07-11,9.1443,SM001003
2009-07-13,9.1031,SM001003
2009-07-14,9.0681,SM001003
2009-07-15,9.2446,SM001003
2009-07-16,9.3984,SM001003
2009-07-17,9.3921,SM001003
2009-07-18,9.5722,SM001003
2009-07-20,9.5721,SM001003
2009-07-21,9.7243,SM001003
2009-07-22,9.6836,SM001003
2009-07-23,9.6018,SM001003
2009-07-24,9.7456,SM001003
2009-07-25,9.7956,SM001003
2009-07-27,9.7955,SM001003
2009-07-28,9.7988,SM001003
2009-07-29,9.7886,SM001003
2009-07-30,9.7352,SM001003
2009-07-31,9.7946,SM001003
2009-08-01,9.8645,SM001003
2009-08-03,9.8645,SM001003
2009-08-04,9.9406,SM001003
2009-08-05,9.9091,SM001003
2009-08-06,9.9254,SM001003
2009-08-07,9.813,SM001003
2009-08-08,9.7101,SM001003
2009-08-10,9.71,SM001003
2009-08-11,9.6673,SM001003
2009-08-12,9.6984,SM001003
2009-08-13,9.6878,SM001003
2009-08-14,9.8188,SM001003
2009-08-17,9.7966,SM001003
2009-08-18,9.6296,SM001003
2009-08-20,9.6365,SM001003
2009-08-21,9.6821,SM001003
2009-08-22,9.735,SM001003
2009-08-24,9.735,SM001003
2009-08-25,9.8119,SM001003
2009-08-26,9.8219,SM001003
2009-08-27,9.8357,SM001003
2009-08-28,9.8404,SM001003
2009-08-29,9.8681,SM001003
2009-08-31,9.8681,SM001003
2009-09-01,9.8264,SM001003
2009-09-02,9.8095,SM001003
2009-09-03,9.7949,SM001003
2009-09-04,9.809,SM001003
2009-09-05,9.8593,SM001003
2009-09-07,9.8752,SM001003
2009-09-08,9.9334,SM001003
2009-09-09,9.9463,SM001003
2009-09-10,9.9502,SM001003
2009-09-11,9.9559,SM001003
2009-09-12,9.9628,SM001003
2009-09-14,9.9608,SM001003
2009-09-15,9.9601,SM001003
2009-09-16,10.0098,SM001003
2009-09-17,10.0389,SM001003
2009-09-18,10.0467,SM001003
2009-09-19,10.0503,SM001003
2009-09-22,10.0525,SM001003
2009-09-23,10.0645,SM001003
2009-09-24,10.046,SM001003
2009-09-25,10.049,SM001003
2009-09-26,10.037,SM001003
2009-09-29,10.0369,SM001003
2009-09-30,10.0663,SM001003
2009-10-01,10.0952,SM001003
2009-10-03,10.0947,SM001003
2009-10-05,10.092,SM001003
2009-10-06,10.0706,SM001003
2009-10-07,10.0646,SM001003
2009-10-08,10.0456,SM001003
2009-10-09,10.0429,SM001003
2009-10-10,10.0212,SM001003
2009-10-12,10.4808,SM001003
2009-10-14,10.1136,SM001003
2009-10-15,10.1368,SM001003
2009-10-16,10.1377,SM001003
2009-10-20,10.1468,SM001003
2009-10-21,10.1287,SM001003
2009-10-22,10.0986,SM001003
2009-10-23,10.0828,SM001003
2009-10-24,10.0857,SM001003
2009-10-26,10.0729,SM001003
2009-10-27,9.9938,SM001003
2009-10-28,9.9225,SM001003
2009-10-29,9.8602,SM001003
2009-10-30,9.7871,SM001003
2009-10-31,9.7836,SM001003
2009-11-03,9.7372,SM001003
2009-11-04,9.7357,SM001003
2009-11-05,9.8433,SM001003
2009-11-06,9.8867,SM001003
2009-11-07,9.8954,SM001003
2009-11-09,10.0405,SM001003
2009-11-10,10.0823,SM001003
2009-11-11,10.1471,SM001003
2009-11-12,10.1911,SM001003
2009-11-13,10.2036,SM001003
2009-11-14,10.216,SM001003
2009-11-16,10.242,SM001003
2009-11-17,10.2532,SM001003
2009-11-18,10.2464,SM001003
2009-11-19,10.2036,SM001003
2009-11-20,10.25,SM001003
2009-11-21,10.2665,SM001003
2009-11-23,10.2644,SM001003
2009-11-24,10.2828,SM001003
2009-11-25,10.2787,SM001003
2009-11-26,10.2034,SM001003
2009-11-27,10.1888,SM001003
2009-11-30,10.2204,SM001003
2009-12-01,10.3347,SM001003
2009-12-02,10.3454,SM001003
2009-12-03,10.3608,SM001003
2009-12-04,10.361,SM001003
2009-12-05,10.3558,SM001003
2009-12-07,10.3247,SM001003
2009-12-08,10.3638,SM001003
2009-12-09,10.3638,SM001003
2009-12-10,10.3682,SM001003
2009-12-11,10.3593,SM001003
2009-12-12,10.3553,SM001003
2009-12-14,10.3481,SM001003
2009-12-15,10.3082,SM001003
2009-12-16,10.3256,SM001003
2009-12-17,10.2949,SM001003
2009-12-18,10.2556,SM001003
2009-12-19,10.2439,SM001003
2009-12-21,10.2372,SM001003
2009-12-22,10.3152,SM001003
2009-12-23,10.4995,SM001003
2009-12-24,10.5348,SM001003
2009-12-26,10.5416,SM001003
2009-12-29,10.5593,SM001003
2009-12-30,10.5323,SM001003
2009-12-31,10.5504,SM001003
2010-01-02,10.5564,SM001003
2010-01-04,10.5971,SM001003
2010-01-05,10.6232,SM001003
2010-01-06,10.6493,SM001003
2010-01-07,10.6361,SM001003
2010-01-08,10.6164,SM001003
2010-01-09,10.6128,SM001003
2010-01-11,10.632,SM001003
2010-01-12,10.5842,SM001003
2010-01-13,10.6158,SM001003
2010-01-14,10.6233,SM001003
2010-01-15,10.6433,SM001003
2010-01-16,10.642,SM001003
2010-01-18,10.6279,SM001003
2010-01-19,10.6254,SM001003
2010-01-20,10.6081,SM001003
2010-01-21,10.5327,SM001003
2010-01-22,10.4107,SM001003
2010-01-23,10.4006,SM001003
2010-01-25,10.2633,SM001003
2010-01-27,10.0675,SM001003
2010-01-28,10.0802,SM001003
2010-01-29,10.1904,SM001003
2010-01-30,10.1954,SM001003
2010-02-01,10.115,SM001003
2010-02-02,10.0421,SM001003
2010-02-03,10.145,SM001003
2010-02-04,10.0818,SM001003
2010-02-05,9.8463,SM001003
2010-02-06,9.9901,SM001003
2010-02-08,9.8406,SM001003
2010-02-09,9.9514,SM001003
2010-02-10,9.8438,SM001003
2010-02-11,9.9699,SM001003
2010-02-13,9.993,SM001003
2010-02-15,9.984,SM001003
2010-02-16,10.0389,SM001003
2010-02-17,10.1131,SM001003
2010-02-18,10.1083,SM001003
2010-02-19,10.0488,SM001003
2010-02-20,10.0315,SM001003
2010-02-22,10.0299,SM001003
2010-02-23,10.0403,SM001003
2010-02-24,10.0527,SM001003
2010-02-25,10.0246,SM001003
2010-02-26,10.1408,SM001003
2010-03-02,10.3041,SM001003
2010-03-03,10.4521,SM001003
2010-03-04,10.4826,SM001003
2010-03-05,10.4888,SM001003
2010-03-06,10.4937,SM001003
2010-03-08,10.531,SM001003
2010-03-09,10.5281,SM001003
2010-03-10,10.5526,SM001003
2010-03-11,10.5735,SM001003
2010-03-12,10.5907,SM001003
2010-03-13,10.6038,SM001003
2010-03-15,10.5884,SM001003
2010-03-17,10.7323,SM001003
2010-03-18,10.7502,SM001003
2010-03-19,10.81,SM001003
2010-03-20,10.8197,SM001003
2010-03-22,10.7599,SM001003
2010-03-23,10.729,SM001003
2010-03-25,10.781,SM001003
2010-03-26,10.8273,SM001003
2010-03-29,10.843,SM001003
2010-03-30,10.825,SM001003
2010-03-31,10.7951,SM001003
2010-04-05,10.9331,SM001003
2010-04-06,10.9918,SM001003
2010-04-07,11.0152,SM001003
2010-04-08,10.9469,SM001003
2010-04-09,10.9301,SM001003
2010-04-12,10.9546,SM001003
2010-04-13,10.908,SM001003
2010-04-15,10.8661,SM001003
2010-04-16,10.805,SM001003
2010-04-19,10.7446,SM001003
2010-04-20,10.6992,SM001003
2010-04-21,10.7449,SM001003
2010-04-22,10.7708,SM001003
2010-04-23,10.8413,SM001003
2010-04-26,10.8896,SM001003
2010-04-27,10.8934,SM001003
2010-04-28,10.7882,SM001003
2010-04-29,10.7131,SM001003
2010-04-30,10.7728,SM001003
2010-05-03,10.7675,SM001003
2010-05-04,10.6549,SM001003
2010-05-05,10.5639,SM001003
2010-05-06,10.5139,SM001003
2010-05-07,10.4058,SM001003
2010-05-10,10.4621,SM001003
2010-05-11,10.6237,SM001003
2010-05-12,10.5548,SM001003
2010-05-13,10.6158,SM001003
2010-05-14,10.5656,SM001003
2010-05-17,10.4772,SM001003
2010-05-18,10.4236,SM001003
2010-05-19,10.3213,SM001003
2010-05-20,10.1986,SM001003
2010-05-21,10.2046,SM001003
2010-05-24,10.1992,SM001003
2010-05-25,10.0787,SM001003
2010-05-26,10.0095,SM001003
2010-05-28,10.3276,SM001003
2010-05-31,10.423,SM001003
2010-06-01,10.3758,SM001003
2010-06-02,10.273,SM001003
2010-06-03,10.33,SM001003
2010-06-04,10.4288,SM001003
2010-06-07,10.4085,SM001003
2010-06-08,10.3022,SM001003
2010-06-09,10.2746,SM001003
2010-06-10,10.3454,SM001003
2010-06-11,10.4212,SM001003
2010-06-14,10.5102,SM001003
2010-06-15,10.6004,SM001003
2010-06-16,10.6194,SM001003
2010-06-17,10.6561,SM001003
2010-06-18,10.6866,SM001003
2010-06-21,10.7279,SM001003
2010-06-22,10.8056,SM001003
2010-06-23,10.774,SM001003
2010-06-24,10.7622,SM001003
2010-06-25,10.7633,SM001003
2010-06-28,10.7225,SM001003
2010-06-29,10.7627,SM001003
2010-06-30,10.7186,SM001003
2010-07-02,10.6692,SM001003
2010-07-05,10.6653,SM001003
2010-07-06,10.6983,SM001003
2010-07-07,10.7064,SM001003
2010-07-08,10.7152,SM001003
2010-07-09,10.7795,SM001003
2010-07-12,10.8353,SM001003
2010-07-13,10.8802,SM001003
2010-07-14,10.9041,SM001003
2010-07-15,10.8909,SM001003
2010-07-16,10.873,SM001003
2010-07-19,10.8908,SM001003
2010-07-20,10.8504,SM001003
2010-07-21,10.8718,SM001003
2010-07-22,10.9255,SM001003
2010-07-23,10.9583,SM001003
2010-07-26,10.9584,SM001003
2010-07-27,10.9412,SM001003
2010-07-28,10.9261,SM001003
2010-07-29,10.8927,SM001003
2010-07-30,10.9012,SM001003
2010-08-02,10.8893,SM001003
2010-08-03,10.9676,SM001003
2010-08-04,10.9718,SM001003
2010-08-05,11.0208,SM001003
2010-08-06,10.9804,SM001003
2010-08-09,10.9825,SM001003
2010-08-10,11.04,SM001003
2010-08-11,10.9955,SM001003
2010-08-12,10.938,SM001003
2010-08-13,10.9403,SM001003
2010-08-16,10.968,SM001003
2010-08-17,10.9343,SM001003
2010-08-18,10.9481,SM001003
2010-08-20,11.1396,SM001003
2010-08-23,11.1575,SM001003
2010-08-24,11.1445,SM001003
2010-08-25,11.0676,SM001003
2010-08-26,11.015,SM001003
2010-08-27,11.0027,SM001003
2010-08-30,10.9078,SM001003
2010-08-31,10.9132,SM001003
2010-09-01,10.9283,SM001003
2010-09-02,11.0427,SM001003
2010-09-03,11.0641,SM001003
2010-09-06,11.0999,SM001003
2010-09-07,11.2556,SM001003
2010-09-08,11.2971,SM001003
2010-09-09,11.328,SM001003
2010-09-13,11.4426,SM001003
2010-09-14,11.6356,SM001003
2010-09-15,11.7204,SM001003
2010-09-16,11.8021,SM001003
2010-09-17,11.7875,SM001003
2010-09-20,11.9218,SM001003
2010-09-21,12.0695,SM001003
2010-09-22,12.1078,SM001003
2010-09-23,12.0757,SM001003
2010-09-24,12.0465,SM001003
2010-09-27,12.1534,SM001003
2010-09-28,12.1674,SM001003
2010-09-29,12.1518,SM001003
2010-10-01,12.207,SM001003
2010-10-04,12.3894,SM001003
2010-10-05,12.4134,SM001003
2010-10-06,12.3938,SM001003
2010-10-07,12.4332,SM001003
2010-10-08,12.315,SM001003
2010-10-11,12.3235,SM001003
2010-10-12,12.343,SM001003
2010-10-13,12.3422,SM001003
2010-10-14,12.524,SM001003
2010-10-15,12.3625,SM001003
2010-10-18,12.2178,SM001003
2010-10-19,12.2066,SM001003
2010-10-20,12.1165,SM001003
2010-10-21,12.1155,SM001003
2010-10-22,12.2741,SM001003
2010-10-25,12.2578,SM001003
2010-10-26,12.3087,SM001003
2010-10-27,12.2376,SM001003
2010-10-28,12.1402,SM001003
2010-10-29,12.096,SM001003
2010-11-01,12.1886,SM001003
2010-11-02,12.3459,SM001003
2010-11-03,12.3608,SM001003
2010-11-04,12.4575,SM001003
2010-11-08,12.6591,SM001003
2010-11-09,12.6648,SM001003
2010-11-10,12.688,SM001003
2010-11-11,12.6193,SM001003
2010-11-12,12.4309,SM001003
2010-11-15,12.2827,SM001003
2010-11-16,12.2891,SM001003
2010-11-18,12.0893,SM001003
2010-11-19,12.0527,SM001003
2010-11-22,11.9512,SM001003
2010-11-23,12.0905,SM001003
2010-11-24,11.9462,SM001003
2010-11-25,11.8086,SM001003
2010-11-26,11.6813,SM001003
2010-11-29,11.6496,SM001003
2010-11-30,11.7814,SM001003
2010-12-01,11.8503,SM001003
2010-12-02,12.0391,SM001003
2010-12-03,12.1079,SM001003
2010-12-06,12.067,SM001003
2010-12-07,12.0738,SM001003
2010-12-08,12.0044,SM001003
2010-12-09,11.8379,SM001003
2010-12-10,11.6743,SM001003
2010-12-13,11.8404,SM001003
2010-12-14,11.9355,SM001003
2010-12-15,11.9557,SM001003
2010-12-16,11.903,SM001003
2010-12-20,11.9913,SM001003
2010-12-21,12.0067,SM001003
2010-12-22,12.0802,SM001003
2010-12-23,12.0636,SM001003
2010-12-24,12.0659,SM001003
2010-12-27,12.1182,SM001003
2010-12-28,12.0953,SM001003
2010-12-29,12.1065,SM001003
2010-12-30,12.2017,SM001003
2010-12-31,12.2953,SM001003
2011-01-03,12.358,SM001003
2011-01-04,12.376,SM001003
2011-01-05,12.344,SM001003
2011-01-06,12.2098,SM001003
2011-01-07,12.1228,SM001003
2011-01-10,11.8348,SM001003
2011-01-11,11.5851,SM001003
2011-01-12,11.6457,SM001003
2011-01-13,11.7641,SM001003
2011-01-14,11.5526,SM001003
2011-01-17,11.3941,SM001003
2011-01-18,11.4319,SM001003
2011-01-19,11.5257,SM001003
2011-01-20,11.4836,SM001003
2011-01-21,11.5077,SM001003
2011-01-24,11.5042,SM001003
2011-01-25,11.5479,SM001003
2011-01-27,11.4267,SM001003
2011-01-28,11.2525,SM001003
2011-01-31,11.0933,SM001003
2011-02-01,11.0436,SM001003
2011-02-02,10.9089,SM001003
2011-02-03,10.9882,SM001003
2011-02-04,11.0761,SM001003
2011-02-07,10.9088,SM001003
2011-02-08,10.855,SM001003
2011-02-09,10.717,SM001003
2011-02-10,10.6282,SM001003
2011-02-11,10.6341,SM001003
2011-02-14,10.83,SM001003
2011-02-15,11.0214,SM001003
2011-02-17,11.0854,SM001003
2011-02-18,11.1422,SM001003
2011-02-21,11.0531,SM001003
2011-02-22,11.1176,SM001003
2011-02-23,11.0098,SM001003
2011-02-24,10.8967,SM001003
2011-02-25,10.6871,SM001003
2011-02-28,10.7589,SM001003
2011-03-01,10.8905,SM001003
2011-03-03,11.1389,SM001003
2011-03-04,11.1725,SM001003
2011-03-07,11.1265,SM001003
2011-03-08,11.0622,SM001003
2011-03-09,11.1457,SM001003
2011-03-10,11.1446,SM001003
2011-03-11,11.0678,SM001003
2011-03-14,11.0515,SM001003
2011-03-15,11.1139,SM001003
2011-03-16,11.0383,SM001003
2011-03-17,11.0799,SM001003
2011-03-18,10.9592,SM001003
2011-03-21,10.8602,SM001003
2011-03-22,10.8834,SM001003
2011-03-23,10.9722,SM001003
2011-03-24,11.1001,SM001003
2011-03-25,11.2053,SM001003
2011-03-28,11.4373,SM001003
2011-03-29,11.4957,SM001003
2011-03-30,11.6138,SM001003
2011-03-31,11.6639,SM001003
2011-04-05,11.8835,SM001003
2011-04-06,11.8714,SM001003
2011-04-07,11.8401,SM001003
2011-04-08,11.816,SM001003
2011-04-11,11.7307,SM001003
2011-04-13,11.7378,SM001003
2011-04-15,11.8282,SM001003
2011-04-18,11.6487,SM001003
2011-04-19,11.54,SM001003
2011-04-20,11.6717,SM001003
2011-04-21,11.8259,SM001003
2011-04-25,11.868,SM001003
2011-04-26,11.8322,SM001003
2011-04-27,11.8337,SM001003
2011-04-28,11.7197,SM001003
2011-04-29,11.6171,SM001003
2011-05-02,11.547,SM001003
2011-05-03,11.3997,SM001003
2011-05-04,11.2146,SM001003
2011-05-05,11.1238,SM001003
2011-05-06,11.1185,SM001003
2011-05-09,11.2158,SM001003
2011-05-10,11.1807,SM001003
2011-05-11,11.1894,SM001003
2011-05-12,11.151,SM001003
2011-05-13,11.1238,SM001003
2011-05-16,11.1609,SM001003
2011-05-18,10.9754,SM001003
2011-05-19,10.9862,SM001003
2011-05-20,11.0225,SM001003
2011-05-23,10.9972,SM001003
2011-05-24,10.9025,SM001003
2011-05-25,10.8684,SM001003
2011-05-26,10.8791,SM001003
2011-05-27,11.0205,SM001003
2011-05-30,11.0718,SM001003
2011-05-31,11.1185,SM001003
2011-06-01,11.217,SM001003
2011-06-02,11.2522,SM001003
2011-06-03,11.1767,SM001003
2011-06-06,11.16,SM001003
2011-06-07,11.1974,SM001003
2011-06-08,11.1883,SM001003
2011-06-09,11.1827,SM001003
2011-06-10,11.1405,SM001003
2011-06-13,11.1361,SM001003
2011-06-14,11.111,SM001003
2011-06-15,11.0602,SM001003
2011-06-16,10.9535,SM001003
2011-06-17,10.9163,SM001003
2011-06-20,10.7834,SM001003
2011-06-21,10.6898,SM001003
2011-06-22,10.7059,SM001003
2011-06-23,10.7437,SM001003
2011-06-24,10.9225,SM001003
2011-06-27,11.1123,SM001003
2011-06-28,11.2128,SM001003
2011-06-29,11.2583,SM001003
2011-06-30,11.3444,SM001003
2011-07-04,11.3954,SM001003
2011-07-05,11.4336,SM001003
2011-07-06,11.4092,SM001003
2011-07-07,11.4766,SM001003
2011-07-08,11.5284,SM001003
2011-07-11,11.4237,SM001003
2011-07-12,11.3317,SM001003
2011-07-13,11.2718,SM001003
2011-07-14,11.3414,SM001003
2011-07-15,11.3412,SM001003
2011-07-18,11.3412,SM001003
2011-07-19,11.3804,SM001003
2011-07-20,11.3166,SM001003
2011-07-21,11.2764,SM001003
2011-07-22,11.3252,SM001003
2011-07-25,11.4405,SM001003
2011-07-26,11.3996,SM001003
2011-07-27,11.273,SM001003
2011-07-28,11.2309,SM001003
2011-07-29,11.1934,SM001003
2011-08-01,11.2017,SM001003
2011-08-02,11.142,SM001003
2011-08-03,11.062,SM001003
2011-08-04,10.9294,SM001003
2011-08-08,10.5138,SM001003
2011-08-09,10.38,SM001003
2011-08-10,10.4438,SM001003
2011-08-11,10.4885,SM001003
2011-08-12,10.4014,SM001003
2011-08-16,10.3036,SM001003
2011-08-17,10.2925,SM001003
2011-08-18,10.1884,SM001003
2011-08-22,9.9467,SM001003
2011-08-23,10.0513,SM001003
2011-08-24,10.0355,SM001003
2011-08-25,9.9313,SM001003
2011-08-26,9.7883,SM001003
2011-08-29,9.8921,SM001003
2011-08-30,10.0583,SM001003
2011-09-02,10.2099,SM001003
2011-09-05,10.2103,SM001003
2011-09-06,10.2417,SM001003
2011-09-07,10.3387,SM001003
2011-09-08,10.4107,SM001003
2011-09-09,10.3562,SM001003
2011-09-12,10.1621,SM001003
2011-09-13,10.0618,SM001003
2011-09-14,10.0978,SM001003
2011-09-15,10.2058,SM001003
2011-09-16,10.2733,SM001003
2011-09-19,10.2118,SM001003
2011-09-20,10.2999,SM001003
2011-09-21,10.3871,SM001003
2011-09-22,10.198,SM001003
2011-09-23,9.9654,SM001003
2011-09-26,9.8774,SM001003
2011-09-27,9.9607,SM001003
2011-09-28,10.0541,SM001003
2011-09-29,10.1009,SM001003
2011-10-03,9.9487,SM001003
2011-10-04,9.7845,SM001003
2011-10-05,9.6969,SM001003
2011-10-07,9.8204,SM001003
2011-10-10,10.0251,SM001003
2011-10-11,10.0754,SM001003
2011-10-12,10.2192,SM001003
2011-10-13,10.3326,SM001003
2011-10-14,10.3684,SM001003
2011-10-17,10.3695,SM001003
2011-10-18,10.297,SM001003
2011-10-19,10.3259,SM001003
2011-10-20,10.3714,SM001003
2011-10-21,10.2909,SM001003
2011-10-24,10.2775,SM001003
2011-10-25,10.4257,SM001003
2011-10-28,10.7241,SM001003
2011-10-31,10.7891,SM001003
2011-11-01,10.6759,SM001003
2011-11-02,10.6277,SM001003
2011-11-03,10.6358,SM001003
2011-11-04,10.6672,SM001003
2011-11-08,10.7061,SM001003
2011-11-09,10.6289,SM001003
2011-11-11,10.5195,SM001003
2011-11-14,10.4387,SM001003
2011-11-15,10.344,SM001003
2011-11-16,10.2441,SM001003
2011-11-17,10.1102,SM001003
2011-11-18,9.9701,SM001003
2011-11-21,9.8285,SM001003
2011-11-22,9.7937,SM001003
2011-11-23,9.6971,SM001003
2011-11-24,9.6972,SM001003
2011-11-25,9.7179,SM001003
2011-11-28,9.8178,SM001003
2011-11-29,9.841,SM001003
2011-11-30,9.819,SM001003
2011-12-01,10.0046,SM001003
2011-12-02,10.2252,SM001003
2011-12-05,10.2289,SM001003
2011-12-07,10.267,SM001003
2011-12-08,10.0817,SM001003
2011-12-09,9.9739,SM001003
2011-12-12,9.7631,SM001003
2011-12-13,9.7629,SM001003
2011-12-14,9.7933,SM001003
2011-12-15,9.7455,SM001003
2011-12-16,9.5875,SM001003
2011-12-19,9.5149,SM001003
2011-12-20,9.3021,SM001003
2011-12-21,9.5176,SM001003
2011-12-22,9.6207,SM001003
2011-12-23,9.6268,SM001003
2011-12-26,9.721,SM001003
2011-12-27,9.6771,SM001003
2011-12-28,9.6152,SM001003
2011-12-29,9.5077,SM001003
2011-12-30,9.4168,SM001003
2012-01-02,9.4404,SM001003
2012-01-03,9.6728,SM001003
2012-01-04,9.682,SM001003
2012-01-05,9.6774,SM001003
2012-01-06,9.7006,SM001003
2012-01-09,9.6638,SM001003
2012-01-10,9.8541,SM001003
2012-01-11,9.8437,SM001003
2012-01-12,9.8086,SM001003
2012-01-13,9.8674,SM001003
2012-01-16,9.881,SM001003
2012-01-17,10.02,SM001003
2012-01-18,10.0247,SM001003
2012-01-19,10.1193,SM001003
2012-01-20,10.1713,SM001003
2012-01-23,10.2533,SM001003
2012-01-24,10.3433,SM001003
2012-01-25,10.4308,SM001003
2012-01-27,10.4966,SM001003
2012-01-30,10.4307,SM001003
2012-01-31,10.4977,SM001003
2012-02-01,10.5911,SM001003
2012-02-02,10.629,SM001003
2012-02-03,10.7554,SM001003
2012-02-06,10.7994,SM001003
2012-02-07,10.7842,SM001003
2012-02-08,10.8333,SM001003
2012-02-09,10.9169,SM001003
2012-02-10,10.8623,SM001003
2012-02-13,10.8833,SM001003
2012-02-14,10.9636,SM001003
2012-02-15,11.1591,SM001003
2012-02-17,11.2479,SM001003
2012-02-21,11.3401,SM001003
2012-02-22,11.1603,SM001003
2012-02-23,11.1177,SM001003
2012-02-24,11.1179,SM001003
2012-02-27,10.7787,SM001003
2012-02-28,10.9511,SM001003
2012-02-29,11.0088,SM001003
2012-03-01,10.901,SM001003
2012-03-02,10.9034,SM001003
2012-03-05,10.7887,SM001003
2012-03-06,10.6592,SM001003
2012-03-07,10.6594,SM001003
2012-03-09,10.876,SM001003
2012-03-12,10.9283,SM001003
2012-03-13,11.0755,SM001003
2012-03-14,11.1362,SM001003
2012-03-15,10.9984,SM001003
2012-03-16,10.8463,SM001003
2012-03-19,10.7363,SM001003
2012-03-20,10.7582,SM001003
2012-03-21,10.9445,SM001003
2012-03-22,10.683,SM001003
2012-03-26,10.6306,SM001003
2012-03-27,10.6678,SM001003
2012-03-28,10.63,SM001003
2012-03-29,10.6244,SM001003
2012-03-30,10.8268,SM001003
2012-04-03,10.9312,SM001003
2012-04-04,10.8476,SM001003
2012-04-09,10.7314,SM001003
2012-04-10,10.7455,SM001003
2012-04-11,10.7247,SM001003
2012-04-12,10.8176,SM001003
2012-04-13,10.6388,SM001003
2012-04-16,10.6894,SM001003
2012-04-17,10.8212,SM001003
2012-04-18,10.8008,SM001003
2012-04-19,10.8656,SM001003
2012-04-20,10.7758,SM001003
2012-04-23,10.6158,SM001003
2012-04-24,10.6714,SM001003
2012-04-25,10.6173,SM001003
2012-04-26,10.6496,SM001003
2012-04-27,10.6007,SM001003
2012-04-30,10.6642,SM001003
2012-05-02,10.6801,SM001003
2012-05-03,10.596,SM001003
2012-05-04,10.4045,SM001003
2012-05-07,10.4803,SM001003
2012-05-08,10.2892,SM001003
2012-05-09,10.2041,SM001003
2012-05-10,10.1859,SM001003
2012-05-11,10.1624,SM001003
2012-05-14,9.9551,SM001003
2012-05-15,10.0851,SM001003
2012-05-16,9.9876,SM001003
2012-05-17,9.9878,SM001003
2012-05-18,10.0097,SM001003
2012-05-21,10.0409,SM001003
2012-05-22,9.961,SM001003
2012-05-23,9.9334,SM001003
2012-05-24,10.0851,SM001003
2012-05-25,10.1464,SM001003
2012-05-28,10.1548,SM001003
2012-05-29,10.2369,SM001003
2012-05-30,10.1061,SM001003
2012-05-31,10.1529,SM001003
2012-06-01,9.9875,SM001003
2012-06-04,9.9878,SM001003
2012-06-05,10.0105,SM001003
2012-06-06,10.281,SM001003
2012-06-07,10.3444,SM001003
2012-06-08,10.3807,SM001003
2012-06-11,10.3809,SM001003
2012-06-12,10.4778,SM001003
2012-06-13,10.4849,SM001003
2012-06-14,10.3893,SM001003
2012-06-15,10.5385,SM001003
2012-06-18,10.3836,SM001003
2012-06-19,10.4821,SM001003
2012-06-20,10.5307,SM001003
2012-06-21,10.5961,SM001003
2012-06-22,10.5493,SM001003
2012-06-25,10.5083,SM001003
2012-06-26,10.4972,SM001003
2012-06-27,10.5677,SM001003
2012-06-28,10.5735,SM001003
2012-06-29,10.846,SM001003
2012-07-02,10.8254,SM001003
2012-07-03,10.8145,SM001003
2012-07-04,10.8587,SM001003
2012-07-05,10.8981,SM001003
2012-07-06,10.8637,SM001003
2012-07-09,10.7579,SM001003
2012-07-10,10.8773,SM001003
2012-07-11,10.807,SM001003
2012-07-12,10.6995,SM001003
2012-07-13,10.6613,SM001003
2012-07-16,10.6817,SM001003
2012-07-17,10.619,SM001003
2012-07-18,10.7264,SM001003
2012-07-19,10.7843,SM001003
2012-07-20,10.7126,SM001003
2012-07-23,10.5279,SM001003
2012-07-24,10.5471,SM001003
2012-07-25,10.5505,SM001003
2012-07-26,10.4122,SM001003
2012-07-27,10.4691,SM001003
2012-07-30,10.64,SM001003
2012-07-31,10.716,SM001003
2012-08-01,10.7182,SM001003
2012-08-02,10.7169,SM001003
2012-08-03,10.6951,SM001003
2012-08-06,10.7846,SM001003
2012-08-07,10.873,SM001003
2012-08-08,10.8915,SM001003
2012-08-09,10.8726,SM001003
2012-08-10,10.8604,SM001003
2012-08-13,10.9255,SM001003
2012-08-14,10.9918,SM001003
2012-08-16,10.9631,SM001003
2012-08-17,10.9358,SM001003
2012-08-21,11.0525,SM001003
2012-08-24,10.994,SM001003
2012-08-27,10.9373,SM001003
2012-08-28,10.9019,SM001003
2012-08-29,10.8123,SM001003
2012-08-30,10.8654,SM001003
2012-08-31,10.7486,SM001003
2012-09-03,10.7309,SM001003
2012-09-04,10.7846,SM001003
2012-09-05,10.699,SM001003
2012-09-06,10.7233,SM001003
2012-09-07,10.9725,SM001003
2012-09-10,11.0005,SM001003
2012-09-11,11.0182,SM001003
2012-09-12,11.104,SM001003
2012-09-13,11.1035,SM001003
2012-09-14,11.4088,SM001003
2012-09-17,11.4981,SM001003
2012-09-18,11.4485,SM001003
2012-09-20,11.3567,SM001003
2012-09-21,11.6385,SM001003
2012-09-24,11.5947,SM001003
2012-09-25,11.6054,SM001003
2012-09-26,11.5952,SM001003
2012-09-27,11.5622,SM001003
2012-09-28,11.6573,SM001003
2012-10-01,11.7005,SM001003
2012-10-03,11.7439,SM001003
2012-10-04,11.8476,SM001003
2012-10-05,11.7556,SM001003
2012-10-08,11.6215,SM001003
2012-10-09,11.6641,SM001003
2012-10-10,11.5647,SM001003
2012-10-11,11.7534,SM001003
2012-10-12,11.6566,SM001003
2012-10-15,11.6655,SM001003
2012-10-16,11.5618,SM001003
2012-10-17,11.5785,SM001003
2012-10-18,11.6993,SM001003
2012-10-19,11.6249,SM001003
2012-10-22,11.6996,SM001003
2012-10-23,11.6485,SM001003
2012-10-25,11.6863,SM001003
2012-10-29,11.6133,SM001003
2012-10-30,11.4798,SM001003
2012-10-31,11.5066,SM001003
2012-11-01,11.5859,SM001003
2012-11-02,11.6864,SM001003
2012-11-03,11.6864,SM001003
2012-11-04,11.6864,SM001003
2012-11-05,11.6851,SM001003
2012-11-06,11.7287,SM001003
2012-11-07,11.7972,SM001003
2012-11-08,11.7436,SM001003
2012-11-09,11.6472,SM001003
2012-11-12,11.6642,SM001003
2012-11-15,11.5298,SM001003
2012-11-16,11.427,SM001003
2012-11-19,11.4315,SM001003
2012-11-20,11.4158,SM001003
2012-11-21,11.4956,SM001003
2012-11-22,11.5385,SM001003
2012-11-23,11.5232,SM001003
2012-11-26,11.5488,SM001003
2012-11-27,11.7331,SM001003
2012-11-29,11.93,SM001003
2012-11-30,12.0298,SM001003
2012-12-03,12.0232,SM001003
2012-12-04,12.0666,SM001003
2012-12-05,12.081,SM001003
2012-12-06,12.1451,SM001003
2012-12-07,12.1402,SM001003
2012-12-10,12.1004,SM001003
2012-12-11,12.0781,SM001003
2012-12-12,12.0535,SM001003
2012-12-13,11.9803,SM001003
2012-12-14,12.0444,SM001003
2012-12-17,12.0015,SM001003
2012-12-18,12.0789,SM001003
2012-12-19,12.1445,SM001003
2012-12-20,12.1193,SM001003
2012-12-21,11.9807,SM001003
2012-12-24,11.9932,SM001003
2012-12-26,12.0937,SM001003
2012-12-27,12.0396,SM001003
2012-12-28,12.1017,SM001003
2012-12-31,12.0992,SM001003
2013-01-01,12.2145,SM001003
2013-01-02,12.28,SM001003
2013-01-03,12.3098,SM001003
2013-01-04,12.3252,SM001003
2013-01-07,12.2714,SM001003
2013-01-08,12.2963,SM001003
2013-01-09,12.2365,SM001003
2013-01-10,12.228,SM001003
2013-01-11,12.1965,SM001003
2013-01-14,12.3445,SM001003
2013-01-15,12.4059,SM001003
2013-01-16,12.3072,SM001003
2013-01-17,12.3699,SM001003
2013-01-18,12.4209,SM001003
2013-01-21,12.4672,SM001003
2013-01-22,12.3889,SM001003
2013-01-23,12.4066,SM001003
2013-01-24,12.3424,SM001003
2013-01-28,12.4544,SM001003
2013-01-29,12.3983,SM001003
2013-01-30,12.409,SM001003
2013-01-31,12.3591,SM001003
2013-02-01,12.3073,SM001003
2013-02-04,12.2797,SM001003
2013-02-05,12.2336,SM001003
2013-02-06,12.2311,SM001003
2013-02-07,12.1961,SM001003
2013-02-08,12.1267,SM001003
2013-02-11,12.124,SM001003
2013-02-12,12.1977,SM001003
2013-02-13,12.2287,SM001003
2013-02-14,12.1523,SM001003
2013-02-15,12.1204,SM001003
2013-02-18,12.1298,SM001003
2013-02-22,12.0593,SM001003
2013-02-25,12.0648,SM001003
2013-02-26,11.8652,SM001003
2013-02-27,11.9383,SM001003
2013-02-28,11.7357,SM001003
2013-03-01,11.8261,SM001003
2013-03-04,11.7971,SM001003
2013-03-05,11.9628,SM001003
2013-03-06,12.0096,SM001003
2013-03-07,12.0988,SM001003
2013-03-08,12.266,SM001003
2013-03-11,12.2603,SM001003
2013-03-12,12.203,SM001003
2013-03-13,12.0639,SM001003
2013-03-14,12.1737,SM001003
2013-03-15,12.0948,SM001003
2013-03-18,12.0187,SM001003
2013-03-19,11.8477,SM001003
2013-03-20,11.7395,SM001003
2013-03-21,11.6484,SM001003
2013-03-22,11.6371,SM001003
2013-03-25,11.6305,SM001003
2013-03-26,11.6555,SM001003
2013-03-28,11.737,SM001003
2013-03-30,11.7368,SM001003
2013-03-31,11.7368,SM001003
2013-04-02,11.8699,SM001003
2013-04-03,11.705,SM001003
2013-04-04,11.5405,SM001003
2013-04-05,11.5361,SM001003
2013-04-08,11.5345,SM001003
2013-04-09,11.437,SM001003
2013-04-10,11.5575,SM001003
2013-04-12,11.511,SM001003
2013-04-15,11.5973,SM001003
2013-04-16,11.8422,SM001003
2013-04-17,11.8407,SM001003
2013-04-18,12.0211,SM001003
2013-04-22,12.1122,SM001003
2013-04-23,12.1167,SM001003
2013-04-25,12.31,SM001003
2013-04-26,12.2742,SM001003
2013-04-29,12.3353,SM001003
2013-04-30,12.4038,SM001003
2013-05-02,12.5315,SM001003
2013-05-03,12.412,SM001003
2013-05-06,12.4643,SM001003
2013-05-07,12.5895,SM001003
2013-05-08,12.6411,SM001003
2013-05-09,12.6043,SM001003
2013-05-10,12.6928,SM001003
2013-05-13,12.4852,SM001003
2013-05-14,12.5167,SM001003
2013-05-15,12.8118,SM001003
2013-05-16,12.8673,SM001003
2013-05-17,12.9107,SM001003
2013-05-20,12.8541,SM001003
2013-05-21,12.7649,SM001003
2013-05-22,12.723,SM001003
2013-05-23,12.4654,SM001003
2013-05-24,12.4986,SM001003
2013-05-27,12.6732,SM001003
2013-05-28,12.7308,SM001003
2013-05-29,12.7243,SM001003
2013-05-30,12.7583,SM001003
2013-05-31,12.4703,SM001003
2013-06-03,12.3765,SM001003
2013-06-04,12.362,SM001003
2013-06-05,12.3851,SM001003
2013-06-06,12.378,SM001003
2013-06-07,12.2967,SM001003
2013-06-10,12.2909,SM001003
2013-06-11,12.1401,SM001003
2013-06-12,12.0907,SM001003
2013-06-13,11.9573,SM001003
2013-06-14,12.1987,SM001003
2013-06-17,12.2927,SM001003
2013-06-18,12.2227,SM001003
2013-06-19,12.2254,SM001003
2013-06-20,11.9179,SM001003
2013-06-21,11.9586,SM001003
2013-06-24,11.8754,SM001003
2013-06-25,11.9037,SM001003
2013-06-26,11.8791,SM001003
2013-06-27,12.0684,SM001003
2013-06-28,12.3934,SM001003
2013-07-01,12.5113,SM001003
2013-07-02,12.4215,SM001003
2013-07-03,12.2599,SM001003
2013-07-04,12.3915,SM001003
2013-07-05,12.4332,SM001003
2013-07-08,12.3027,SM001003
2013-07-09,12.4057,SM001003
2013-07-10,12.3296,SM001003
2013-07-11,12.5567,SM001003
2013-07-12,12.7014,SM001003
2013-07-15,12.727,SM001003
2013-07-16,12.5908,SM001003
2013-07-17,12.5842,SM001003
2013-07-18,12.7016,SM001003
2013-07-19,12.7077,SM001003
2013-07-22,12.6882,SM001003
2013-07-23,12.7568,SM001003
2013-07-24,12.6024,SM001003
2013-07-25,12.4668,SM001003
2013-07-26,12.4338,SM001003
2013-07-29,12.3394,SM001003
2013-07-30,12.1778,SM001003
2013-07-31,12.1607,SM001003
2013-08-01,12.1287,SM001003
2013-08-02,12.0224,SM001003
2013-08-05,12.0469,SM001003
2013-08-06,11.7924,SM001003
2013-08-07,11.7131,SM001003
2013-08-08,11.7876,SM001003
2013-08-12,11.8685,SM001003
2013-08-13,12.062,SM001003
2013-08-14,12.1601,SM001003
2013-08-16,11.7259,SM001003
2013-08-19,11.5172,SM001003
2013-08-20,11.4744,SM001003
2013-08-21,11.2573,SM001003
2013-08-22,11.4419,SM001003
2013-08-23,11.5494,SM001003
2013-08-26,11.5527,SM001003
2013-08-27,11.2046,SM001003
2013-08-28,11.1503,SM001003
2013-08-29,11.3995,SM001003
2013-08-30,11.5278,SM001003
2013-09-02,11.667,SM001003
2013-09-03,11.279,SM001003
2013-09-04,11.4811,SM001003
2013-09-05,11.7605,SM001003
2013-09-06,11.9615,SM001003
2013-09-10,12.4013,SM001003
2013-09-11,12.4315,SM001003
2013-09-12,12.3183,SM001003
2013-09-13,12.314,SM001003
2013-09-16,12.3113,SM001003
2013-09-17,12.3293,SM001003
2013-09-18,12.4364,SM001003
2013-09-19,12.8448,SM001003
2013-09-20,12.6681,SM001003
2013-09-23,12.424,SM001003
2013-09-24,12.4464,SM001003
2013-09-25,12.4218,SM001003
2013-09-26,12.4379,SM001003
2013-09-27,12.3627,SM001003
2013-09-30,12.1607,SM001003
2013-10-01,12.2591,SM001003
2013-10-03,12.5143,SM001003
2013-10-04,12.5313,SM001003
2013-10-07,12.4995,SM001003
2013-10-08,12.5553,SM001003
2013-10-09,12.7143,SM001003
2013-10-10,12.7498,SM001003
2013-10-11,12.9089,SM001003
2013-10-14,12.9433,SM001003
2013-10-15,12.8897,SM001003
2013-10-17,12.7983,SM001003
2013-10-18,13.0774,SM001003
2013-10-21,13.1045,SM001003
2013-10-22,13.0989,SM001003
2013-10-23,13.0693,SM001003
2013-10-24,13.0392,SM001003
2013-10-25,13.0063,SM001003
2013-10-28,12.9308,SM001003
2013-10-29,13.1666,SM001003
2013-10-30,13.2347,SM001003
2013-10-31,13.3112,SM001003
2013-11-01,13.3044,SM001003
2013-11-05,13.1877,SM001003
2013-11-06,13.1298,SM001003
2013-11-07,13.077,SM001003
2013-11-08,12.9896,SM001003
2013-11-11,12.8748,SM001003
2013-11-12,12.755,SM001003
2013-11-13,12.6962,SM001003
2013-11-14,12.8284,SM001003
2013-11-18,13.0904,SM001003
2013-11-19,13.1196,SM001003
2013-11-20,12.9427,SM001003
2013-11-21,12.6988,SM001003
2013-11-22,12.6856,SM001003
2013-11-25,12.9234,SM001003
2013-11-26,12.8121,SM001003
2013-11-27,12.8123,SM001003
2013-11-28,12.8791,SM001003
2013-11-29,13.0557,SM001003
2013-12-02,13.1418,SM001003
2013-12-03,13.1035,SM001003
2013-12-04,13.0193,SM001003
2013-12-05,13.169,SM001003
2013-12-06,13.2193,SM001003
2013-12-09,13.4415,SM001003
2013-12-10,13.3772,SM001003
2013-12-11,13.3211,SM001003
2013-12-12,13.1724,SM001003
2013-12-13,13.0407,SM001003
2013-12-16,13.0172,SM001003
2013-12-17,12.9932,SM001003
2013-12-18,13.154,SM001003
2013-12-19,13.0612,SM001003
2013-12-20,13.277,SM001003
2013-12-23,13.289,SM001003
2013-12-24,13.2649,SM001003
2013-12-26,13.2842,SM001003
2013-12-27,13.3563,SM001003
2013-12-30,13.3049,SM001003
2013-12-31,13.3303,SM001003
2014-01-01,13.3239,SM001003
2014-01-02,13.156,SM001003
2014-01-03,13.1335,SM001003
2014-01-06,13.0935,SM001003
2014-01-07,13.0403,SM001003
2014-01-08,13.0695,SM001003
2014-01-09,13.054,SM001003
2014-01-10,13.068,SM001003
2014-01-13,13.2703,SM001003
2014-01-15,13.3584,SM001003
2014-01-16,13.3314,SM001003
2014-01-17,13.2176,SM001003
2014-01-20,13.3013,SM001003
2014-01-21,13.3228,SM001003
2014-01-22,13.3801,SM001003
2014-01-23,13.3925,SM001003
2014-01-24,13.2505,SM001003
2014-01-27,12.9941,SM001003
2014-01-28,12.9544,SM001003
2014-01-29,12.9533,SM001003
2014-01-30,12.8662,SM001003
2014-01-31,12.9112,SM001003
2014-02-03,12.7498,SM001003
2014-02-04,12.7535,SM001003
2014-02-05,12.7906,SM001003
2014-02-06,12.8214,SM001003
2014-02-07,12.8734,SM001003
2014-02-10,12.8529,SM001003
2014-02-11,12.873,SM001003
2014-02-12,12.9242,SM001003
2014-02-13,12.7537,SM001003
2014-02-14,12.8503,SM001003
2014-02-17,12.9096,SM001003
2014-02-18,13.0131,SM001003
2014-02-20,12.9443,SM001003
2014-02-21,13.0837,SM001003
2014-02-24,13.1443,SM001003
2014-02-25,13.1743,SM001003
2014-02-26,13.2584,SM001003
2014-02-28,13.3315,SM001003
2014-03-03,13.2159,SM001003
2014-03-04,13.3623,SM001003
2014-03-05,13.4254,SM001003
2014-03-06,13.5705,SM001003
2014-03-07,13.8105,SM001003
2014-03-10,13.8275,SM001003
2014-03-11,13.7788,SM001003
2014-03-12,13.7945,SM001003
2014-03-13,13.7489,SM001003
2014-03-14,13.7686,SM001003
2014-03-18,13.8005,SM001003
2014-03-19,13.8065,SM001003
2014-03-20,13.7297,SM001003
2014-03-21,13.7403,SM001003
2014-03-24,13.9266,SM001003
2014-03-25,13.9399,SM001003
2014-03-26,13.9571,SM001003
2014-03-27,14.0503,SM001003
2014-03-28,14.1647,SM001003
2014-04-02,14.282,SM001003
2014-04-03,14.2504,SM001003
2014-04-04,14.1621,SM001003
2014-04-07,14.1663,SM001003
2014-04-09,14.3715,SM001003
2014-04-10,14.3715,SM001003
2014-04-11,14.3306,SM001003
2014-04-15,14.2403,SM001003
2014-04-16,14.1204,SM001003
2014-04-17,14.3375,SM001003
2014-04-21,14.4189,SM001003
2014-04-22,14.4152,SM001003
2014-04-23,14.4696,SM001003
2014-04-25,14.3435,SM001003
2014-04-28,14.2975,SM001003
2014-04-29,14.2036,SM001003
2014-04-30,14.1633,SM001003
2014-05-02,14.1589,SM001003
2014-05-05,14.1687,SM001003
2014-05-06,14.203,SM001003
2014-05-07,14.072,SM001003
2014-05-08,14.0869,SM001003
2014-05-09,14.5051,SM001003
2014-05-12,14.8322,SM001003
2014-05-13,15.0304,SM001003
2014-05-15,15.0607,SM001003
2014-05-16,15.2385,SM001003
2014-05-19,15.3645,SM001003
2014-05-20,15.3873,SM001003
2014-05-21,15.3402,SM001003
2014-05-22,15.3916,SM001003
2014-05-23,15.5832,SM001003
2014-05-26,15.567,SM001003
2014-05-27,15.481,SM001003
2014-05-28,15.5052,SM001003
2014-05-29,15.3235,SM001003
2014-05-30,15.3112,SM001003
2014-06-02,15.5928,SM001003
2014-06-03,15.7054,SM001003
2014-06-04,15.6983,SM001003
2014-06-05,15.8751,SM001003
2014-06-06,16.112,SM001003
2014-06-09,16.2623,SM001003
2014-06-10,16.2661,SM001003
2014-06-11,16.2072,SM001003
2014-06-12,16.2614,SM001003
2014-06-13,16.034,SM001003
2014-06-16,16.0176,SM001003
2014-06-17,16.2237,SM001003
2014-06-18,16.0678,SM001003
2014-06-19,16.032,SM001003
2014-06-20,15.9707,SM001003
2014-06-23,15.9306,SM001003
2014-06-24,16.1141,SM001003
2014-06-25,16.0915,SM001003
2014-06-26,15.9315,SM001003
2014-06-27,15.9645,SM001003
2014-06-30,16.1806,SM001003
2014-07-01,16.2302,SM001003
2014-07-02,16.4226,SM001003
2014-07-03,16.4103,SM001003
2014-07-04,16.504,SM001003
2014-07-07,16.5787,SM001003
2014-07-08,16.2332,SM001003
2014-07-09,16.1515,SM001003
2014-07-10,16.1189,SM001003
2014-07-11,15.8915,SM001003
2014-07-14,15.8845,SM001003
2014-07-15,16.0378,SM001003
2014-07-16,16.2443,SM001003
2014-07-17,16.2837,SM001003
2014-07-18,16.3332,SM001003
2014-07-21,16.3783,SM001003
2014-07-22,16.5527,SM001003
2014-07-23,16.6135,SM001003
2014-07-24,16.6876,SM001003
2014-07-25,16.6062,SM001003
2014-07-28,16.5338,SM001003
2014-07-30,16.6233,SM001003
2014-07-31,16.4759,SM001003
2014-08-01,16.2253,SM001003
2014-08-04,16.397,SM001003
2014-08-05,16.532,SM001003
2014-08-06,16.376,SM001003
2014-08-07,16.3274,SM001003
2014-08-08,16.1601,SM001003
2014-08-11,16.2813,SM001003
2014-08-12,16.4957,SM001003
2014-08-13,16.5315,SM001003
2014-08-14,16.6432,SM001003
2014-08-19,16.8661,SM001003
2014-08-20,16.8195,SM001003
2014-08-21,16.8548,SM001003
2014-08-22,16.9011,SM001003
2014-08-25,16.8848,SM001003
2014-08-26,16.8818,SM001003
2014-08-27,16.9493,SM001003
2014-08-28,16.987,SM001003
2014-09-01,17.1409,SM001003
2014-09-02,17.2539,SM001003
2014-09-03,17.3179,SM001003
2014-09-04,17.2816,SM001003
2014-09-05,17.2636,SM001003
2014-09-08,17.4461,SM001003
2014-09-09,17.4025,SM001003
2014-09-10,17.2815,SM001003
2014-09-11,17.2634,SM001003
2014-09-12,17.3038,SM001003
2014-09-15,17.1697,SM001003
2014-09-16,16.9402,SM001003
2014-09-17,17.0304,SM001003
2014-09-18,17.3289,SM001003
2014-09-19,17.3411,SM001003
2014-09-22,17.3979,SM001003
2014-09-23,17.1265,SM001003
2014-09-24,17.0943,SM001003
2014-09-25,16.9005,SM001003
2014-09-26,17.0232,SM001003
2014-09-29,17.0021,SM001003
2014-09-30,17.0129,SM001003
2014-10-01,16.9719,SM001003
2014-10-07,16.7738,SM001003
2014-10-08,16.7536,SM001003
2014-10-09,17.0024,SM001003
2014-10-10,16.7888,SM001003
2014-10-13,16.8411,SM001003
2014-10-14,16.7982,SM001003
2014-10-16,16.5606,SM001003
2014-10-17,16.6258,SM001003
2014-10-20,16.8377,SM001003
2014-10-21,16.94,SM001003
2014-10-22,17.0834,SM001003
2014-10-27,17.0751,SM001003
2014-10-28,17.1507,SM001003
2014-10-29,17.2859,SM001003
2014-10-30,17.4521,SM001003
2014-10-31,17.7807,SM001003
2014-11-03,17.7859,SM001003
2014-11-05,17.8151,SM001003
2014-11-07,17.8097,SM001003
2014-11-10,17.8256,SM001003
2014-11-11,17.8639,SM001003
2014-11-12,17.9076,SM001003
2014-11-13,17.8549,SM001003
2014-11-14,17.9233,SM001003
2014-11-17,18.0099,SM001003
2014-11-18,18.0002,SM001003
2014-11-19,17.9062,SM001003
2014-11-20,17.9479,SM001003
2014-11-21,18.1079,SM001003
2014-11-24,18.2188,SM001003
2014-11-25,18.076,SM001003
2014-11-26,18.1055,SM001003
2014-11-27,18.1452,SM001003
2014-11-28,18.3428,SM001003
2014-12-01,18.2741,SM001003
2014-12-02,18.2068,SM001003
2014-12-03,18.2349,SM001003
2014-12-04,18.2925,SM001003
2014-12-05,18.2372,SM001003
2014-12-08,18.023,SM001003
2014-12-09,17.8162,SM001003
2014-12-10,17.8474,SM001003
2014-12-11,17.7141,SM001003
2014-12-12,17.5679,SM001003
2014-12-15,17.5571,SM001003
2014-12-16,17.2382,SM001003
2014-12-17,17.1585,SM001003
2014-12-18,17.4328,SM001003
2014-12-19,17.5727,SM001003
2014-12-22,17.7833,SM001003
2014-12-23,17.6617,SM001003
2014-12-24,17.4634,SM001003
2014-12-26,17.5205,SM001003
2014-12-29,17.618,SM001003
2014-12-30,17.6218,SM001003
2014-12-31,17.6949,SM001003
2015-01-01,17.6984,SM001003
2015-01-02,17.9357,SM001003
2015-01-05,17.8996,SM001003
2015-01-06,17.3646,SM001003
2015-01-07,17.3116,SM001003
2015-01-08,17.5938,SM001003
2015-01-09,17.7008,SM001003
2015-01-10,17.7008,SM001003
2015-01-12,17.7825,SM001003
2015-01-13,17.7316,SM001003
2015-01-14,17.6849,SM001003
2015-01-15,18.1461,SM001003
2015-01-16,18.1873,SM001003
2015-01-19,18.2652,SM001003
2015-01-20,18.573,SM001003
2015-01-21,18.6461,SM001003
2015-01-22,18.7154,SM001003
2015-01-23,18.8734,SM001003
2015-01-27,19.0335,SM001003
2015-01-28,19.0412,SM001003
2015-01-29,19.1221,SM001003
2015-01-30,18.8179,SM001003
2015-02-02,18.793,SM001003
2015-02-03,18.7068,SM001003
2015-02-04,18.6393,SM001003
2015-02-05,18.6134,SM001003
2015-02-06,18.5058,SM001003
2015-02-09,18.2193,SM001003
2015-02-10,18.303,SM001003
2015-02-11,18.4352,SM001003
2015-02-12,18.6139,SM001003
2015-02-13,18.8146,SM001003
2015-02-16,18.8239,SM001003
2015-02-18,18.9522,SM001003
2015-02-20,18.876,SM001003
2015-02-23,18.7069,SM001003
2015-02-24,18.7219,SM001003
2015-02-25,18.7308,SM001003
2015-02-26,18.553,SM001003
2015-02-27,18.8947,SM001003
2015-03-02,19.1371,SM001003
2015-03-03,19.2367,SM001003
2015-03-04,19.0818,SM001003
2015-03-05,19.1175,SM001003
2015-03-09,18.7328,SM001003
2015-03-10,18.6313,SM001003
2015-03-11,18.6056,SM001003
2015-03-12,18.7726,SM001003
2015-03-13,18.4957,SM001003
2015-03-16,18.4628,SM001003
2015-03-17,18.6573,SM001003
2015-03-18,18.5772,SM001003
2015-03-19,18.4677,SM001003
2015-03-20,18.3299,SM001003
2015-03-23,18.2877,SM001003
2015-03-24,18.2749,SM001003
2015-03-25,18.2511,SM001003
2015-03-26,17.8676,SM001003
2015-03-27,17.8562,SM001003
2015-03-30,18.1878,SM001003
2015-03-31,18.1837,SM001003
2015-04-06,18.5438,SM001003
2015-04-07,18.5451,SM001003
2015-04-08,18.6612,SM001003
2015-04-09,18.7979,SM001003
2015-04-10,18.8031,SM001003
2015-04-13,18.9174,SM001003
2015-04-15,18.7391,SM001003
2015-04-16,18.6467,SM001003
2015-04-17,18.4327,SM001003
2015-04-20,18.0944,SM001003
2015-04-21,17.9432,SM001003
2015-04-22,18.0541,SM001003
2015-04-23,17.9859,SM001003
2015-04-24,17.7896,SM001003
2015-04-27,17.5951,SM001003
2015-04-28,17.7509,SM001003
2015-04-29,17.6507,SM001003
2015-04-30,17.5254,SM001003
2015-05-05,17.8301,SM001003
2015-05-06,17.3438,SM001003
2015-05-07,17.2606,SM001003
2015-05-08,17.5585,SM001003
2015-05-11,17.8437,SM001003
2015-05-12,17.4162,SM001003
2015-05-13,17.649,SM001003
2015-05-14,17.6271,SM001003
2015-05-15,17.7086,SM001003
2015-05-18,17.9471,SM001003
2015-05-19,17.9292,SM001003
2015-05-20,18.052,SM001003
2015-05-21,18.0474,SM001003
2015-05-22,18.1274,SM001003
2015-05-25,17.9382,SM001003
2015-05-26,17.8715,SM001003
2015-05-27,17.861,SM001003
2015-05-28,17.8358,SM001003
2015-05-29,18.0787,SM001003
2015-06-01,18.083,SM001003
2015-06-02,17.662,SM001003
2015-06-03,17.4654,SM001003
2015-06-04,17.4728,SM001003
2015-06-05,17.4458,SM001003
2015-06-08,17.2951,SM001003
2015-06-09,17.2496,SM001003
2015-06-10,17.4678,SM001003
2015-06-11,17.1279,SM001003
2015-06-12,17.1658,SM001003
2015-06-15,17.25,SM001003
2015-06-16,17.3236,SM001003
2015-06-17,17.4185,SM001003
2015-06-18,17.5968,SM001003
2015-06-19,17.7083,SM001003
2015-06-22,17.9822,SM001003
2015-06-23,18.0429,SM001003
2015-06-24,17.9996,SM001003
2015-06-25,18.079,SM001003
2015-06-26,18.0428,SM001003
2015-06-29,17.9095,SM001003
2015-06-30,18.0171,SM001003
2015-07-01,18.198,SM001003
2015-07-02,18.1903,SM001003
2015-07-03,18.2755,SM001003
2015-07-06,18.3573,SM001003
2015-07-07,18.3325,SM001003
2015-07-08,18.0169,SM001003
2015-07-09,17.9521,SM001003
2015-07-10,18.0223,SM001003
2015-07-13,18.2343,SM001003
2015-07-14,18.2227,SM001003
2015-07-15,18.3841,SM001003
2015-07-16,18.5676,SM001003
2015-07-17,18.5717,SM001003
2015-07-20,18.5635,SM001003
2015-07-21,18.404,SM001003
2015-07-22,18.6277,SM001003
2015-07-23,18.5397,SM001003
2015-07-24,18.393,SM001003
2015-07-27,18.049,SM001003
2015-07-28,17.9972,SM001003
2015-07-29,18.0784,SM001003
2015-07-30,18.1786,SM001003
2015-07-31,18.4174,SM001003
2015-08-03,18.4394,SM001003
2015-08-04,18.3834,SM001003
2015-08-05,18.4931,SM001003
2015-08-06,18.5372,SM001003
2015-08-07,18.4889,SM001003
2015-08-10,18.4058,SM001003
2015-08-11,18.2704,SM001003
2015-08-12,18.0268,SM001003
2015-08-13,18.042,SM001003
2015-08-14,18.3914,SM001003
2015-08-17,18.3032,SM001003
2015-08-19,18.3413,SM001003
2015-08-20,18.0788,SM001003
2015-08-21,17.922,SM001003
2015-08-24,16.864,SM001003
2015-08-25,17.0194,SM001003
2015-08-26,16.8294,SM001003
2015-08-27,17.1685,SM001003
2015-08-28,17.2865,SM001003
2015-08-31,17.2204,SM001003
2015-09-01,16.8292,SM001003
2015-09-02,16.6798,SM001003
2015-09-03,16.9114,SM001003
2015-09-04,16.549,SM001003
2015-09-07,16.3445,SM001003
2015-09-08,16.623,SM001003
2015-09-09,16.9032,SM001003
2015-09-10,16.8385,SM001003
2015-09-11,16.841,SM001003
2015-09-14,17.02,SM001003
2015-09-15,16.9267,SM001003
2015-09-16,17.0778,SM001003
2015-09-18,17.255,SM001003
2015-09-21,17.2466,SM001003
2015-09-22,16.8865,SM001003
2015-09-23,16.957,SM001003
2015-09-24,17.0012,SM001003
2015-09-28,16.8345,SM001003
2015-09-29,16.9422,SM001003
2015-09-30,17.173,SM001003
2015-10-01,17.1691,SM001003
2015-10-05,17.5316,SM001003
2015-10-06,17.6092,SM001003
2015-10-07,17.6594,SM001003
2015-10-08,17.5557,SM001003
2015-10-09,17.6916,SM001003
2015-10-12,17.5981,SM001003
2015-10-13,17.568,SM001003
2015-10-14,17.5136,SM001003
2015-10-15,17.6762,SM001003
2015-10-16,17.8226,SM001003
2015-10-19,17.9045,SM001003
2015-10-20,17.8855,SM001003
2015-10-21,17.8613,SM001003
2015-10-23,17.9553,SM001003
2015-10-26,17.8772,SM001003
2015-10-27,17.8224,SM001003
2015-10-28,17.6932,SM001003
2015-10-29,17.5589,SM001003
2015-10-30,17.4695,SM001003
2015-11-02,17.4414,SM001003
2015-11-03,17.4584,SM001003
2015-11-04,17.4285,SM001003
2015-11-05,17.2595,SM001003
2015-11-06,17.2445,SM001003
2015-11-09,17.1752,SM001003
2015-11-10,16.9066,SM001003
2015-11-13,16.8717,SM001003
2015-11-16,16.9577,SM001003
2015-11-17,17.0209,SM001003
2015-11-18,16.8051,SM001003
2015-11-19,17.0355,SM001003
2015-11-20,17.0636,SM001003
2015-11-21,17.0636,SM001003
2015-11-23,17.0543,SM001003
2015-11-24,17.0155,SM001003
2015-11-26,17.1195,SM001003
2015-11-27,17.2376,SM001003
2015-11-30,17.2315,SM001003
2015-12-01,17.2675,SM001003
2015-12-02,17.2169,SM001003
2015-12-03,17.0849,SM001003
2015-12-04,16.9156,SM001003
2015-12-07,16.879,SM001003
2015-12-08,16.7531,SM001003
2015-12-09,16.5472,SM001003
2015-12-10,16.6912,SM001003
2015-12-11,16.5316,SM001003
2015-12-14,16.5985,SM001003
2015-12-15,16.7245,SM001003
2015-12-16,16.8318,SM001003
2015-12-17,17.0277,SM001003
2015-12-18,16.8485,SM001003
2015-12-21,17.0041,SM001003
2015-12-22,16.9103,SM001003
2015-12-23,17.0716,SM001003
2015-12-28,17.2048,SM001003
2015-12-29,17.2097,SM001003
2015-12-30,17.1349,SM001003
2015-12-31,17.2351,SM001003
2016-01-01,17.2787,SM001003
2016-01-04,16.917,SM001003
2016-01-05,16.8915,SM001003
2016-01-06,16.7967,SM001003
2016-01-07,16.4091,SM001003
2016-01-08,16.4816,SM001003
2016-01-11,16.4113,SM001003
2016-01-12,16.2928,SM001003
2016-01-13,16.4117,SM001003
2016-01-14,16.334,SM001003
2016-01-15,16.1266,SM001003
2016-01-18,15.9268,SM001003
2016-01-19,16.1082,SM001003
2016-01-20,15.8405,SM001003
2016-01-21,15.7567,SM001003
2016-01-22,16.1082,SM001003
2016-01-25,16.1249,SM001003
2016-01-27,16.1391,SM001003
2016-01-28,16.1022,SM001003
2016-01-29,16.399,SM001003
2016-02-01,16.3708,SM001003
2016-02-02,16.1508,SM001003
2016-02-03,15.9358,SM001003
2016-02-04,16.0159,SM001003
2016-02-05,16.2098,SM001003
2016-02-08,16.0179,SM001003
2016-02-09,15.798,SM001003
2016-02-10,15.6381,SM001003
2016-02-11,15.1367,SM001003
2016-02-12,15.1679,SM001003
2016-02-15,15.6083,SM001003
2016-02-16,15.3479,SM001003
2016-02-17,15.4686,SM001003
2016-02-18,15.6255,SM001003
2016-02-22,15.7198,SM001003
2016-02-23,15.4553,SM001003
2016-02-24,15.2692,SM001003
2016-02-25,15.1336,SM001003
2016-02-26,15.2619,SM001003
2016-02-29,15.1727,SM001003
2016-03-01,15.6946,SM001003
2016-03-02,16.0166,SM001003
2016-03-03,16.2628,SM001003
2016-03-04,16.3032,SM001003
2016-03-08,16.2783,SM001003
2016-03-09,16.3991,SM001003
2016-03-10,16.3111,SM001003
2016-03-11,16.3513,SM001003
2016-03-14,16.4398,SM001003
2016-03-15,16.2926,SM001003
2016-03-16,16.3687,SM001003
2016-03-17,16.4064,SM001003
2016-03-18,16.5847,SM001003
2016-03-21,16.8049,SM001003
2016-03-22,16.8246,SM001003
2016-03-23,16.8282,SM001003
2016-03-28,16.5969,SM001003
2016-03-29,16.5757,SM001003
2016-03-30,16.8785,SM001003
2016-03-31,16.8822,SM001003
2016-04-04,16.9112,SM001003
2016-04-05,16.5776,SM001003
2016-04-06,16.5989,SM001003
2016-04-07,16.4658,SM001003
2016-04-11,16.7164,SM001003
2016-04-12,16.8153,SM001003
2016-04-13,17.1161,SM001003
2016-04-18,17.2391,SM001003
2016-04-20,17.2399,SM001003
2016-04-21,17.2685,SM001003
2016-04-22,17.2945,SM001003
2016-04-25,17.1959,SM001003
2016-04-26,17.4168,SM001003
2016-04-27,17.4236,SM001003
2016-04-28,17.1388,SM001003
2016-04-29,17.1453,SM001003
2016-05-02,17.0805,SM001003
2016-05-03,16.9545,SM001003
2016-05-04,16.856,SM001003
2016-05-05,16.9324,SM001003
2016-05-06,16.9301,SM001003
2016-05-09,17.1995,SM001003
2016-05-10,17.2469,SM001003
2016-05-11,17.1746,SM001003
2016-05-12,17.2898,SM001003
2016-05-13,17.1211,SM001003
2016-05-16,17.1819,SM001003
2016-05-17,17.2708,SM001003
2016-05-18,17.2268,SM001003
2016-05-19,17.0449,SM001003
2016-05-20,16.9552,SM001003
2016-05-23,16.8958,SM001003
2016-05-24,16.948,SM001003
2016-05-25,17.3474,SM001003
2016-05-26,17.6717,SM001003
2016-05-27,17.8775,SM001003
2016-05-30,17.9546,SM001003
2016-05-31,17.9508,SM001003
2016-06-01,17.9467,SM001003
2016-06-02,18.0389,SM001003
2016-06-03,18.057,SM001003
2016-06-06,18.0064,SM001003
2016-06-07,18.1544,SM001003
2016-06-08,18.2008,SM001003
2016-06-09,18.1109,SM001003
2016-06-10,18.0238,SM001003
2016-06-13,17.8965,SM001003
2016-06-14,17.8902,SM001003
2016-06-15,18.1252,SM001003
2016-06-16,17.9919,SM001003
2016-06-17,18.0431,SM001003
2016-06-18,18.0431,SM001003
2016-06-20,18.1987,SM001003
2016-06-21,18.1648,SM001003
2016-06-22,18.1278,SM001003
2016-06-23,18.2864,SM001003
2016-06-24,17.8914,SM001003
2016-06-27,17.9244,SM001003
2016-06-28,17.9911,SM001003
2016-06-29,18.1659,SM001003
2016-06-30,18.3628,SM001003
2016-07-01,18.4616,SM001003
2016-07-04,18.5729,SM001003
2016-07-05,18.4922,SM001003
2016-07-07,18.4769,SM001003
2016-07-08,18.4672,SM001003
2016-07-11,18.7655,SM001003
2016-07-12,18.8833,SM001003
2016-07-13,18.852,SM001003
2016-07-14,18.9671,SM001003
2016-07-15,18.9476,SM001003
2016-07-18,18.8935,SM001003
2016-07-19,18.9457,SM001003
2016-07-20,19.0239,SM001003
2016-07-21,18.8849,SM001003
2016-07-22,18.9623,SM001003
2016-07-25,19.1732,SM001003
2016-07-26,19.0732,SM001003
2016-07-27,19.1388,SM001003
2016-07-28,19.2357,SM001003
2016-07-29,19.204,SM001003
2016-08-01,19.2177,SM001003
2016-08-02,19.193,SM001003
2016-08-03,19.0153,SM001003
2016-08-04,19.0404,SM001003
2016-08-05,19.3721,SM001003
2016-08-08,19.4554,SM001003
2016-08-09,19.3775,SM001003
2016-08-10,19.1196,SM001003
2016-08-11,19.129,SM001003
2016-08-12,19.3352,SM001003
2016-08-16,19.2656,SM001003
2016-08-18,19.3753,SM001003
2016-08-19,19.3666,SM001003
2016-08-22,19.2612,SM001003
2016-08-23,19.274,SM001003
2016-08-24,19.3088,SM001003
2016-08-25,19.1921,SM001003
2016-08-26,19.1435,SM001003
2016-08-29,19.2223,SM001003
2016-08-30,19.5011,SM001003
2016-08-31,19.5998,SM001003
2016-09-01,19.5942,SM001003
2016-09-02,19.6699,SM001003
2016-09-06,19.9961,SM001003
2016-09-07,19.9797,SM001003
2016-09-08,20.094,SM001003
2016-09-09,19.9127,SM001003
2016-09-12,19.5751,SM001003
2016-09-14,19.6231,SM001003
2016-09-15,19.6296,SM001003
2016-09-16,19.7282,SM001003
2016-09-19,19.7951,SM001003
2016-09-20,19.7155,SM001003
2016-09-21,19.7032,SM001003
2016-09-22,19.9003,SM001003
2016-09-23,19.8151,SM001003
2016-09-26,19.5899,SM001003
2016-09-27,19.5519,SM001003
2016-09-28,19.641,SM001003
2016-09-29,19.287,SM001003
2016-09-30,19.3777,SM001003
2016-10-03,19.6931,SM001003
2016-10-04,19.7392,SM001003
2016-10-05,19.6953,SM001003
2016-10-06,19.6075,SM001003
2016-10-07,19.6193,SM001003
2016-10-10,19.6255,SM001003
2016-10-13,19.3419,SM001003
2016-10-14,19.3965,SM001003
2016-10-17,19.2398,SM001003
2016-10-18,19.5576,SM001003
2016-10-19,19.5376,SM001003
2016-10-20,19.5982,SM001003
2016-10-21,19.5965,SM001003
2016-10-24,19.6432,SM001003
2016-10-25,19.5976,SM001003
2016-10-26,19.4182,SM001003
2016-10-27,19.3855,SM001003
2016-10-28,19.4795,SM001003
2016-11-01,19.4607,SM001003
2016-11-02,19.2135,SM001003
2016-11-03,19.1222,SM001003
2016-11-04,18.991,SM001003
2016-11-07,19.1495,SM001003
2016-11-08,19.2437,SM001003
2016-11-10,19.2809,SM001003
2016-11-11,18.758,SM001003
2016-11-15,18.3054,SM001003
2016-11-16,18.362,SM001003
2016-11-17,18.3013,SM001003
2016-11-18,18.308,SM001003
2016-11-21,17.934,SM001003
2016-11-22,18.1058,SM001003
2016-11-23,18.1966,SM001003
2016-11-24,18.0553,SM001003
2016-11-25,18.3537,SM001003
2016-11-28,18.366,SM001003
2016-11-29,18.4144,SM001003
2016-11-30,18.6107,SM001003
2016-12-01,18.5314,SM001003
2016-12-02,18.282,SM001003
2016-12-05,18.4026,SM001003
2016-12-06,18.4126,SM001003
2016-12-07,18.3231,SM001003
2016-12-08,18.6637,SM001003
2016-12-09,18.6935,SM001003
2016-12-13,18.5908,SM001003
2016-12-14,18.4883,SM001003
2016-12-15,18.4491,SM001003
2016-12-16,18.4302,SM001003
2016-12-19,18.344,SM001003
2016-12-20,18.2851,SM001003
2016-12-21,18.2496,SM001003
2016-12-22,18.0594,SM001003
2016-12-23,18.0801,SM001003
2016-12-26,17.8914,SM001003
2016-12-27,18.1518,SM001003
2016-12-28,18.1666,SM001003
2016-12-29,18.3212,SM001003
2016-12-30,18.4941,SM001003
2017-01-02,18.5092,SM001003
2017-01-03,18.5494,SM001003
2017-01-04,18.5407,SM001003
2017-01-05,18.7341,SM001003
2017-01-06,18.6553,SM001003
2017-01-09,18.6385,SM001003
2017-01-10,18.7274,SM001003
2017-01-11,18.9563,SM001003
2017-01-12,19.0065,SM001003
2017-01-13,18.9953,SM001003
2017-01-16,19.0395,SM001003
2017-01-17,19.026,SM001003
2017-01-18,19.0844,SM001003
2017-01-19,19.1104,SM001003
2017-01-20,18.8996,SM001003
2017-01-23,18.9798,SM001003
2017-01-24,19.1681,SM001003
2017-01-25,19.4198,SM001003
2017-01-27,19.5098,SM001003
2017-01-30,19.5055,SM001003
2017-01-31,19.3269,SM001003
2017-02-01,19.6975,SM001003
2017-02-02,19.7277,SM001003
2017-02-03,19.7501,SM001003
2017-02-06,19.8761,SM001003
2017-02-07,19.805,SM001003
2017-02-08,19.8063,SM001003
2017-02-09,19.8398,SM001003
2017-02-10,19.861,SM001003
2017-02-13,19.8695,SM001003
2017-02-14,19.7926,SM001003
2017-02-15,19.6266,SM001003
2017-02-16,19.7822,SM001003
2017-02-17,19.8788,SM001003
2017-02-20,20.0037,SM001003
2017-02-22,20.1003,SM001003
2017-02-23,20.1102,SM001003
2017-02-27,19.9993,SM001003
2017-02-28,19.9588,SM001003
2017-03-01,20.0829,SM001003
2017-03-02,19.967,SM001003
2017-03-03,19.967,SM001003
2017-03-06,20.1163,SM001003
2017-03-07,20.0806,SM001003
2017-03-08,20.0346,SM001003
2017-03-09,20.0641,SM001003
2017-03-10,20.0632,SM001003
2017-03-14,20.3873,SM001003
2017-03-15,20.3891,SM001003
2017-03-16,20.536,SM001003
2017-03-17,20.5225,SM001003
2017-03-20,20.4598,SM001003
2017-03-21,20.44,SM001003
2017-03-22,20.2606,SM001003
2017-03-23,20.3893,SM001003
2017-03-24,20.4356,SM001003
2017-03-27,20.3228,SM001003
2017-03-29,20.506,SM001003
2017-03-30,20.5549,SM001003
2017-03-31,20.5668,SM001003
2017-04-03,20.7183,SM001003
2017-04-05,20.8047,SM001003
2017-04-06,20.7992,SM001003
2017-04-07,20.6535,SM001003
2017-04-10,20.648,SM001003
2017-04-11,20.7655,SM001003
2017-04-12,20.6948,SM001003
2017-04-13,20.5948,SM001003
2017-04-17,20.5656,SM001003
2017-04-18,20.4972,SM001003
2017-04-19,20.5006,SM001003
2017-04-20,20.5846,SM001003
2017-04-21,20.5217,SM001003
2017-04-24,20.7334,SM001003
2017-04-25,20.9362,SM001003
2017-04-26,21.0127,SM001003
2017-04-27,20.9781,SM001003
2017-04-28,20.9521,SM001003
2017-05-02,20.9626,SM001003
2017-05-03,20.9665,SM001003
2017-05-04,21.063,SM001003
2017-05-05,20.895,SM001003
2017-05-08,20.9725,SM001003
2017-05-09,20.9845,SM001003
2017-05-11,21.2111,SM001003
2017-05-12,21.1553,SM001003
2017-05-15,21.2418,SM001003
2017-05-16,21.375,SM001003
2017-05-17,21.3989,SM001003
2017-05-18,21.1569,SM001003
2017-05-19,21.1557,SM001003
2017-05-22,21.1238,SM001003
2017-05-23,21.0074,SM001003
2017-05-24,20.9351,SM001003
2017-05-25,21.2287,SM001003
2017-05-26,21.4011,SM001003
2017-05-29,21.4004,SM001003
2017-05-30,21.473,SM001003
2017-05-31,21.5262,SM001003
2017-06-01,21.557,SM001003
2017-06-02,21.6108,SM001003
2017-06-05,21.6503,SM001003
2017-06-06,21.5601,SM001003
2017-06-07,21.6519,SM001003
2017-06-08,21.6274,SM001003
2017-06-09,21.6572,SM001003
2017-06-12,21.5362,SM001003
2017-06-13,21.5206,SM001003
2017-06-14,21.5582,SM001003
2017-06-15,21.4901,SM001003
2017-06-16,21.5187,SM001003
2017-06-19,21.6375,SM001003
2017-06-20,21.6357,SM001003
2017-06-21,21.5997,SM001003
2017-06-22,21.5992,SM001003
2017-06-23,21.4674,SM001003
2017-06-27,21.3294,SM001003
2017-06-28,21.2841,SM001003
2017-06-29,21.2956,SM001003
2017-06-30,21.3718,SM001003
2017-07-03,21.553,SM001003
2017-07-04,21.5231,SM001003
2017-07-05,21.6006,SM001003
2017-07-06,21.6807,SM001003
2017-07-07,21.6659,SM001003
2017-07-10,21.892,SM001003
2017-07-11,21.914,SM001003
2017-07-12,21.9921,SM001003
2017-07-13,22.1549,SM001003
2017-07-14,22.1644,SM001003
2017-07-17,22.2458,SM001003
2017-07-18,22.119,SM001003
2017-07-19,22.305,SM001003
2017-07-20,22.2149,SM001003
2017-07-21,22.2862,SM001003
2017-07-24,22.3676,SM001003
2017-07-25,22.3286,SM001003
2017-07-26,22.425,SM001003
2017-07-27,22.3985,SM001003
2017-07-28,22.3481,SM001003
2017-07-31,22.4802,SM001003
2017-08-01,22.5541,SM001003
2017-08-02,22.4736,SM001003
2017-08-03,22.351,SM001003
2017-08-04,22.4619,SM001003
2017-08-07,22.4711,SM001003
2017-08-08,22.2788,SM001003
2017-08-09,22.0666,SM001003
2017-08-10,21.8221,SM001003
2017-08-11,21.6231,SM001003
2017-08-14,21.815,SM001003
2017-08-16,22.0317,SM001003
2017-08-18,21.8914,SM001003
2017-08-21,21.7016,SM001003
2017-08-22,21.712,SM001003
2017-08-23,21.8978,SM001003
2017-08-24,21.9558,SM001003
2017-08-28,22.0517,SM001003
2017-08-29,21.8329,SM001003
2017-08-30,21.9907,SM001003
2017-08-31,22.0509,SM001003
2017-09-01,22.2048,SM001003
2017-09-04,22.0691,SM001003
2017-09-05,22.1588,SM001003
2017-09-06,22.0688,SM001003
2017-09-07,22.1092,SM001003
2017-09-08,22.0927,SM001003
2017-09-11,22.2595,SM001003
2017-09-12,22.4629,SM001003
2017-09-13,22.4361,SM001003
2017-09-14,22.4828,SM001003
2017-09-15,22.4662,SM001003
2017-09-18,22.6136,SM001003
2017-09-19,22.6247,SM001003
2017-09-20,22.5735,SM001003
2017-09-21,22.5334,SM001003
2017-09-22,22.2168,SM001003
2017-09-25,22.0012,SM001003
2017-09-26,21.9922,SM001003
2017-09-27,21.6865,SM001003
2017-09-28,21.7861,SM001003
2017-09-29,21.8514,SM001003
2017-10-03,21.9869,SM001003
2017-10-04,22.1003,SM001003
2017-10-05,22.0608,SM001003
2017-10-06,22.2418,SM001003
2017-10-09,22.2499,SM001003
2017-10-10,22.3195,SM001003
2017-10-11,22.2283,SM001003
2017-10-12,22.4348,SM001003
2017-10-13,22.5358,SM001003
2017-10-16,22.6602,SM001003
2017-10-17,22.6523,SM001003
2017-10-18,22.5778,SM001003
2017-10-23,22.5459,SM001003
2017-10-24,22.5884,SM001003
2017-10-25,22.9668,SM001003
2017-10-26,23.0468,SM001003
2017-10-27,23.0648,SM001003
2017-10-30,23.1679,SM001003
2017-10-31,23.1197,SM001003
2017-11-01,23.317,SM001003
2017-11-02,23.3024,SM001003
2017-11-03,23.3674,SM001003
2017-11-06,23.3939,SM001003
2017-11-07,23.1511,SM001003
2017-11-08,23.078,SM001003
2017-11-09,23.0718,SM001003
2017-11-10,23.151,SM001003
2017-11-13,22.9691,SM001003
2017-11-14,22.8972,SM001003
2017-11-15,22.7619,SM001003
2017-11-16,22.9493,SM001003
2017-11-17,23.0855,SM001003
2017-11-20,23.0959,SM001003
2017-11-21,23.1538,SM001003
2017-11-22,23.1978,SM001003
2017-11-23,23.2155,SM001003
2017-11-24,23.2995,SM001003
2017-11-27,23.3406,SM001003
2017-11-28,23.2822,SM001003
2017-11-29,23.2694,SM001003
2017-11-30,22.985,SM001003
2017-12-04,22.7634,SM001003
2017-12-05,22.7355,SM001003
2017-12-06,22.589,SM001003
2017-12-07,22.8878,SM001003
2017-12-08,23.0925,SM001003
2017-12-11,23.2278,SM001003
2017-12-12,23.0475,SM001003
2017-12-13,22.9342,SM001003
2017-12-14,23.0441,SM001003
2017-12-15,23.1818,SM001003
2017-12-18,23.3163,SM001003
2017-12-19,23.5462,SM001003
2017-12-20,23.5189,SM001003
2017-12-21,23.5153,SM001003
2017-12-22,23.6071,SM001003
2017-12-26,23.6739,SM001003
2017-12-27,23.5951,SM001003
2017-12-28,23.5366,SM001003
2017-12-29,23.6745,SM001003
2018-01-01,23.4978,SM001003
2018-01-02,23.5088,SM001003
2018-01-03,23.5006,SM001003
2018-01-04,23.6303,SM001003
2018-01-05,23.7294,SM001003
2018-01-08,23.8836,SM001003
2018-01-09,23.9114,SM001003
2018-01-10,23.8842,SM001003
2018-01-11,23.919,SM001003
2018-01-12,23.976,SM001003
2018-01-15,24.0596,SM001003
2018-01-16,23.9539,SM001003
2018-01-17,24.1625,SM001003
2018-01-18,24.2041,SM001003
2018-01-19,24.3269,SM001003
2018-01-22,24.4762,SM001003
2018-01-23,24.7312,SM001003
2018-01-24,24.7394,SM001003
2018-01-25,24.6331,SM001003
2018-01-29,24.7384,SM001003
2018-01-30,24.5985,SM001003
2018-01-31,24.5139,SM001003
2018-02-01,24.501,SM001003
2018-02-02,23.9477,SM001003
2018-02-05,23.8158,SM001003
2018-02-06,23.4199,SM001003
2018-02-07,23.4126,SM001003
2018-02-08,23.6962,SM001003
2018-02-09,23.4616,SM001003
2018-02-12,23.6344,SM001003
2018-02-14,23.5113,SM001003
2018-02-15,23.5614,SM001003
2018-02-16,23.3457,SM001003
2018-02-20,23.1217,SM001003
2018-02-21,23.1821,SM001003
2018-02-22,23.1344,SM001003
2018-02-23,23.3585,SM001003
2018-02-26,23.5973,SM001003
2018-02-27,23.5155,SM001003
2018-02-28,23.413,SM001003
2018-03-01,23.3413,SM001003
2018-03-05,23.1523,SM001003
2018-03-06,22.9083,SM001003
2018-03-07,22.7311,SM001003
2018-03-08,22.9043,SM001003
2018-03-09,22.857,SM001003
2018-03-12,23.2264,SM001003
2018-03-13,23.2553,SM001003
2018-03-14,23.256,SM001003
2018-03-15,23.1538,SM001003
2018-03-16,22.8432,SM001003
2018-03-19,22.6432,SM001003
2018-03-20,22.7088,SM001003
2018-03-21,22.7595,SM001003
2018-03-22,22.6385,SM001003
2018-03-23,22.4197,SM001003
2018-03-26,22.7063,SM001003
2018-03-27,22.8336,SM001003
2018-03-28,22.6907,SM001003
2018-03-31,22.6907,SM001003
2018-04-03,23.0361,SM001003
2018-04-04,22.8024,SM001003
2018-04-05,23.2147,SM001003
2018-04-06,23.2318,SM001003
2018-04-09,23.3176,SM001003
2018-04-10,23.3675,SM001003
2018-04-11,23.3834,SM001003
2018-04-12,23.4611,SM001003
2018-04-13,23.4809,SM001003
2018-04-16,23.582,SM001003
2018-04-17,23.6189,SM001003
2018-04-18,23.5635,SM001003
2018-04-19,23.6321,SM001003
2018-04-20,23.6401,SM001003
2018-04-23,23.7403,SM001003
2018-04-24,23.777,SM001003
2018-04-25,23.6935,SM001003
2018-04-26,23.7655,SM001003
2018-04-27,23.934,SM001003
2018-05-02,23.9603,SM001003
2018-05-03,23.8311,SM001003
2018-05-04,23.6944,SM001003
2018-05-07,23.9207,SM001003
2018-05-08,23.9271,SM001003
2018-05-09,23.9407,SM001003
2018-05-10,23.8591,SM001003
2018-05-11,24.0235,SM001003
2018-05-14,24.0192,SM001003
2018-05-15,23.9611,SM001003
2018-05-16,23.852,SM001003
2018-05-17,23.7255,SM001003
2018-05-18,23.5123,SM001003
2018-05-21,23.3516,SM001003
2018-05-22,23.4428,SM001003
2018-05-23,23.3027,SM001003
2018-05-24,23.4404,SM001003
2018-05-25,23.6513,SM001003
2018-05-28,23.8672,SM001003
2018-05-29,23.752,SM001003
2018-05-30,23.6982,SM001003
2018-05-31,23.916,SM001003
2018-06-01,23.8403,SM001003
2018-06-04,23.7155,SM001003
2018-06-05,23.6205,SM001003
2018-06-06,23.8327,SM001003
2018-06-07,24.0156,SM001003
2018-06-08,24.0363,SM001003
2018-06-11,24.0783,SM001003
2018-06-12,24.2221,SM001003
2018-06-13,24.2689,SM001003
2018-06-14,24.1984,SM001003
2018-06-15,24.2054,SM001003
2018-06-18,24.1766,SM001003
2018-06-19,23.97,SM001003
2018-06-20,24.0638,SM001003
2018-06-21,23.9673,SM001003
2018-06-22,24.123,SM001003
2018-06-25,23.9442,SM001003
2018-06-26,23.9624,SM001003
2018-06-27,23.7277,SM001003
2018-06-28,23.5501,SM001003
2018-06-29,23.8158,SM001003
2018-07-02,23.7117,SM001003
2018-07-03,23.837,SM001003
2018-07-04,23.9655,SM001003
2018-07-05,23.9467,SM001003
2018-07-06,24.0261,SM001003
2018-07-09,24.2007,SM001003
2018-07-10,24.3732,SM001003
2018-07-11,24.3224,SM001003
2018-07-12,24.431,SM001003
2018-07-13,24.3603,SM001003
2018-07-16,24.1424,SM001003
2018-07-17,24.3263,SM001003
2018-07-18,24.2155,SM001003
2018-07-19,24.1507,SM001003
2018-07-20,24.2601,SM001003
2018-07-23,24.4716,SM001003
2018-07-24,24.6364,SM001003
2018-07-25,24.5748,SM001003
2018-07-26,24.6825,SM001003
2018-07-27,24.9027,SM001003
2018-07-30,25.054,SM001003
2018-07-31,25.1545,SM001003
2018-08-01,25.137,SM001003
2018-08-02,24.9453,SM001003
2018-08-03,25.1713,SM001003
2018-08-06,25.2512,SM001003
2018-08-07,25.2261,SM001003
2018-08-08,25.3229,SM001003
2018-08-09,25.3936,SM001003
2018-08-10,25.2749,SM001003
2018-08-13,25.1544,SM001003
2018-08-14,25.3408,SM001003
2018-08-16,25.2936,SM001003
2018-08-20,25.6876,SM001003
2018-08-21,25.7562,SM001003
2018-08-23,25.8079,SM001003
2018-08-24,25.7276,SM001003
2018-08-27,26.001,SM001003
2018-08-28,26.0518,SM001003
2018-08-29,25.9803,SM001003
2018-08-30,25.9832,SM001003
2018-08-31,26.0651,SM001003
2018-09-03,25.813,SM001003
2018-09-04,25.5912,SM001003
2018-09-05,25.4957,SM001003
2018-09-06,25.6157,SM001003
2018-09-07,25.7652,SM001003
2018-09-10,25.452,SM001003
2018-09-11,25.1328,SM001003
2018-09-12,25.2838,SM001003
2018-09-14,25.5678,SM001003
2018-09-17,25.3096,SM001003
2018-09-18,25.0668,SM001003
2018-09-19,24.9949,SM001003
2018-09-21,24.7788,SM001003
2018-09-24,24.3651,SM001003
2018-09-25,24.6279,SM001003
2018-09-26,24.5455,SM001003
2018-09-27,24.3684,SM001003
2018-09-28,24.2517,SM001003
2018-10-01,24.383,SM001003
2018-10-03,24.0066,SM001003
2018-10-04,23.5476,SM001003
2018-10-05,22.9487,SM001003
2018-10-08,23.0242,SM001003
2018-10-09,22.8755,SM001003
2018-10-10,23.2272,SM001003
2018-10-11,22.7799,SM001003
2018-10-12,23.2595,SM001003
2018-10-15,23.3334,SM001003
2018-10-16,23.5138,SM001003
2018-10-17,23.2643,SM001003
2018-10-19,22.9841,SM001003
2018-10-22,22.8689,SM001003
2018-10-23,22.635,SM001003
2018-10-24,22.7357,SM001003
2018-10-25,22.5377,SM001003
2018-10-26,22.3248,SM001003
2018-10-29,22.8453,SM001003
2018-10-30,22.787,SM001003
2018-10-31,23.2109,SM001003
2018-11-01,23.1917,SM001003
2018-11-02,23.5683,SM001003
2018-11-05,23.5375,SM001003
2018-11-06,23.5287,SM001003
2018-11-09,23.6791,SM001003
2018-11-12,23.4551,SM001003
2018-11-13,23.6546,SM001003
2018-11-14,23.6277,SM001003
2018-11-15,23.7198,SM001003
2018-11-16,23.84,SM001003
2018-11-19,24.0191,SM001003
2018-11-20,23.7971,SM001003
2018-11-22,23.576,SM001003
2018-11-26,23.8027,SM001003
2018-11-27,23.9208,SM001003
2018-11-28,23.9488,SM001003
2018-11-29,24.1753,SM001003
2018-11-30,24.2394,SM001003
2018-12-03,24.2362,SM001003
2018-12-04,24.2036,SM001003
2018-12-05,23.9534,SM001003
2018-12-06,23.5449,SM001003
2018-12-07,23.7457,SM001003
2018-12-10,23.3223,SM001003
2018-12-11,23.5014,SM001003
2018-12-12,23.9256,SM001003
2018-12-13,24.101,SM001003
2018-12-14,24.138,SM001003
2018-12-17,24.2859,SM001003
2018-12-18,24.3368,SM001003
2018-12-19,24.488,SM001003
2018-12-20,24.4425,SM001003
2018-12-21,24.0183,SM001003
2018-12-24,23.8478,SM001003
2018-12-26,23.9747,SM001003
2018-12-27,24.0465,SM001003
2018-12-28,24.2214,SM001003
2018-12-31,24.2464,SM001003
2019-01-01,24.3166,SM001003
2019-01-02,24.0682,SM001003
2019-01-03,23.8227,SM001003
2019-01-04,23.9344,SM001003
2019-01-07,24.0341,SM001003
2019-01-08,24.1304,SM001003
2019-01-09,24.24,SM001003
2019-01-10,24.1895,SM001003
2019-01-11,24.1171,SM001003
2019-01-14,23.9988,SM001003
2019-01-15,24.2607,SM001003
2019-01-16,24.279,SM001003
2019-01-17,24.3011,SM001003
2019-01-18,24.2295,SM001003
2019-01-21,24.2928,SM001003
2019-01-22,24.221,SM001003
2019-01-23,24.0349,SM001003
2019-01-24,24.0545,SM001003
2019-01-25,23.8155,SM001003
2019-01-28,23.6102,SM001003
2019-01-29,23.6082,SM001003
2019-01-30,23.6661,SM001003
2019-01-31,24.0497,SM001003
2019-02-01,24.1961,SM001003
2019-02-04,24.173,SM001003
2019-02-05,24.1974,SM001003
2019-02-06,24.4655,SM001003
2019-02-07,24.5286,SM001003
2019-02-08,24.2222,SM001003
2019-02-11,24.0868,SM001003
2019-02-12,23.9575,SM001003
2019-02-13,23.8209,SM001003
2019-02-14,23.7586,SM001003
2019-02-15,23.6842,SM001003
2019-02-18,23.5289,SM001003
2019-02-20,23.7428,SM001003
2019-02-21,23.8406,SM001003
2019-02-22,23.8857,SM001003
2019-02-25,24.0786,SM001003
2019-02-26,24.0103,SM001003
2019-02-27,24.0061,SM001003
2019-02-28,23.9983,SM001003
2019-03-01,24.1824,SM001003
2019-03-05,24.461,SM001003
2019-03-06,24.5633,SM001003
2019-03-07,24.5895,SM001003
2019-03-08,24.5379,SM001003
2019-03-11,24.8301,SM001003
2019-03-12,25.1038,SM001003
2019-03-13,25.1244,SM001003
2019-03-14,25.1307,SM001003
2019-03-15,25.3112,SM001003
2019-03-18,25.3587,SM001003
2019-03-19,25.5065,SM001003
2019-03-20,25.4382,SM001003
2019-03-22,25.3087,SM001003
2019-03-25,25.0811,SM001003
2019-03-26,25.3263,SM001003
2019-03-27,25.257,SM001003
2019-03-28,25.533,SM001003
2019-03-29,25.6624,SM001003
2019-03-30,25.6624,SM001003
2019-03-31,25.6624,SM001003
2019-04-02,25.8442,SM001003
2019-04-03,25.6509,SM001003
2019-04-04,25.5731,SM001003
2019-04-05,25.6746,SM001003
2019-04-08,25.5776,SM001003
2019-04-09,25.7486,SM001003
2019-04-10,25.5846,SM001003
2019-04-11,25.6076,SM001003
2019-04-12,25.7332,SM001003
2019-04-15,25.8333,SM001003
2019-04-16,26.0418,SM001003
2019-04-18,25.9502,SM001003
2019-04-22,25.6376,SM001003
2019-04-23,25.5601,SM001003
2019-04-24,25.8198,SM001003
2019-04-25,25.6671,SM001003
2019-04-26,25.8944,SM001003
2019-04-30,25.8569,SM001003
2019-05-02,25.736,SM001003
2019-05-03,25.7144,SM001003
2019-05-06,25.5225,SM001003
2019-05-07,25.3078,SM001003
2019-05-08,25.053,SM001003
2019-05-09,24.9553,SM001003
2019-05-10,24.918,SM001003
2019-05-13,24.5838,SM001003
2019-05-14,24.7496,SM001003
2019-05-15,24.5631,SM001003
2019-05-16,24.7611,SM001003
2019-05-17,25.0588,SM001003
2019-05-20,25.9571,SM001003
2019-05-21,25.6489,SM001003
2019-05-22,25.7514,SM001003
2019-05-23,25.6729,SM001003
2019-05-24,26.1405,SM001003
2019-05-27,26.3374,SM001003
2019-05-28,26.3365,SM001003
2019-05-29,26.1572,SM001003
2019-05-30,26.3005,SM001003
2019-05-31,26.242,SM001003
2019-06-03,26.5495,SM001003
2019-06-04,26.4087,SM001003
2019-06-06,26.0082,SM001003
2019-06-07,26.0375,SM001003
2019-06-10,26.1496,SM001003
2019-06-11,26.2466,SM001003
2019-06-12,26.116,SM001003
2019-06-13,26.1394,SM001003
2019-06-14,25.9247,SM001003
2019-06-17,25.6011,SM001003
2019-06-18,25.6639,SM001003
2019-06-19,25.6351,SM001003
2019-06-20,25.9594,SM001003
2019-06-21,25.7499,SM001003
2019-06-24,25.7159,SM001003
2019-06-25,25.9082,SM001003
2019-06-26,26.0039,SM001003
2019-06-27,26.005,SM001003
2019-06-28,25.905,SM001003
2019-07-01,26.0238,SM001003
2019-07-02,26.1033,SM001003
2019-07-03,26.1359,SM001003
2019-07-04,26.2357,SM001003
2019-07-05,25.9495,SM001003
2019-07-08,25.4054,SM001003
2019-07-09,25.4541,SM001003
2019-07-10,25.3289,SM001003
2019-07-11,25.5026,SM001003
2019-07-12,25.4354,SM001003
2019-07-15,25.4918,SM001003
2019-07-16,25.6647,SM001003
2019-07-17,25.7228,SM001003
2019-07-18,25.4728,SM001003
2019-07-19,25.0999,SM001003
2019-07-22,24.9461,SM001003
2019-07-23,25.0166,SM001003
2019-07-24,24.8754,SM001003
2019-07-25,24.8738,SM001003
2019-07-26,24.9501,SM001003
2019-07-29,24.7492,SM001003
2019-07-30,24.5136,SM001003
2019-07-31,24.6186,SM001003
2019-08-01,24.3175,SM001003
2019-08-02,24.3345,SM001003
2019-08-05,24.0553,SM001003
2019-08-06,24.2382,SM001003
2019-08-07,24.0373,SM001003
2019-08-08,24.391,SM001003
2019-08-09,24.5143,SM001003
2019-08-10,24.5143,SM001003
2019-08-13,24.0718,SM001003
2019-08-14,24.29,SM001003
2019-08-16,24.3619,SM001003
2019-08-19,24.3798,SM001003
2019-08-20,24.2992,SM001003
2019-08-21,24.0696,SM001003
2019-08-22,23.727,SM001003
2019-08-23,23.8996,SM001003
2019-08-26,24.3456,SM001003
2019-08-27,24.4726,SM001003
2019-08-28,24.3432,SM001003
2019-08-29,24.1446,SM001003
2019-08-30,24.2852,SM001003
2019-09-03,23.8305,SM001003
2019-09-04,23.9145,SM001003
2019-09-05,23.9801,SM001003
2019-09-06,24.1988,SM001003
2019-09-09,24.3214,SM001003
2019-09-11,24.3879,SM001003
2019-09-12,24.2715,SM001003
2019-09-13,24.4948,SM001003
2019-09-16,24.3581,SM001003
2019-09-17,23.9287,SM001003
2019-09-18,23.9914,SM001003
2019-09-19,23.6961,SM001003
2019-09-20,24.8658,SM001003
2019-09-23,25.5402,SM001003
2019-09-24,25.4883,SM001003
2019-09-25,25.1162,SM001003
2019-09-26,25.4288,SM001003
2019-09-27,25.3049,SM001003
2019-09-30,25.2062,SM001003
2019-10-01,24.94,SM001003
2019-10-03,24.8728,SM001003
2019-10-04,24.5578,SM001003
2019-10-07,24.4087,SM001003
2019-10-09,24.8188,SM001003
2019-10-10,24.6357,SM001003
2019-10-11,24.781,SM001003
2019-10-14,24.8866,SM001003
2019-10-15,25.081,SM001003
2019-10-16,25.1385,SM001003
2019-10-17,25.4145,SM001003
2019-10-18,25.5756,SM001003
2019-10-22,25.4167,SM001003
2019-10-23,25.4887,SM001003
2019-10-24,25.4074,SM001003
2019-10-25,25.4809,SM001003
2019-10-29,25.9188,SM001003
2019-10-30,26.0589,SM001003
2019-10-31,26.1645,SM001003
2019-11-01,26.1752,SM001003
2019-11-04,26.2344,SM001003
2019-11-05,26.1655,SM001003
2019-11-06,26.2847,SM001003
2019-11-07,26.3194,SM001003
2019-11-08,26.0978,SM001003
2019-11-11,26.1459,SM001003
2019-11-13,25.9237,SM001003
2019-11-14,25.973,SM001003
2019-11-15,26.0519,SM001003
2019-11-18,26.0617,SM001003
2019-11-19,26.1738,SM001003
2019-11-20,26.3092,SM001003
2019-11-21,26.1978,SM001003
2019-11-22,26.0747,SM001003
2019-11-25,26.382,SM001003
2019-11-26,26.2963,SM001003
2019-11-27,26.424,SM001003
2019-11-28,26.5627,SM001003
2019-11-29,26.3494,SM001003
2019-12-02,26.3474,SM001003
2019-12-03,26.2175,SM001003
2019-12-04,26.3465,SM001003
2019-12-05,26.2726,SM001003
2019-12-06,26.0483,SM001003
2019-12-09,26.0494,SM001003
2019-12-10,25.8478,SM001003
2019-12-11,25.9587,SM001003
2019-12-12,26.0927,SM001003
2019-12-13,26.3505,SM001003
2019-12-16,26.2868,SM001003
2019-12-17,26.5002,SM001003
2019-12-18,26.5793,SM001003
2019-12-19,26.6667,SM001003
2019-12-20,26.685,SM001003
2019-12-23,26.6662,SM001003
2019-12-24,26.5752,SM001003
2019-12-26,26.3812,SM001003
2019-12-27,26.6527,SM001003
2019-12-30,26.6665,SM001003
2019-12-31,26.504,SM001003
2020-01-01,26.5391,SM001003
2020-01-02,26.7563,SM001003
2020-01-03,26.6481,SM001003
2020-01-06,26.1727,SM001003
2020-01-07,26.2782,SM001003
2020-01-08,26.2251,SM001003
2020-01-09,26.6107,SM001003
2020-01-10,26.7104,SM001003
2020-01-13,26.8939,SM001003
2020-01-14,26.956,SM001003
2020-01-15,26.9295,SM001003
2020-01-16,26.9319,SM001003
2020-01-17,26.9353,SM001003
2020-01-20,26.6959,SM001003
2020-01-21,26.5829,SM001003
2020-01-22,26.4327,SM001003
2020-01-23,26.6399,SM001003
2020-01-24,26.7932,SM001003
2020-01-27,26.5609,SM001003
2020-01-28,26.4247,SM001003
2020-01-29,26.5479,SM001003
2020-01-30,26.3379,SM001003
2020-01-31,26.1881,SM001003
2020-02-03,25.6449,SM001003
2020-02-04,26.1624,SM001003
2020-02-05,26.3795,SM001003
2020-02-06,26.4767,SM001003
2020-02-07,26.4105,SM001003
2020-02-10,26.2343,SM001003
2020-02-11,26.3833,SM001003
2020-02-12,26.5714,SM001003
2020-02-13,26.4972,SM001003
2020-02-14,26.3682,SM001003
2020-02-17,26.2074,SM001003
2020-02-18,26.1303,SM001003
2020-02-20,26.2964,SM001003
2020-02-24,25.7936,SM001003
2020-02-25,25.7348,SM001003
2020-02-26,25.4767,SM001003
2020-02-27,25.3738,SM001003
2020-02-28,24.4848,SM001003
2020-03-02,24.3295,SM001003
2020-03-03,24.7181,SM001003
2020-03-04,24.6273,SM001003
2020-03-05,24.6835,SM001003
2020-03-06,24.1254,SM001003
2020-03-09,23.0372,SM001003
2020-03-11,22.9969,SM001003
2020-03-12,21.121,SM001003
2020-03-13,21.8646,SM001003
2020-03-16,20.3417,SM001003
2020-03-17,19.8773,SM001003
2020-03-18,18.9198,SM001003
2020-03-19,18.5022,SM001003
2020-03-20,19.4662,SM001003
2020-03-23,17.104,SM001003
2020-03-24,17.4887,SM001003
2020-03-26,19.199,SM001003
2020-03-27,19.2754,SM001003
2020-03-30,18.5587,SM001003
2020-03-31,19.2421,SM001003
2020-04-03,18.1406,SM001003
2020-04-07,19.6507,SM001003
2020-04-08,19.5745,SM001003
2020-04-09,20.3397,SM001003
2020-04-13,20.171,SM001003
2020-04-15,20.1029,SM001003
2020-04-16,20.2173,SM001003
2020-04-17,20.8136,SM001003
2020-04-20,20.7464,SM001003
2020-04-21,20.1535,SM001003
2020-04-22,20.5521,SM001003
2020-04-23,20.8241,SM001003
2020-04-24,20.4959,SM001003
2020-04-27,20.7741,SM001003
2020-04-28,20.9317,SM001003
2020-04-29,21.2286,SM001003
2020-04-30,21.831,SM001003
2020-05-04,20.6919,SM001003
2020-05-05,20.4713,SM001003
2020-05-06,20.5893,SM001003
2020-05-08,20.465,SM001003
2020-05-11,20.4408,SM001003
2020-05-12,20.3821,SM001003
2020-05-13,20.796,SM001003
2020-05-14,20.3481,SM001003
2020-05-15,20.3156,SM001003
2020-05-18,19.6524,SM001003
2020-05-19,19.7849,SM001003
2020-05-20,20.1756,SM001003
2020-05-21,20.2894,SM001003
2020-05-22,20.1955,SM001003
2020-05-26,20.1595,SM001003
2020-05-27,20.7373,SM001003
2020-05-28,21.0855,SM001003
2020-05-29,21.3252,SM001003
2020-06-01,21.7799,SM001003
2020-06-02,22.0645,SM001003
2020-06-03,22.2298,SM001003
2020-06-04,22.1773,SM001003
2020-06-05,22.4218,SM001003
2020-06-08,22.5035,SM001003
2020-06-09,22.2607,SM001003
2020-06-10,22.3907,SM001003
2020-06-11,21.9143,SM001003
2020-06-12,22.0477,SM001003
2020-06-15,21.707,SM001003
2020-06-16,21.8699,SM001003
2020-06-17,21.8366,SM001003
2020-06-18,22.2304,SM001003
2020-06-19,22.5413,SM001003
2020-06-22,22.7104,SM001003
2020-06-23,23.0675,SM001003
2020-06-24,22.6894,SM001003
2020-06-25,22.688,SM001003
2020-06-26,22.8828,SM001003
2020-06-29,22.7238,SM001003
2020-06-30,22.7106,SM001003
2020-07-01,22.9578,SM001003
2020-07-02,23.194,SM001003
2020-07-03,23.3263,SM001003
2020-07-06,23.6168,SM001003
2020-07-07,23.6925,SM001003
2020-07-08,23.5018,SM001003
2020-07-09,23.7077,SM001003
2020-07-10,23.6144,SM001003
2020-07-13,23.7062,SM001003
2020-07-14,23.2996,SM001003
2020-07-15,23.3342,SM001003
2020-07-16,23.6137,SM001003
2020-07-17,23.9494,SM001003
2020-07-20,24.1823,SM001003
2020-07-21,24.4798,SM001003
2020-07-22,24.4107,SM001003
2020-07-23,24.5881,SM001003
2020-07-24,24.5152,SM001003
2020-07-27,24.3725,SM001003
2020-07-28,24.7177,SM001003
2020-07-29,24.5766,SM001003
2020-07-30,24.3787,SM001003
2020-07-31,24.3642,SM001003
2020-08-03,24.0122,SM001003
2020-08-04,24.366,SM001003
2020-08-05,24.386,SM001003
2020-08-06,24.5906,SM001003
2020-08-07,24.6214,SM001003
2020-08-10,24.7718,SM001003
2020-08-11,24.8785,SM001003
2020-08-12,24.873,SM001003
2020-08-13,24.8685,SM001003
2020-08-14,24.5963,SM001003
2020-08-17,24.7455,SM001003
2020-08-18,25.0245,SM001003
2020-08-19,25.0729,SM001003
2020-08-20,24.8963,SM001003
2020-08-21,25.019,SM001003
2020-08-24,25.2018,SM001003
2020-08-25,25.2356,SM001003
2020-08-26,25.3797,SM001003
2020-08-27,25.403,SM001003
2020-08-28,25.6155,SM001003
2020-08-31,25.0177,SM001003
2020-09-01,25.1942,SM001003
2020-09-02,25.3272,SM001003
2020-09-03,25.2832,SM001003
2020-09-04,24.8733,SM001003
2020-09-07,24.8923,SM001003
2020-09-08,24.8089,SM001003
2020-09-09,24.7019,SM001003
2020-09-10,25.0468,SM001003
2020-09-11,25.0896,SM001003
2020-09-14,25.0521,SM001003
2020-09-15,25.2386,SM001003
2020-09-16,25.4028,SM001003
2020-09-17,25.2337,SM001003
2020-09-18,25.2444,SM001003
2020-09-21,24.6752,SM001003
2020-09-22,24.4916,SM001003
2020-09-23,24.4168,SM001003
2020-09-24,23.711,SM001003
2020-09-25,24.2668,SM001003
2020-09-28,24.6725,SM001003
2020-09-29,24.597,SM001003
2020-09-30,24.6335,SM001003
2020-10-01,24.9961,SM001003
2020-10-05,25.1617,SM001003
2020-10-06,25.4543,SM001003
2020-10-07,25.5771,SM001003
2020-10-08,25.7775,SM001003
2020-10-09,25.9661,SM001003
2020-10-12,25.9943,SM001003
2020-10-13,26.0001,SM001003
2020-10-14,26.0689,SM001003
2020-10-15,25.4674,SM001003
2020-10-16,25.639,SM001003
2020-10-19,25.8837,SM001003
2020-10-20,25.9369,SM001003
2020-10-21,26.0328,SM001003
2020-10-22,25.9743,SM001003
2020-10-23,26.0843,SM001003
2020-10-26,25.7388,SM001003
2020-10-27,26.0589,SM001003
2020-10-28,25.7515,SM001003
2020-10-29,25.6603,SM001003
2020-11-02,25.672,SM001003
2020-11-03,25.9497,SM001003
2020-11-04,26.144,SM001003
2020-11-05,26.5929,SM001003
2020-11-06,26.8334,SM001003
2020-11-09,27.2322,SM001003
2020-11-10,27.5526,SM001003
2020-11-11,27.8519,SM001003
2020-11-12,27.7289,SM001003
2020-11-13,27.7903,SM001003
2020-11-17,28.0677,SM001003
2020-11-18,28.2318,SM001003
2020-11-19,27.9016,SM001003
2020-11-20,28.09,SM001003
2020-11-23,28.2355,SM001003
2020-11-24,28.5136,SM001003
2020-11-25,28.0843,SM001003
2020-11-26,28.3146,SM001003
2020-11-27,28.279,SM001003
2020-12-01,28.5918,SM001003
2020-12-02,28.6144,SM001003
2020-12-03,28.7124,SM001003
2020-12-04,28.9962,SM001003
2020-12-07,29.22,SM001003
2020-12-08,29.3015,SM001003
2020-12-09,29.5833,SM001003
2020-12-10,29.4859,SM001003
2020-12-11,29.5657,SM001003
2020-12-14,29.7133,SM001003
2020-12-15,29.7011,SM001003
2020-12-16,29.9052,SM001003
2020-12-17,29.9678,SM001003
2020-12-18,30.0455,SM001003
2020-12-21,29.0966,SM001003
2020-12-22,29.4024,SM001003
2020-12-23,29.724,SM001003
2020-12-24,30.0198,SM001003
2020-12-28,30.2748,SM001003
2020-12-29,30.3911,SM001003
2020-12-30,30.4963,SM001003
2020-12-31,30.4713,SM001003
2021-01-01,30.5797,SM001003
2021-01-04,30.837,SM001003
2021-01-05,30.9758,SM001003
2021-01-06,30.8898,SM001003
2021-01-07,30.8903,SM001003
2021-01-08,31.37,SM001003
2021-01-11,31.6709,SM001003
2021-01-12,31.8294,SM001003
2021-01-13,31.9041,SM001003
2021-01-14,31.97,SM001003
2021-01-15,31.609,SM001003
2021-01-18,31.2406,SM001003
2021-01-19,31.7207,SM001003
2021-01-20,31.9742,SM001003
2021-01-21,31.8241,SM001003
2021-01-22,31.4364,SM001003
2021-01-25,31.1895,SM001003
2021-01-27,30.676,SM001003
2021-01-28,30.3878,SM001003
2021-01-29,29.9608,SM001003
2021-02-01,31.2888,SM001003
2021-02-02,32.0582,SM001003
2021-02-03,32.3315,SM001003
2021-02-04,32.6045,SM001003
2021-02-05,32.6266,SM001003
2021-02-08,33.0177,SM001003
2021-02-09,32.989,SM001003
2021-02-10,32.9764,SM001003
2021-02-11,33.089,SM001003
2021-02-12,33.0469,SM001003
2021-02-15,33.3743,SM001003
2021-02-16,33.3488,SM001003
2021-02-17,33.196,SM001003
2021-02-18,33.0689,SM001003
2021-02-22,32.0466,SM001003
2021-02-23,32.0958,SM001003
2021-02-24,32.6439,SM001003
2021-02-25,32.867,SM001003
2021-02-26,31.6909,SM001003
2021-03-01,32.1764,SM001003
2021-03-02,32.5505,SM001003
2021-03-03,33.1631,SM001003
2021-03-04,32.8686,SM001003
2021-03-05,32.5704,SM001003
2021-03-08,32.6487,SM001003
2021-03-09,32.8916,SM001003
2021-03-10,33.0587,SM001003
2021-03-12,32.7469,SM001003
2021-03-15,32.5428,SM001003
2021-03-16,32.544,SM001003
2021-03-17,32.1153,SM001003
2021-03-18,31.7442,SM001003
2021-03-19,32.1143,SM001003
2021-03-22,32.1194,SM001003
2021-03-23,32.2836,SM001003
2021-03-24,31.7319,SM001003
2021-03-25,31.2208,SM001003
2021-03-26,31.5941,SM001003
2021-03-30,32.2474,SM001003
2021-03-31,31.9959,SM001003
2021-04-05,31.8381,SM001003
2021-04-06,31.8801,SM001003
2021-04-07,32.1988,SM001003
2021-04-08,32.2887,SM001003
2021-04-09,32.2132,SM001003
2021-04-12,31.1305,SM001003
2021-04-15,31.6495,SM001003
2021-04-16,31.736,SM001003
2021-04-19,31.1847,SM001003
2021-04-20,31.0872,SM001003
2021-04-22,31.2868,SM001003
2021-04-23,31.1365,SM001003
2021-04-26,31.4306,SM001003
2021-04-27,31.7436,SM001003
2021-04-28,32.177,SM001003
2021-04-29,32.1902,SM001003
2021-04-30,31.6798,SM001003
2021-05-03,31.6778,SM001003
2021-05-04,31.4336,SM001003
2021-05-05,31.7416,SM001003
2021-05-06,31.9299,SM001003
2021-05-07,32.0789,SM001003
2021-05-10,32.3501,SM001003
2021-05-11,32.2014,SM001003
2021-05-12,31.9361,SM001003
2021-05-14,31.9044,SM001003
2021-05-17,32.3812,SM001003
2021-05-18,32.7511,SM001003
2021-05-19,32.6207,SM001003
2021-05-20,32.4044,SM001003
2021-05-21,32.9501,SM001003
2021-05-24,33.0371,SM001003
2021-05-25,33.0828,SM001003
2021-05-27,33.3908,SM001003
2021-05-28,33.5296,SM001003
2021-05-31,33.8733,SM001003
2021-06-01,33.8179,SM001003
2021-06-02,33.8297,SM001003
2021-06-03,34.0814,SM001003
2021-06-04,34.0406,SM001003
2021-06-07,34.248,SM001003
2021-06-08,34.2708,SM001003
2021-06-09,34.0427,SM001003
2021-06-10,34.2976,SM001003
2021-06-11,34.4019,SM001003
2021-06-14,34.4525,SM001003
2021-06-15,34.5943,SM001003
2021-06-16,34.3964,SM001003
2021-06-17,34.2566,SM001003
2021-06-18,34.1955,SM001003
2021-06-21,34.3227,SM001003
2021-06-22,34.3656,SM001003
2021-06-23,34.2036,SM001003
2021-06-24,34.4215,SM001003
2021-06-25,34.5931,SM001003
2021-06-28,34.5043,SM001003
2021-06-29,34.3765,SM001003
2021-06-30,34.3128,SM001003
2021-07-01,34.2553,SM001003
2021-07-02,34.3375,SM001003
2021-07-05,34.5639,SM001003
2021-07-06,34.5162,SM001003
2021-07-07,34.6272,SM001003
2021-07-08,34.3285,SM001003
2021-07-09,34.2281,SM001003
2021-07-12,34.261,SM001003
2021-07-13,34.4937,SM001003
2021-07-14,34.6005,SM001003
2021-07-15,34.7521,SM001003
2021-07-16,34.7456,SM001003
2021-07-19,34.4309,SM001003
2021-07-20,34.2152,SM001003
2021-07-22,34.5916,SM001003
2021-07-23,34.7002,SM001003
2021-07-26,34.6261,SM001003
2021-07-27,34.4254,SM001003
2021-07-28,34.3385,SM001003
2021-07-29,34.414,SM001003
2021-07-30,34.4134,SM001003
2021-08-02,34.6789,SM001003
2021-08-03,35.2119,SM001003
2021-08-04,35.4354,SM001003
2021-08-05,35.4984,SM001003
2021-08-06,35.3735,SM001003
2021-08-09,35.4359,SM001003
2021-08-10,35.4708,SM001003
2021-08-11,35.4422,SM001003
2021-08-12,35.6411,SM001003
2021-08-13,35.9433,SM001003
2021-08-17,36.0709,SM001003
2021-08-18,35.9872,SM001003
2021-08-20,35.7325,SM001003
2021-08-23,35.7928,SM001003
2021-08-24,36.0481,SM001003
2021-08-25,36.0445,SM001003
2021-08-26,36.0383,SM001003
2021-08-27,36.2173,SM001003
2021-08-30,36.7177,SM001003
2021-08-31,37.1447,SM001003
2021-09-01,37.0939,SM001003
2021-09-02,37.4346,SM001003
2021-09-03,37.6072,SM001003
2021-09-06,37.691,SM001003
2021-09-07,37.6457,SM001003
2021-09-08,37.6521,SM001003
2021-09-09,37.6909,SM001003
2021-09-13,37.6443,SM001003
2021-09-14,37.7308,SM001003
2021-09-15,38.0424,SM001003
2021-09-16,38.2955,SM001003
2021-09-17,38.2149,SM001003
2021-09-20,37.8727,SM001003
2021-09-21,38.1549,SM001003
2021-09-22,38.153,SM001003
2021-09-23,38.6919,SM001003
2021-09-24,38.7606,SM001003
2021-09-27,38.7565,SM001003
2021-09-28,38.5543,SM001003
2021-09-29,38.4585,SM001003
2021-09-30,38.2411,SM001003
2021-10-01,38.0184,SM001003
2021-10-04,38.3223,SM001003
2021-10-05,38.641,SM001003
2021-10-06,38.2717,SM001003
2021-10-07,38.6052,SM001003
2021-10-08,38.8048,SM001003
2021-10-11,38.8938,SM001003
2021-10-12,38.9873,SM001003
2021-10-13,39.3112,SM001003
2021-10-14,39.6275,SM001003
2021-10-18,39.8748,SM001003
2021-10-20,39.4486,SM001003
2021-10-21,39.273,SM001003
2021-10-22,39.1238,SM001003
2021-10-25,39.1683,SM001003
2021-10-26,39.5026,SM001003
2021-10-27,39.4312,SM001003
2021-10-28,38.7007,SM001003
2021-10-29,38.3489,SM001003
2021-11-01,38.8992,SM001003
2021-11-02,38.8647,SM001003
2021-11-03,38.7291,SM001003
2021-11-08,39.2934,SM001003
2021-11-09,39.276,SM001003
2021-11-10,39.2374,SM001003
2021-11-11,38.8553,SM001003
2021-11-12,39.295,SM001003
2021-11-15,39.3265,SM001003
2021-11-16,39.1003,SM001003
2021-11-17,38.9062,SM001003
2021-11-18,38.599,SM001003
2021-11-22,37.8747,SM001003
2021-11-23,38.0741,SM001003
2021-11-24,37.8919,SM001003
2021-11-25,38.1277,SM001003
2021-11-26,37.1053,SM001003
2021-11-29,37.1331,SM001003
2021-11-30,37.0312,SM001003
2021-12-01,37.3446,SM001003
2021-12-02,37.783,SM001003
2021-12-03,37.3629,SM001003
2021-12-06,36.73,SM001003
2021-12-07,37.2694,SM001003
2021-12-08,37.889,SM001003
2021-12-09,38.0068,SM001003
2021-12-10,38.0571,SM001003
2021-12-13,37.7794,SM001003
2021-12-14,37.7022,SM001003
2021-12-15,37.514,SM001003
2021-12-16,37.5365,SM001003
2021-12-17,36.9749,SM001003
2021-12-20,36.2128,SM001003
2021-12-21,36.5396,SM001003
2021-12-22,36.9334,SM001003
2021-12-23,37.2014,SM001003
2021-12-24,37.0502,SM001003
2021-12-27,37.2323,SM001003
2021-12-28,37.5614,SM001003
2021-12-29,37.5199,SM001003
2021-12-30,37.5155,SM001003
2021-12-31,37.8299,SM001003
2022-01-03,38.363,SM001003
2022-01-04,38.7213,SM001003
2022-01-05,38.9732,SM001003
2022-01-06,38.6463,SM001003
2022-01-07,38.7747,SM001003
2022-01-10,39.1951,SM001003
2022-01-11,39.271,SM001003
2022-01-12,39.6026,SM001003
2022-01-13,39.6721,SM001003
2022-01-14,39.6619,SM001003
2022-01-17,39.7691,SM001003
2022-01-18,39.3637,SM001003
2022-01-19,39.0207,SM001003
2022-01-20,38.6878,SM001003
2022-01-21,38.3603,SM001003
2022-01-24,37.4166,SM001003
2022-01-25,37.7454,SM001003
2022-01-27,37.4247,SM001003
2022-01-28,37.3867,SM001003
2022-01-31,37.9231,SM001003
2022-02-01,38.3921,SM001003
2022-02-02,38.7932,SM001003
2022-02-03,38.3877,SM001003
2022-02-04,38.28,SM001003
2022-02-08,37.758,SM001003
2022-02-09,38.1661,SM001003
2022-02-10,38.4322,SM001003
2022-02-11,37.918,SM001003
2022-02-14,36.7952,SM001003
2022-02-15,37.8762,SM001003
2022-02-16,37.7944,SM001003
2022-02-17,37.7051,SM001003
2022-02-18,37.6298,SM001003
2022-02-21,37.4962,SM001003
2022-02-22,37.2425,SM001003
2022-02-23,37.202,SM001003
2022-02-24,35.4767,SM001003
2022-02-25,36.3217,SM001003
2022-02-28,36.5856,SM001003
2022-03-02,36.1521,SM001003
2022-03-03,35.8385,SM001003
2022-03-04,35.2886,SM001003
2022-03-07,34.3803,SM001003
2022-03-08,34.7274,SM001003
2022-03-09,35.4164,SM001003
2022-03-10,35.9498,SM001003
2022-03-11,36.0351,SM001003
2022-03-14,36.5465,SM001003
2022-03-15,36.1675,SM001003
2022-03-16,36.8334,SM001003
2022-03-17,37.4321,SM001003
2022-03-21,37.0111,SM001003
2022-03-22,37.3748,SM001003
2022-03-23,37.2088,SM001003
2022-03-24,37.1694,SM001003
2022-03-25,37.03,SM001003
2022-03-28,37.1789,SM001003
2022-03-29,37.3808,SM001003
2022-03-30,37.7977,SM001003
2022-03-31,37.7555,SM001003
2022-04-04,38.877,SM001003
2022-04-05,38.7426,SM001003
2022-04-06,38.4902,SM001003
2022-04-07,38.2312,SM001003
2022-04-08,38.5114,SM001003
2022-04-11,38.3058,SM001003
2022-04-12,38.0272,SM001003
2022-04-13,37.9274,SM001003
2022-04-18,37.3638,SM001003
2022-04-19,36.9166,SM001003
2022-04-20,37.2631,SM001003
2022-04-21,37.7693,SM001003
2022-04-22,37.2983,SM001003
2022-04-25,36.8336,SM001003
2022-04-26,37.361,SM001003
2022-04-27,37.0128,SM001003
2022-04-28,37.4545,SM001003
2022-04-29,37.0907,SM001003
2022-05-02,36.9708,SM001003
2022-05-04,36.1551,SM001003
2022-05-05,36.1671,SM001003
2022-05-06,35.6171,SM001003
2022-05-09,35.3643,SM001003
2022-05-10,35.2344,SM001003
2022-05-11,35.1068,SM001003
2022-05-12,34.402,SM001003
2022-05-13,34.3663,SM001003
2022-05-17,35.3824,SM001003
2022-05-18,35.3349,SM001003
2022-05-19,34.4149,SM001003
2022-05-20,35.3317,SM001003
2022-05-23,35.3026,SM001003
2022-05-24,35.1013,SM001003
2022-05-25,34.8701,SM001003
2022-05-26,35.2106,SM001003
2022-05-27,35.5749,SM001003
2022-05-30,36.232,SM001003
2022-05-31,36.1458,SM001003
2022-06-01,35.9662,SM001003
2022-06-02,36.1617,SM001003
2022-06-03,35.9993,SM001003
2022-06-06,35.9384,SM001003
2022-06-07,35.5996,SM001003
2022-06-08,35.4591,SM001003
2022-06-09,35.72,SM001003
2022-06-10,35.24,SM001003
2022-06-13,34.3511,SM001003
2022-06-14,34.3007,SM001003
2022-06-15,34.2816,SM001003
2022-06-16,33.5925,SM001003
2022-06-17,33.4071,SM001003
2022-06-20,33.4808,SM001003
2022-06-21,34.0938,SM001003
2022-06-22,33.6464,SM001003
2022-06-23,33.9792,SM001003
2022-06-24,34.2767,SM001003
2022-06-27,34.5704,SM001003
2022-06-28,34.5993,SM001003
2022-06-29,34.4515,SM001003
2022-06-30,34.4213,SM001003
2022-07-01,34.44,SM001003
2022-07-04,34.6758,SM001003
2022-07-05,34.6278,SM001003
2022-07-06,35.0379,SM001003
2022-07-07,35.3381,SM001003
2022-07-08,35.5433,SM001003
2022-07-11,35.5307,SM001003
2022-07-12,35.2003,SM001003
2022-07-13,35.0549,SM001003
2022-07-14,35.0283,SM001003
2022-07-15,35.251,SM001003
2022-07-18,35.7784,SM001003
2022-07-19,35.9248,SM001003
2022-07-20,36.2499,SM001003
2022-07-21,36.5045,SM001003
2022-07-22,36.7169,SM001003
2022-07-25,36.5628,SM001003
2022-07-26,36.2088,SM001003
2022-07-27,36.5441,SM001003
2022-07-28,37.1131,SM001003
2022-07-29,37.5656,SM001003
2022-08-01,37.9676,SM001003
2022-08-02,37.9699,SM001003
2022-08-03,38.0063,SM001003
2022-08-04,38.0077,SM001003
2022-08-05,38.0506,SM001003
2022-08-08,38.3166,SM001003
2022-08-10,38.3277,SM001003
2022-08-11,38.6231,SM001003
2022-08-12,38.7081,SM001003
2022-08-17,39.2246,SM001003
2022-08-18,39.2841,SM001003
2022-08-19,38.8877,SM001003
2022-08-22,38.2882,SM001003
2022-08-23,38.4807,SM001003
2022-08-24,38.5642,SM001003
2022-08-25,38.4238,SM001003
2022-08-26,38.5046,SM001003
2022-08-29,38.0093,SM001003
2022-08-30,38.9357,SM001003
2022-09-01,38.5533,SM001003
2022-09-02,38.537,SM001003
2022-09-05,38.7677,SM001003
2022-09-06,38.7703,SM001003
2022-09-07,38.749,SM001003
2022-09-08,39.1044,SM001003
2022-09-09,39.1841,SM001003
2022-09-12,39.4558,SM001003
2022-09-13,39.736,SM001003
2022-09-14,39.6418,SM001003
2022-09-15,39.3868,SM001003
2022-09-16,38.6309,SM001003
2022-09-19,38.8247,SM001003
2022-09-20,39.2705,SM001003
2022-09-21,39.0362,SM001003
2022-09-22,38.8791,SM001003
2022-09-23,38.2195,SM001003
2022-09-26,37.5234,SM001003
2022-09-27,37.5176,SM001003
2022-09-28,37.2466,SM001003
2022-09-29,37.1967,SM001003
2022-09-30,37.7741,SM001003
2022-10-03,37.3343,SM001003
2022-10-04,38.1393,SM001003
2022-10-06,38.2865,SM001003
2022-10-07,38.2498,SM001003
2022-10-10,38.1126,SM001003
2022-10-11,37.558,SM001003
2022-10-12,37.8593,SM001003
2022-10-13,37.5984,SM001003
2022-10-14,37.9098,SM001003
2022-10-17,38.2143,SM001003
2022-10-18,38.6015,SM001003
2022-10-19,38.6206,SM001003
2022-10-20,38.6957,SM001003
2022-10-21,38.7627,SM001003
2022-10-25,38.9925,SM001003
2022-10-27,39.2172,SM001003
2022-10-28,39.2849,SM001003
2022-10-31,39.7601,SM001003
2022-11-01,40.0024,SM001003
2022-11-02,39.8614,SM001003
2022-11-03,39.8256,SM001003
2022-11-04,39.8944,SM001003
2022-11-07,40.0764,SM001003
2022-11-09,39.9568,SM001003
2022-11-10,39.6507,SM001003
2022-11-11,40.2078,SM001003
2022-11-14,40.177,SM001003
2022-11-15,40.3435,SM001003
2022-11-16,40.3193,SM001003
2022-11-17,40.1766,SM001003
2022-11-18,40.0765,SM001003
2022-11-21,39.8214,SM001003
2022-11-22,39.9917,SM001003
2022-11-23,40.0723,SM001003
2022-11-24,40.4876,SM001003
2022-11-25,40.5679,SM001003
2022-11-28,40.6983,SM001003
2022-11-29,40.8123,SM001003
2022-11-30,41.1128,SM001003
2022-12-01,41.2479,SM001003
2022-12-02,41.0673,SM001003
2022-12-05,41.0537,SM001003
2022-12-06,40.9136,SM001003
2022-12-07,40.7933,SM001003
2022-12-08,40.9427,SM001003
2022-12-09,40.7224,SM001003
2022-12-12,40.7177,SM001003
2022-12-13,40.9391,SM001003
2022-12-14,41.0537,SM001003
2022-12-15,40.5674,SM001003
2022-12-16,40.1943,SM001003
2022-12-19,40.5121,SM001003
2022-12-20,40.4305,SM001003
2022-12-21,40.0201,SM001003
2022-12-22,39.8688,SM001003
2022-12-23,39.1474,SM001003
2022-12-26,39.6226,SM001003
2022-12-27,39.8606,SM001003
2022-12-28,39.8293,SM001003
2022-12-29,39.9448,SM001003
2022-12-30,39.7882,SM001003
2023-01-02,39.984,SM001003
2023-01-03,40.0802,SM001003
2023-01-04,39.7154,SM001003
2023-01-05,39.6469,SM001003
2023-01-06,39.3746,SM001003
2023-01-09,39.8598,SM001003
2023-01-10,39.51,SM001003
2023-01-11,39.4345,SM001003
2023-01-12,39.3553,SM001003
2023-01-13,39.5283,SM001003
2023-01-16,39.414,SM001003
2023-01-17,39.7091,SM001003
2023-01-18,39.9198,SM001003
2023-01-19,39.7929,SM001003
2023-01-20,39.605,SM001003
2023-01-23,39.7893,SM001003
2023-01-24,39.759,SM001003
2023-01-25,39.2331,SM001003
2023-01-27,38.6498,SM001003
2023-01-30,38.7201,SM001003
2023-01-31,38.8499,SM001003
2023-02-01,38.7588,SM001003
2023-02-02,38.8638,SM001003
2023-02-03,39.3453,SM001003
2023-02-06,39.2477,SM001003
2023-02-07,39.1369,SM001003
2023-02-08,39.3786,SM001003
2023-02-09,39.4406,SM001003
2023-02-10,39.3928,SM001003
2023-02-13,39.1834,SM001003
2023-02-14,39.4618,SM001003
2023-02-15,39.6675,SM001003
2023-02-16,39.7326,SM001003
2023-02-17,39.5274,SM001003
2023-02-20,39.3291,SM001003
2023-02-21,39.2972,SM001003
2023-02-22,38.7592,SM001003
2023-02-23,38.6657,SM001003
2023-02-24,38.6024,SM001003
2023-02-27,38.4449,SM001003
2023-02-28,38.285,SM001003
2023-03-01,38.6112,SM001003
2023-03-02,38.3466,SM001003
2023-03-03,38.8792,SM001003
2023-03-06,39.1028,SM001003
2023-03-08,39.2067,SM001003
2023-03-09,38.87,SM001003
2023-03-10,38.5342,SM001003
2023-03-13,37.9532,SM001003
2023-03-14,37.7666,SM001003
2023-03-15,37.6225,SM001003
2023-03-16,37.6972,SM001003
2023-03-17,37.9361,SM001003
2023-03-20,37.693,SM001003
2023-03-21,37.9446,SM001003
2023-03-23,37.8896,SM001003
2023-03-24,37.6155,SM001003
2023-03-27,37.6665,SM001003
2023-03-28,37.573,SM001003
2023-03-29,37.8612,SM001003
2023-03-31,38.4381,SM001003
2023-04-03,38.5337,SM001003
2023-04-05,38.7795,SM001003
2023-04-06,38.8729,SM001003
2023-04-10,38.8992,SM001003
2023-04-11,39.1132,SM001003
2023-04-12,39.2759,SM001003
2023-04-13,39.3318,SM001003
2023-04-17,39.1612,SM001003
2023-04-18,39.1113,SM001003
2023-04-19,38.9871,SM001003
2023-04-20,39.034,SM001003
2023-04-21,39.0031,SM001003
2023-04-24,39.2156,SM001003
2023-04-25,39.3172,SM001003
2023-04-26,39.449,SM001003
2023-04-27,39.6496,SM001003
2023-04-28,39.9768,SM001003
2023-05-02,40.145,SM001003
2023-05-03,40.059,SM001003
2023-05-04,40.3681,SM001003
2023-05-08,40.5225,SM001003
2023-05-09,40.5157,SM001003
2023-05-10,40.6256,SM001003
2023-05-11,40.6267,SM001003
2023-05-12,40.6784,SM001003
2023-05-15,40.8709,SM001003
2023-05-16,40.7501,SM001003
2023-05-17,40.5342,SM001003
2023-05-18,40.3864,SM001003
2023-05-19,40.5286,SM001003
2023-05-22,40.7323,SM001003
2023-05-23,40.7692,SM001003
2023-05-24,40.6762,SM001003
2023-05-25,40.7669,SM001003
2023-05-26,41.1467,SM001003
2023-05-29,41.3628,SM001003
2023-05-30,41.4216,SM001003
2023-05-31,41.3378,SM001003
2023-06-01,41.2631,SM001003
2023-06-02,41.4052,SM001003
2023-06-05,41.56,SM001003
2023-06-06,41.6021,SM001003
2023-06-07,41.8832,SM001003
2023-06-08,41.6755,SM001003
2023-06-09,41.5377,SM001003
2023-06-12,41.6155,SM001003
2023-06-13,41.8732,SM001003
2023-06-14,41.9462,SM001003
2023-06-15,41.8415,SM001003
2023-06-16,42.1644,SM001003
2023-06-19,42.047,SM001003
2023-06-20,42.1456,SM001003
2023-06-21,42.189,SM001003
2023-06-22,41.9812,SM001003
2023-06-23,41.7666,SM001003
2023-06-26,41.8454,SM001003
2023-06-27,42.0967,SM001003
2023-06-28,42.3989,SM001003
2023-06-30,42.8692,SM001003
2023-07-03,43.1083,SM001003
2023-07-04,43.2099,SM001003
2023-07-05,43.2824,SM001003
2023-07-06,43.5114,SM001003
2023-07-07,43.1525,SM001003
2023-07-10,43.1611,SM001003
2023-07-11,43.3763,SM001003
2023-07-12,43.3029,SM001003
2023-07-13,43.304,SM001003
2023-07-14,43.616,SM001003
2023-07-17,43.9213,SM001003
2023-07-18,43.9664,SM001003
2023-07-19,44.1864,SM001003
2023-07-20,44.4935,SM001003
2023-07-21,44.0773,SM001003
2023-07-24,43.9841,SM001003
2023-07-25,44.0006,SM001003
2023-07-26,44.1983,SM001003
2023-07-27,44.0732,SM001003
2023-07-28,44.1212,SM001003
2023-07-31,44.3728,SM001003
2023-08-01,44.3278,SM001003
2023-08-02,43.8518,SM001003
2023-08-03,43.5676,SM001003
2023-08-04,43.846,SM001003
2023-08-07,43.9926,SM001003
2023-08-08,43.9775,SM001003
2023-08-09,44.1467,SM001003
2023-08-10,43.9208,SM001003
2023-08-11,43.7296,SM001003
2023-08-14,43.6857,SM001003
2023-08-17,43.5922,SM001003
2023-08-18,43.4624,SM001003
2023-08-21,43.6723,SM001003
2023-08-22,43.7293,SM001003
2023-08-23,43.8835,SM001003
2023-08-24,43.8078,SM001003
2023-08-25,43.5314,SM001003
2023-08-28,43.677,SM001003
2023-08-29,43.746,SM001003
2023-08-30,43.7862,SM001003
2023-08-31,43.5836,SM001003
2023-09-01,43.95,SM001003
2023-09-04,44.1462,SM001003
2023-09-05,44.2607,SM001003
2023-09-06,44.3589,SM001003
2023-09-07,44.5908,SM001003
2023-09-08,44.8241,SM001003
2023-09-11,45.1939,SM001003
2023-09-12,45.0147,SM001003
2023-09-13,45.1963,SM001003
2023-09-14,45.3224,SM001003
2023-09-15,45.4965,SM001003
2023-09-18,45.4369,SM001003
2023-09-20,44.9936,SM001003
2023-09-21,44.6136,SM001003
2023-09-22,44.5222,SM001003
2023-09-25,44.5463,SM001003
2023-09-26,44.5116,SM001003
2023-09-27,44.6585,SM001003
2023-09-28,44.2213,SM001003
2023-10-03,44.3705,SM001003
2023-10-04,44.0563,SM001003
2023-10-05,44.2677,SM001003
2023-10-06,44.5174,SM001003
2023-10-09,44.198,SM001003
2023-10-10,44.5789,SM001003
2023-10-11,44.8192,SM001003
2023-10-12,44.7732,SM001003
2023-10-13,44.7038,SM001003
2023-10-16,44.6876,SM001003
2023-10-17,44.8707,SM001003
2023-10-18,44.5348,SM001003
2023-10-19,44.4422,SM001003
2023-10-20,44.2049,SM001003
2023-10-23,43.6467,SM001003
2023-10-25,43.3323,SM001003
2023-10-26,42.7679,SM001003
2023-10-27,43.2401,SM001003
2023-10-30,43.4296,SM001003
2023-10-31,43.3033,SM001003
2023-11-01,43.1275,SM001003
2023-11-02,43.5325,SM001003
2023-11-03,43.7512,SM001003
2023-11-06,44.1205,SM001003
2023-11-07,44.1472,SM001003
2023-11-08,44.2452,SM001003
2023-11-09,44.1621,SM001003
2023-11-10,44.2441,SM001003
2023-11-13,44.2738,SM001003
2023-11-15,44.7387,SM001003
2023-11-16,44.9413,SM001003
2023-11-17,44.8836,SM001003
2023-11-20,44.7959,SM001003
2023-11-21,44.9554,SM001003
2023-11-22,45.0291,SM001003
2023-11-23,44.9984,SM001003
2023-11-24,44.967,SM001003
2023-11-28,45.1355,SM001003
2023-11-29,45.5832,SM001003
2023-11-30,45.7558,SM001003
2023-12-01,46.1148,SM001003
2023-12-04,47.033,SM001003
2023-12-05,47.3165,SM001003
2023-12-06,47.4521,SM001003
2023-12-07,47.4193,SM001003
2023-12-08,47.5664,SM001003
2023-12-11,47.6812,SM001003
2023-12-12,47.4306,SM001003
2023-12-13,47.5607,SM001003
2023-12-14,48.0769,SM001003
2023-12-15,48.6026,SM001003
2023-12-18,48.6112,SM001003
2023-12-19,48.6898,SM001003
2023-12-20,47.9008,SM001003
2023-12-21,48.1508,SM001003
2023-12-22,48.3738,SM001003
2023-12-26,48.5786,SM001003
2023-12-27,49.0095,SM001003
2023-12-28,49.2898,SM001003
2023-12-29,49.2353,SM001003
2024-01-01,49.2393,SM001003
2024-01-02,49.0553,SM001003
2024-01-03,48.8871,SM001003
2024-01-04,49.2687,SM001003
2024-01-05,49.3374,SM001003
2024-01-08,48.8383,SM001003
2024-01-09,48.8784,SM001003
2024-01-10,48.978,SM001003
2024-01-11,49.0776,SM001003
2024-01-12,49.544,SM001003
2024-01-15,49.9643,SM001003
2024-01-16,49.8202,SM001003
2024-01-17,48.9476,SM001003
2024-01-18,48.8016,SM001003
2024-01-19,49.2357,SM001003
2024-01-23,48.3908,SM001003
2024-01-24,48.9223,SM001003
2024-01-25,48.748,SM001003
2024-01-29,49.5579,SM001003
2024-01-30,49.1052,SM001003
2024-01-31,49.5739,SM001003
2024-02-01,49.574,SM001003
2024-02-02,49.9058,SM001003
2024-02-05,49.7189,SM001003
2024-02-06,50.0577,SM001003
2024-02-07,50.1357,SM001003
2024-02-08,49.8188,SM001003
2024-02-09,49.9416,SM001003
2024-02-12,49.4135,SM001003
2024-02-13,49.7251,SM001003
2024-02-14,50.0434,SM001003
2024-02-15,50.2936,SM001003
2024-02-16,50.5922,SM001003
2024-02-20,50.9866,SM001003
2024-02-21,50.7164,SM001003
2024-02-22,51.1008,SM001003
2024-02-23,51.1123,SM001003
2024-02-26,50.9323,SM001003
2024-02-27,51.0867,SM001003
2024-02-28,50.5206,SM001003
2024-02-29,50.6581,SM001003
2024-03-01,51.4121,SM001003
2024-03-04,51.58,SM001003
2024-03-05,51.5075,SM001003
2024-03-06,51.7131,SM001003
2024-03-07,51.7736,SM001003
2024-03-11,51.4467,SM001003
2024-03-12,51.2908,SM001003
2024-03-13,50.3976,SM001003
2024-03-14,50.7859,SM001003
2024-03-15,50.47,SM001003
2024-03-18,50.5659,SM001003
2024-03-19,50.0239,SM001003
2024-03-20,50.1028,SM001003
2024-03-21,50.631,SM001003
2024-03-22,50.8672,SM001003
2024-03-26,50.7735,SM001003
2024-03-27,51.0189,SM001003
2024-03-28,51.5028,SM001003
2024-03-31,51.5031,SM001003
2024-04-02,51.9358,SM001003
2024-04-03,51.9261,SM001003
2024-04-04,52.0022,SM001003
2024-04-05,52.0205,SM001003
2024-04-08,52.3459,SM001003
2024-04-10,52.5282,SM001003
2024-04-12,52.0394,SM001003
2024-04-15,51.4849,SM001003
2024-04-16,51.2481,SM001003
2024-04-18,50.9591,SM001003
2024-04-19,51.1977,SM001003
2024-04-22,51.6944,SM001003
2024-04-23,51.7834,SM001003
2024-04-24,51.9538,SM001003
2024-04-25,52.3433,SM001003
2024-04-26,52.1035,SM001003
2024-04-29,52.603,SM001003
2024-04-30,52.5788,SM001003
2024-05-02,52.7487,SM001003
2024-05-03,52.4124,SM001003
2024-05-06,52.3227,SM001003
2024-05-07,51.9719,SM001003
2024-05-08,52.1099,SM001003
2024-05-09,51.3165,SM001003
2024-05-10,51.6185,SM001003
2024-05-13,51.7533,SM001003
2024-05-14,52.0612,SM001003
2024-05-15,52.1414,SM001003
2024-05-16,52.5715,SM001003
2024-05-17,52.7932,SM001003
2024-05-21,53.0006,SM001003
2024-05-22,53.1779,SM001003
2024-05-24,53.93,SM001003
2024-05-27,53.9929,SM001003
2024-05-28,53.8384,SM001003
2024-05-29,53.4529,SM001003
2024-05-30,52.9327,SM001003
2024-05-31,53.062,SM001003
2024-06-03,54.877,SM001003
2024-06-04,51.4201,SM001003
2024-06-05,53.0895,SM001003
2024-06-06,53.7033,SM001003
2024-06-07,54.7778,SM001003
2024-06-10,54.7799,SM001003
2024-06-11,54.8385,SM001003
2024-06-12,55.0803,SM001003
2024-06-13,55.2879,SM001003
2024-06-14,55.5398,SM001003
2024-06-18,55.6838,SM001003
2024-06-19,55.4507,SM001003
2024-06-20,55.5819,SM001003
2024-06-21,55.4167,SM001003
2024-06-24,55.593,SM001003
2024-06-25,55.8446,SM001003
2024-06-26,56.0918,SM001003
2024-06-27,56.4421,SM001003
2024-06-28,56.3825,SM001003
2024-07-01,56.6694,SM001003
2024-07-02,56.5147,SM001003
2024-07-03,56.8916,SM001003
2024-07-04,57.0022,SM001003
2024-07-05,57.2189,SM001003
2024-07-08,57.2192,SM001003
2024-07-09,57.5084,SM001003
2024-07-10,57.273,SM001003
2024-07-11,57.3149,SM001003
2024-07-12,57.5654,SM001003
2024-07-15,57.8463,SM001003
2024-07-16,57.816,SM001003
2024-07-18,58.0807,SM001003
2024-07-19,57.2668,SM001003
2024-07-22,57.4548,SM001003
2024-07-23,57.2802,SM001003
2024-07-24,57.2058,SM001003
2024-07-25,57.1836,SM001003
2024-07-26,58.1578,SM001003
2024-07-29,58.3562,SM001003
2024-07-30,58.3326,SM001003
2024-07-31,58.5429,SM001003
2024-08-01,58.5512,SM001003
2024-08-02,57.8449,SM001003
2024-08-05,56.246,SM001003
2024-08-06,56.0303,SM001003
2024-08-07,57.0165,SM001003
2024-08-08,56.624,SM001003
2024-08-09,57.1033,SM001003
2024-08-12,56.9765,SM001003
2024-08-13,56.531,SM001003
2024-08-14,56.507,SM001003
2024-08-16,57.3918,SM001003
2024-08-19,57.455,SM001003
2024-08-20,57.7543,SM001003
2024-08-21,57.8613,SM001003
2024-08-22,58.0116,SM001003
2024-08-23,58.0478,SM001003
2024-08-26,58.455,SM001003
2024-08-27,58.4549,SM001003
2024-08-28,58.5139,SM001003
2024-08-29,58.5947,SM001003
2024-08-30,58.7665,SM001003
2024-09-02,58.7015,SM001003
2024-09-03,58.7505,SM001003
2024-09-04,58.6953,SM001003
2024-09-05,58.6036,SM001003
2024-09-06,57.8832,SM001003
2024-09-09,58.0159,SM001003
2024-09-10,58.2845,SM001003
2024-09-11,58.1004,SM001003
2024-09-12,59.1056,SM001003
2024-09-13,58.977,SM001003
2024-09-16,59.0375,SM001003
2024-09-17,59.1036,SM001003
2024-09-19,58.8711,SM001003
2024-09-20,59.61,SM001003
2024-09-23,59.9822,SM001003
2024-09-24,60.0567,SM001003
2024-09-25,60.0007,SM001003
2024-09-26,60.1441,SM001003
2024-09-27,60.0902,SM001003
2024-09-30,59.2593,SM001003
2024-10-01,59.2894,SM001003
2024-10-03,58.1657,SM001003
2024-10-04,57.6245,SM001003
2024-10-07,56.8548,SM001003
2024-10-08,57.611,SM001003
2024-10-09,57.8713,SM001003
2024-10-10,57.7346,SM001003
2024-10-11,57.7556,SM001003
2024-10-14,57.9158,SM001003
2024-10-15,57.9435,SM001003
2024-10-16,58.0387,SM001003
2024-10-17,57.2841,SM001003
2024-10-18,57.5201,SM001003
2024-10-21,57.1264,SM001003
2024-10-22,56.3171,SM001003
2024-10-23,56.1642,SM001003
2024-10-24,56.0091,SM001003
2024-10-25,55.6242,SM001003
2024-10-28,55.8453,SM001003
2024-10-29,56.1759,SM001003
2024-10-30,55.8976,SM001003
2024-10-31,55.5688,SM001003
2024-11-04,55.1791,SM001003
2024-11-05,55.5605,SM001003
2024-11-06,56.4258,SM001003
2024-11-07,55.8584,SM001003
2024-11-08,55.6644,SM001003
2024-11-11,55.6547,SM001003
2024-11-12,54.9519,SM001003
2024-11-13,54.125,SM001003
2024-11-14,54.2133,SM001003
2024-11-18,54.0567,SM001003
2024-11-19,54.2538,SM001003
2024-11-21,53.9707,SM001003
2024-11-22,54.9652,SM001003
2024-11-25,55.9144,SM001003
2024-11-26,55.8314,SM001003
2024-11-27,56.0184,SM001003
2024-11-28,55.5357,SM001003
2024-11-29,55.9487,SM001003
2024-12-02,56.3693,SM001003
2024-12-03,56.7555,SM001003
2024-12-04,56.9559,SM001003
2024-12-05,57.4121,SM001003
2024-12-06,57.4275,SM001003
2024-12-09,57.3264,SM001003
2024-12-10,57.3882,SM001003
2024-12-11,57.4077,SM001003
2024-12-12,57.1468,SM001003
2024-12-13,57.4881,SM001003
2024-12-16,57.5432,SM001003
2024-12-17,56.8372,SM001003
2024-12-18,56.5464,SM001003
2024-12-19,56.1751,SM001003
2024-12-20,55.1088,SM001003
2024-12-23,55.434,SM001003
2024-12-24,55.3016,SM001003
2024-12-26,55.4359,SM001003
2024-12-27,55.4233,SM001003
2024-12-30,55.2238,SM001003
2024-12-31,55.2711,SM001003
2025-01-01,55.4223,SM001003
2025-01-02,56.1704,SM001003
2025-01-03,55.7473,SM001003
2025-01-06,54.6775,SM001003
2025-01-07,54.717,SM001003
2025-01-08,54.4137,SM001003
2025-01-09,53.937,SM001003
2025-01-10,53.2513,SM001003
2025-01-13,51.9948,SM001003
2025-01-14,52.4295,SM001003
2025-01-15,52.6647,SM001003
2025-01-16,52.9991,SM001003
2025-01-17,52.967,SM001003
2025-01-20,53.2168,SM001003
2025-01-21,52.2265,SM001003
2025-01-22,52.2423,SM001003
2025-01-23,52.6217,SM001003
2025-01-24,52.1372,SM001003
2025-01-27,51.3894,SM001003
2025-01-28,51.4708,SM001003
2025-01-29,52.1639,SM001003
2025-01-30,52.0761,SM001003
2025-01-31,52.5542,SM001003
2025-02-03,52.3107,SM001003
2025-02-04,53.0812,SM001003
2025-02-05,53.0414,SM001003
2025-02-06,52.6955,SM001003
2025-02-07,52.6719,SM001003
2025-02-10,52.1271,SM001003
2025-02-11,51.1406,SM001003
2025-02-12,51.0504,SM001003
2025-02-13,51.106,SM001003
2025-02-14,50.4972,SM001003
2025-02-17,50.5704,SM001003
2025-02-18,50.516,SM001003
2025-02-20,50.844,SM001003
2025-02-21,50.4658,SM001003
2025-02-24,50.0092,SM001003
2025-02-25,49.8557,SM001003
2025-02-27,49.6373,SM001003
2025-02-28,48.7093,SM001003
2025-03-03,48.9654,SM001003
2025-03-04,49.0103,SM001003
2025-03-05,49.7594,SM001003
2025-03-06,50.2317,SM001003
2025-03-07,50.1195,SM001003
2025-03-10,49.7999,SM001003
2025-03-11,49.9717,SM001003
2025-03-12,49.8615,SM001003
2025-03-13,49.7102,SM001003
2025-03-17,50.0777,SM001003
2025-03-18,50.986,SM001003
2025-03-19,51.5216,SM001003
2025-03-20,51.9767,SM001003
2025-03-21,52.3849,SM001003
2025-03-24,53.0387,SM001003
2025-03-25,52.7902,SM001003
2025-03-26,52.4401,SM001003
2025-03-27,52.8017,SM001003
2025-03-28,52.5902,SM001003
2025-03-31,52.5907,SM001003
2025-04-02,52.1933,SM001003
2025-04-03,52.1632,SM001003
2025-04-04,51.2389,SM001003
2025-04-07,49.8074,SM001003
2025-04-08,50.6233,SM001003
2025-04-09,50.2934,SM001003
2025-04-11,51.1817,SM001003
2025-04-15,52.3648,SM001003
2025-04-16,52.6428,SM001003
2025-04-17,53.5192,SM001003
2025-04-19,53.5191,SM001003
2025-04-21,54.1861,SM001003
2025-04-22,54.2976,SM001003
2025-04-23,54.6613,SM001003
2025-04-24,54.4416,SM001003
2025-04-25,53.6404,SM001003
2025-04-28,54.2807,SM001003
2025-04-29,54.1527,SM001003
2025-04-30,54.0008,SM001003
2025-05-02,53.8329,SM001003
2025-05-05,54.2516,SM001003
2025-05-06,53.658,SM001003
2025-05-07,53.88,SM001003
2025-05-08,53.2755,SM001003
2025-05-09,52.7972,SM001003
2025-05-13,54.3264,SM001003
2025-05-14,54.5601,SM001003
2025-05-15,55.2362,SM001003
2025-05-16,55.3507,SM001003
2025-05-19,55.2818,SM001003
2025-05-20,54.597,SM001003
2025-05-21,55.0066,SM001003
2025-05-22,54.6195,SM001003
2025-05-23,55.0027,SM001003
2025-05-26,55.2,SM001003
2025-05-27,54.9294,SM001003
2025-05-28,54.8585,SM001003
2025-05-29,55.0881,SM001003
2025-05-30,54.9436,SM001003
2025-06-02,54.9947,SM001003
2025-06-03,54.624,SM001003
2025-06-04,54.8799,SM001003
2025-06-06,55.753,SM001003
2025-06-09,56.0539,SM001003
2025-06-10,56.0151,SM001003
2025-06-11,55.9731,SM001003
2025-06-12,55.3533,SM001003
2025-06-13,54.9998,SM001003
2025-06-16,55.5162,SM001003
2025-06-17,55.3639,SM001003
2025-06-18,55.2364,SM001003
2025-06-19,54.8821,SM001003
2025-06-20,55.6547,SM001003
2025-06-23,55.4963,SM001003
2025-06-24,55.7301,SM001003
2025-06-25,56.1155,SM001003
2025-06-26,56.6075,SM001003
2025-06-27,56.8796,SM001003
2025-06-30,56.8642,SM001003
2025-07-01,56.8518,SM001003
2025-07-02,56.7163,SM001003
2025-07-03,56.5385,SM001003
2025-07-04,56.7963,SM001003
2025-07-07,56.7567,SM001003
2025-07-08,56.8979,SM001003
2025-07-09,56.9217,SM001003
2025-07-10,56.673,SM001003
2025-07-11,56.2767,SM001003
2025-07-14,56.2947,SM001003
2025-07-15,56.6104,SM001003
2025-07-16,56.6543,SM001003
2025-07-17,56.5738,SM001003
2025-07-18,56.3278,SM001003
2025-07-21,56.6492,SM001003
2025-07-22,56.5553,SM001003
2025-07-23,56.8016,SM001003
2025-07-24,56.5505,SM001003
2025-07-25,56.0561,SM001003
2025-07-28,55.6616,SM001003
2025-07-29,56.0614,SM001003
2025-07-30,56.2602,SM001003
2025-07-31,56.0299,SM001003
2025-08-01,55.4666,SM001003
2025-08-04,55.8963,SM001003
2025-08-05,55.7704,SM001003
2025-08-06,55.5058,SM001003
2025-08-07,55.5725,SM001003
2025-08-08,54.9844,SM001003
2025-08-11,55.4772,SM001003
2025-08-12,55.3223,SM001003
2025-08-14,55.6219,SM001003
2025-08-18,56.261,SM001003
2025-08-19,56.5726,SM001003
2025-08-20,56.8074,SM001003
2025-08-21,56.8675,SM001003
2025-08-22,56.5816,SM001003
2025-08-25,56.7269,SM001003
2025-08-26,56.0199,SM001003
2025-08-28,55.3879,SM001003
2025-08-29,55.2231,SM001003
2025-09-01,55.7789,SM001003
2025-09-02,55.7793,SM001003
2025-09-03,56.1209,SM001003
2025-09-04,56.0684,SM001003
2025-09-05,56.0402,SM001003
2025-09-09,56.2451,SM001003
2025-09-10,56.5011,SM001003
2025-09-11,56.6617,SM001003
2025-09-12,56.8491,SM001003
2025-09-15,56.9025,SM001003
2025-09-16,57.2633,SM001003
2025-09-17,57.4825,SM001003
2025-09-18,57.6659,SM001003
2025-09-19,57.5503,SM001003
2025-09-22,57.2548,SM001003
2025-09-23,57.1403,SM001003
2025-09-24,56.7986,SM001003
2025-09-25,56.4517,SM001003
2025-09-26,55.7288,SM001003
2025-09-29,55.8885,SM001003
2025-09-30,55.8092,SM001003
2025-10-01,56.0191,SM001003
2025-10-03,56.2629,SM001003
2025-10-06,56.5027,SM001003
2025-10-07,56.591,SM001003
2025-10-08,56.3344,SM001003
2025-10-09,56.7145,SM001003
2025-10-10,56.9601,SM001003
2025-10-13,56.8369,SM001003
2025-10-14,56.5361,SM001003
2025-10-15,57.0037,SM001003
2025-10-16,57.445,SM001003
2025-10-17,57.5753,SM001003
2025-10-20,57.845,SM001003
2025-10-23,57.8267,SM001003
2025-10-24,57.6391,SM001003
2025-10-27,58.1237,SM001003
2025-10-28,58.0703,SM001003
2025-10-29,58.326,SM001003
2025-10-30,58.061,SM001003
2025-10-31,57.729,SM001003
2025-11-03,58.0239,SM001003
2025-11-04,57.6965,SM001003
2025-11-06,57.185,SM001003
2025-11-07,57.1063,SM001003
2025-11-10,57.4564,SM001003
2025-11-11,57.7729,SM001003
2025-11-12,58.063,SM001003
2025-11-13,58.0286,SM001003
2025-11-14,58.1102,SM001003
2025-11-17,58.3891,SM001003
2025-11-18,58.1178,SM001003
2025-11-19,58.3514,SM001003
2025-11-20,58.5391,SM001003
2025-11-21,58.1314,SM001003
2025-11-24,57.7899,SM001003
2025-11-25,57.8252,SM001003
2025-11-26,58.4791,SM001003
2025-11-27,58.458,SM001003
2025-11-28,58.4631,SM001003
2025-12-01,58.4071,SM001003
2025-12-02,58.1197,SM001003
2025-12-03,57.8249,SM001003
2025-12-04,57.8896,SM001003
2025-12-05,58.1876,SM001003
2025-12-08,57.4802,SM001003
2025-12-09,57.4456,SM001003
2025-12-10,57.2351,SM001003
2025-12-11,57.5494,SM001003
2025-12-12,57.9633,SM001003
2025-12-15,57.9054,SM001003
2025-12-16,57.5285,SM001003
2025-12-17,57.3804,SM001003
2025-12-18,57.4422,SM001003
2025-12-19,57.7498,SM001003
2025-12-22,58.1463,SM001003
2025-12-23,58.2066,SM001003
2025-12-24,58.068,SM001003
2025-12-26,57.8738,SM001003
2025-12-29,57.6917,SM001003
2025-12-30,57.6499,SM001003
2025-12-31,58.0932,SM001003
2026-01-01,58.2314,SM001003
2026-01-02,58.7832,SM001003
2026-01-05,58.6699,SM001003
2026-01-06,58.557,SM001003
2026-01-07,58.6022,SM001003
2026-01-08,57.7512,SM001003
2026-01-09,57.2633,SM001003
2026-01-12,57.3512,SM001003
2026-01-13,57.1815,SM001003
2026-01-14,57.287,SM001003
2026-01-16,57.3071,SM001003
2026-01-17,57.307,SM001003
2026-01-19,57.1694,SM001003
2026-01-20,56.24,SM001003
2026-01-21,56.0872,SM001003
2026-01-22,56.5872,SM001003
2026-01-23,55.8789,SM001003
2026-01-27,56.1194,SM001003
2026-01-28,56.7382,SM001003
2026-01-29,56.9687,SM001003
2026-01-30,56.7858,SM001003
2026-02-02,56.1361,SM001003
2026-02-03,57.5539,SM001003
2026-02-04,57.794,SM001003
2026-02-05,57.6427,SM001003
2026-02-06,57.683,SM001003
2026-02-09,58.3835,SM001003
2026-02-10,58.498,SM001003
2026-02-11,58.6357,SM001003
2026-02-12,58.4525,SM001003
2026-02-13,57.7477,SM001003
2026-02-16,58.1895,SM001003
2026-02-17,58.3071,SM001003
2026-02-18,58.523,SM001003
2026-02-20,58.0075,SM001003
2026-02-23,58.3173,SM001003
2026-02-24,57.9177,SM001003
2026-02-25,58.1468,SM001003
2026-02-26,58.2956,SM001003
2026-02-27,57.6231,SM001003
2026-03-02,56.8819,SM001003
2026-03-04,55.8538,SM001003
2026-03-05,56.5963,SM001003
2026-03-06,56.018,SM001003
2026-03-09,55.0257,SM001003
2026-03-10,55.6948,SM001003
2026-03-11,55.0268,SM001003
2026-03-12,54.7136,SM001003
2026-03-13,53.437,SM001003
2026-03-16,53.7282,SM001003
2026-03-17,54.1419,SM001003
2026-03-18,54.67,SM001003
2026-03-20,53.3649,SM001003
2026-03-23,51.8367,SM001003
2026-03-24,52.8008,SM001003
2026-03-25,53.7971,SM001003
2026-03-27,52.7079,SM001003
2026-03-30,51.6234,SM001003
2026-03-31,51.6234,SM001003
2026-04-01,51.6234,SM001025
2026-04-02,52.5434,SM001025
2026-04-06,53.1519,SM001025
2026-04-07,53.4521,SM001025
2026-04-08,55.2707,SM001025
2026-04-09,54.9611,SM001025
2026-04-10,55.6616,SM001025
2026-04-13,55.256,SM001025
2026-04-15,56.0991,SM001025
2026-04-16,56.2117,SM001025
2026-04-17,56.7566,SM001025
2026-04-20,56.8344,SM001025
2026-04-21,57.2352,SM001025
2026-04-22,57.0238,SM001025
2026-04-23,56.6604,SM001025
2026-04-24,56.1286,SM001025
2026-04-27,56.684,SM001025
2026-04-28,56.5238,SM001025
2026-04-29,56.6651,SM001025
2026-04-30,56.1937,SM001025
2026-05-02,56.1933,SM001025
2026-05-04,56.4264,SM001025
2026-05-05,56.3751,SM001025
2026-05-06,57.0455,SM001025
2026-05-07,57.1057,SM001025
2026-05-08,56.7925,SM001025
2026-05-11,55.9055,SM001025
2026-05-12,54.8309,SM001025
2026-05-13,54.9583,SM001025
2026-05-14,55.5871,SM001025
2026-05-15,55.4156,SM001025
2026-05-18,55.3219,SM001025
2026-05-19,55.4056,SM001025
2026-05-20,55.5988,SM001025
2026-05-21,55.5781,SM001025
2026-05-22,55.6672,SM001025
2026-05-25,56.2534,SM001025
2026-05-26,56.0605,SM001025
2026-05-27,56.3479,SM001025
2026-05-29,55.4997,SM001025
2026-06-01,54.9889,SM001025
2026-06-02,55.1773,SM001025
2026-06-03,55.0295,SM001025
2026-06-04,55.0849,SM001025
2026-06-05,54.9609,SM001025
2026-06-08,54.3549,SM001025
2026-06-09,54.7481,SM001025
2026-06-10,54.4584,SM001025
2026-06-11,54.2184,SM001025
2026-06-12,55.2686,SM001025
2026-06-15,55.8711,SM001025
2026-06-16,56.0768,SM001025
2026-06-17,56.4785,SM001025
2026-06-18,56.7021,SM001025
2026-06-19,56.6256,SM001025
2026-06-22,56.9199,SM001025
2026-06-23,56.3327,SM001025
2026-06-24,56.5492,SM001025
2026-06-25,56.5307,SM001025
2026-06-29,56.3554,SM001025
2026-06-30,56.3202,SM001025
2026-07-01,56.5751,SM001025
2026-07-02,56.8436,SM001025
2026-07-03,56.862,SM001025
2026-07-06,57.1896,SM001025
2026-07-07,57.1018,SM001025
2026-07-08,56.0547,SM001025
2026-07-09,56.348,SM001025
2026-07-10,56.9464,SM001025
2026-07-11,56.9462,SM001025
2026-07-13,56.9377,SM001025
2026-07-14,56.6362,SM001025
2026-07-15,56.8558,SM001025
2026-07-16,56.8269,SM001025
2026-07-17,57.0722,SM001025
2026-07-20,57.1667,SM001025
2026-07-21,57.1134,SM001025
2026-07-22,56.6093,SM001025
2026-07-23,56.3158,SM001025
2026-07-24,56.154,SM001025
2026-07-25,56.1538,SM001025
2026-07-27,56.6976,SM001025
2026-07-28,56.4562,SM001025
2026-07-29,56.9904,SM001025
2026-07-30,57.1198,SM001025
2026-07-31,57.3429,SM001025
2026-08-01,57.3427,SM001025
2026-08-03,58.0517,SM001025
2026-08-04,57.8194,SM001025
2026-08-05,57.8892,SM001025
2026-08-06,57.8399,SM001025
2026-08-07,57.851,SM001025
2026-08-10,57.8628,SM001025
2026-08-11,57.6824,SM001025
2026-08-12,57.7399,SM001025
2026-08-13,57.7184,SM001025
2026-08-14,57.6138,SM001025
2026-08-17,57.5043,SM001025
2026-08-18,57.2259,SM001025
2026-08-19,57.0312,SM001025
2026-08-20,57.2958,SM001025
2026-08-21,57.2798,SM001025
2026-08-24,57.2589,SM001025
2026-08-25,57.5807,SM001025
2026-08-27,57.2287,SM001025
2026-08-28,57.2787,SM001025
2026-08-29,57.2785,SM001025
2026-08-31,57.3639,SM001025
2026-09-01,56.9853,SM001025
2026-09-02,56.7354,SM001025
2026-09-03,56.7141,SM001025
2026-09-04,56.6797,SM001025
2026-09-07,56.4007,SM001025
2026-09-08,56.2649,SM001025
2026-09-09,55.9817,SM001025
2026-09-10,55.9273,SM001025
2026-09-11,55.7438,SM001025
2026-09-15,54.8587,SM001025
2026-09-16,54.9931,SM001025
2026-09-17,55.2957,SM001025
2026-09-18,55.6983,SM001025
2026-09-21,55.8522,SM001025
2026-09-22,55.6749,SM001025
2026-09-23,56,SM001025
2026-09-24,54.8466,SM001025
2026-09-25,54.9612,SM001025
